mtllib Asset 1.mtl
# Vertex Positions: 
g groupNumber_0
v 12.5854 3.91135 -1.95915
v 12.5901 4.04402 -1.95915
v 12.5849 4.18318 -1.95915
v 12.5693 4.3218 -1.95915
v 12.5434 4.45926 -1.95915
v 12.5072 4.59496 -1.95915
v 12.4608 4.72827 -1.95915
v 12.4043 4.8586 -1.95915
v 12.3376 4.98532 -1.95915
v 12.2609 5.10781 -1.95915
v 12.1784 5.21793 -1.95915
v 12.0895 5.31727 -1.95915
v 11.9933 5.41038 -1.95915
v 11.8887 5.50181 -1.95915
v 11.7716 5.59046 -1.95915
v 11.6416 5.67027 -1.95915
v 11.5014 5.74033 -1.95915
v 11.354 5.7997 -1.95915
v 11.202 5.84749 -1.95915
v 11.0482 5.88275 -1.95915
v 10.8955 5.90459 -1.95915
v 10.7466 5.91207 -1.95915
v 10.6292 5.90684 -1.95915
v 10.4697 5.88635 -1.95915
v 10.3148 5.85453 -1.95915
v 10.1646 5.81118 -1.95915
v 10.0193 5.75614 -1.95915
v 9.87886 5.68921 -1.95915
v 9.74352 5.61022 -1.95915
v 9.61336 5.51898 -1.95915
v 9.48851 5.41531 -1.95915
v 9.22602 5.10125 -1.95915
v 9.17746 5.03894 -1.95915
v 9.1342 4.97496 -1.95915
v 9.09584 4.90941 -1.95915
v 9.062 4.84238 -1.95915
v 9.03226 4.77398 -1.95915
v 9.00623 4.7043 -1.95915
v 8.98351 4.63345 -1.95915
v 8.96371 4.56152 -1.95915
v 8.94641 4.48861 -1.95915
v 8.93122 4.41483 -1.95915
v 8.91775 4.34026 -1.95915
v 8.9056 4.26502 -1.95915
v 8.89435 4.18919 -1.95915
v 8.88362 4.11288 -1.95915
v 8.87301 4.03619 -1.95915
v 8.86212 3.95921 -1.95915
v 8.81757 3.68689 -1.95915
v 8.76335 3.41774 -1.95915
v 8.69954 3.15192 -1.95915
v 8.62626 2.88958 -1.95915
v 8.54359 2.63087 -1.95915
v 8.45165 2.37596 -1.95915
v 8.35053 2.12501 -1.95915
v 8.24032 1.87816 -1.95915
v 8.12114 1.63557 -1.95915
v 7.99307 1.3974 -1.95915
v 7.85623 1.1638 -1.95915
v 7.7107 0.934941 -1.95915
v 7.55659 0.710965 -1.95915
v 7.394 0.492032 -1.95915
v 7.22302 0.278299 -1.95915
v 7.04376 0.069922 -1.95915
v 6.38416 -0.589165 -1.95915
v 6.20276 -0.755954 -1.95915
v 6.01085 -0.907426 -1.95915
v 5.81002 -1.04665 -1.95915
v 5.60186 -1.1767 -1.95915
v 5.50167 -1.22724 -1.95915
v 5.39775 -1.26226 -1.95915
v 5.29138 -1.28264 -1.95915
v 5.18385 -1.28923 -1.95915
v 5.07976 -1.28331 -1.95915
v 4.97695 -1.26607 -1.95915
v 4.88824 -1.24244 -1.95915
v 4.80429 -1.21224 -1.95915
v 4.72524 -1.1758 -1.95915
v 4.65121 -1.13344 -1.95915
v 4.58235 -1.08548 -1.95915
v 4.51878 -1.03224 -1.95915
v 4.46063 -0.974023 -1.95915
v 4.40804 -0.911164 -1.95915
v 4.36114 -0.843978 -1.95915
v 4.32006 -0.772784 -1.95915
v 4.28494 -0.697901 -1.95915
v 4.25591 -0.619647 -1.95915
v 4.2331 -0.538343 -1.95915
v 4.21664 -0.454307 -1.95915
v 4.20667 -0.367857 -1.95915
v 4.20332 -0.279314 -1.95915
v 4.2063 -0.194781 -1.95915
v 4.20733 -0.164456 -1.95915
v 4.20421 -0.105151 -1.95915
v 4.19734 -0.0463292 -1.95915
v 4.19047 0.0128519 -1.95915
v 4.18735 0.0732344 -1.95915
v 4.1911 0.131293 -1.95915
v 4.20438 0.191804 -1.95915
v 4.21989 0.509869 -1.95915
v 4.2407 0.677031 -1.95915
v 4.2664 0.842856 -1.95915
v 4.297 1.00727 -1.95915
v 4.3325 1.17021 -1.95915
v 4.3729 1.33159 -1.95915
v 4.41822 1.49135 -1.95915
v 4.46846 1.64942 -1.95915
v 4.52362 1.80573 -1.95915
v 4.58372 1.9602 -1.95915
v 4.64874 2.11277 -1.95915
v 4.71871 2.26337 -1.95915
v 4.79363 2.41191 -1.95915
v 4.87349 2.55835 -1.95915
v 4.95832 2.70259 -1.95915
v 5.04811 2.84458 -1.95915
v 5.14286 2.98423 -1.95915
v 5.19591 3.06519 -1.95915
v 5.24331 3.14836 -1.95915
v 5.28557 3.23355 -1.95915
v 5.3232 3.32058 -1.95915
v 5.3567 3.40925 -1.95915
v 5.38657 3.49938 -1.95915
v 5.41333 3.59078 -1.95915
v 5.43747 3.68326 -1.95915
v 5.45607 3.77073 -1.95915
v 5.46919 3.85993 -1.95915
v 5.47696 3.95051 -1.95915
v 5.47952 4.04212 -1.95915
v 5.47235 4.19871 -1.95915
v 5.45129 4.35553 -1.95915
v 5.41701 4.51086 -1.95915
v 5.37018 4.663 -1.95915
v 5.31149 4.81024 -1.95915
v 5.2416 4.95086 -1.95915
v 5.16118 5.08314 -1.95915
v 5.07092 5.20538 -1.95915
v 5.00285 5.28455 -1.95915
v 4.93078 5.35981 -1.95915
v 4.85497 5.431 -1.95915
v 4.77564 5.49796 -1.95915
v 4.69305 5.56051 -1.95915
v 4.60743 5.61849 -1.95915
v 4.51903 5.67174 -1.95915
v 4.42809 5.72009 -1.95915
v 4.33486 5.76337 -1.95915
v 4.23957 5.80142 -1.95915
v 4.14247 5.83407 -1.95915
v 4.04381 5.86116 -1.95915
v 3.94382 5.88252 -1.95915
v 3.84275 5.89798 -1.95915
v 3.74084 5.90737 -1.95915
v 3.63833 5.91054 -1.95915
v 3.47196 5.90207 -1.95915
v 3.3491 5.88572 -1.95915
v 3.2288 5.86218 -1.95915
v 3.11133 5.83157 -1.95915
v 2.99694 5.79403 -1.95915
v 2.88588 5.74968 -1.95915
v 2.77841 5.69865 -1.95915
v 2.67478 5.64106 -1.95915
v 2.57526 5.57704 -1.95915
v 2.4801 5.50673 -1.95915
v 2.38956 5.43024 -1.95915
v 2.30388 5.34771 -1.95915
v 2.22334 5.25925 -1.95915
v 2.14817 5.16501 -1.95915
v 2.07865 5.0651 -1.95915
v 2.01503 4.95965 -1.95915
v 1.95756 4.84879 -1.95915
v 1.91562 4.75487 -1.95915
v 1.87872 4.65888 -1.95915
v 1.84702 4.5611 -1.95915
v 1.8207 4.46181 -1.95915
v 1.79992 4.36129 -1.95915
v 1.78487 4.25981 -1.95915
v 1.77572 4.15764 -1.95915
v 1.77263 4.05507 -1.95915
v 1.77806 3.92037 -1.95915
v 1.79461 3.78608 -1.95915
v 1.8135 3.6836 -1.95915
v 1.83609 3.58356 -1.95915
v 1.86298 3.48581 -1.95915
v 1.89476 3.39023 -1.95915
v 1.93201 3.29671 -1.95915
v 1.97534 3.20511 -1.95915
v 2.02533 3.11531 -1.95915
v 2.08258 3.02718 -1.95915
v 2.181 2.88176 -1.95915
v 2.27443 2.73414 -1.95915
v 2.36281 2.58434 -1.95915
v 2.4461 2.4324 -1.95915
v 2.52424 2.27834 -1.95915
v 2.59718 2.12219 -1.95915
v 2.66489 1.96398 -1.95915
v 2.72731 1.80373 -1.95915
v 2.7844 1.64148 -1.95915
v 2.83609 1.47726 -1.95915
v 2.88236 1.31108 -1.95915
v 2.92315 1.14299 -1.95915
v 2.95841 0.973012 -1.95915
v 2.98809 0.801169 -1.95915
v 3.01215 0.627493 -1.95915
v 3.03053 0.452013 -1.95915
v 3.03497 -0.391438 -1.95915
v 3.03208 -0.462166 -1.95915
v 3.02358 -0.527354 -1.95915
v 3.00981 -0.590887 -1.95915
v 2.99107 -0.652603 -1.95915
v 2.96769 -0.712339 -1.95915
v 2.93998 -0.769931 -1.95915
v 2.90826 -0.825219 -1.95915
v 2.87284 -0.878038 -1.95915
v 2.83405 -0.928226 -1.95915
v 2.79219 -0.975621 -1.95915
v 2.74759 -1.02006 -1.95915
v 2.70056 -1.06138 -1.95915
v 2.65142 -1.09942 -1.95915
v 2.60049 -1.13402 -1.95915
v 2.54807 -1.16501 -1.95915
v 2.49449 -1.19223 -1.95915
v 2.39021 -1.23455 -1.95915
v 2.28553 -1.26449 -1.95915
v 2.18096 -1.28227 -1.95915
v 2.07701 -1.28815 -1.95915
v 1.99765 -1.2847 -1.95915
v 1.91919 -1.27443 -1.95915
v 1.84187 -1.25745 -1.95915
v 1.76592 -1.23387 -1.95915
v 1.69157 -1.2038 -1.95915
v 1.61905 -1.16734 -1.95915
v 1.54861 -1.12461 -1.95915
v 1.48047 -1.07572 -1.95915
v 0.979912 -0.687184 -1.95915
v 0.673842 -0.412383 -1.95915
v 0.559761 -0.306735 -1.95915
v 0.45196 -0.200571 -1.95915
v 0.346731 -0.0909809 -1.95915
v 0.240364 0.0249438 -1.95915
v 0.0617276 0.230604 -1.95915
v -0.108865 0.442032 -1.95915
v -0.271333 0.659002 -1.95915
v -0.425593 0.881285 -1.95915
v -0.571564 1.10866 -1.95915
v -0.709163 1.34088 -1.95915
v -0.83831 1.57775 -1.95915
v -0.958921 1.81901 -1.95915
v -1.07091 2.06446 -1.95915
v -1.17421 2.31385 -1.95915
v -1.26872 2.56697 -1.95915
v -1.35437 2.82358 -1.95915
v -1.43108 3.08346 -1.95915
v -1.49875 3.34638 -1.95915
v -1.55732 3.61212 -1.95915
v -1.6067 3.88044 -1.95915
v -1.67421 4.37819 -1.95915
v -1.70759 4.52893 -1.95915
v -1.75301 4.67464 -1.95915
v -1.80987 4.81481 -1.95915
v -1.87759 4.94894 -1.95915
v -1.95558 5.07653 -1.95915
v -2.04326 5.19707 -1.95915
v -2.14003 5.31007 -1.95915
v -2.2453 5.41501 -1.95915
v -2.35849 5.51139 -1.95915
v -2.47902 5.59872 -1.95915
v -2.60628 5.67648 -1.95915
v -2.73969 5.74417 -1.95915
v -2.87867 5.80129 -1.95915
v -3.02262 5.84734 -1.95915
v -3.17096 5.88181 -1.95915
v -3.3231 5.9042 -1.95915
v -3.43158 5.91273 -1.95915
v -3.53986 5.91556 -1.95915
v -3.67089 5.91141 -1.95915
v -3.80077 5.89904 -1.95915
v -3.92905 5.87857 -1.95915
v -4.05525 5.85011 -1.95915
v -4.17891 5.81379 -1.95915
v -4.29957 5.76972 -1.95915
v -4.41676 5.71802 -1.95915
v -4.53003 5.65881 -1.95915
v -4.6389 5.59221 -1.95915
v -4.74291 5.51833 -1.95915
v -4.8416 5.43731 -1.95915
v -4.93451 5.34924 -1.95915
v -5.02117 5.25426 -1.95915
v -5.10111 5.15248 -1.95915
v -5.17388 5.04403 -1.95915
v -5.23901 4.92901 -1.95915
v -5.29103 4.82094 -1.95915
v -5.33622 4.71129 -1.95915
v -5.37455 4.60033 -1.95915
v -5.40598 4.48832 -1.95915
v -5.43049 4.37555 -1.95915
v -5.44804 4.26228 -1.95915
v -5.45859 4.1488 -1.95915
v -5.46212 4.03536 -1.95915
v -5.45764 3.90806 -1.95915
v -5.44416 3.78157 -1.95915
v -5.42164 3.65627 -1.95915
v -5.39002 3.53255 -1.95915
v -5.34927 3.41081 -1.95915
v -5.29933 3.29142 -1.95915
v -5.24016 3.17479 -1.95915
v -5.17171 3.06129 -1.95915
v -5.04902 2.86988 -1.95915
v -4.9321 2.67808 -1.95915
v -4.82171 2.4847 -1.95915
v -4.71862 2.28856 -1.95915
v -4.62361 2.08848 -1.95915
v -4.53745 1.88327 -1.95915
v -4.4609 1.67175 -1.95915
v -4.39475 1.45274 -1.95915
v -4.36027 1.3269 -1.95915
v -4.3262 1.20105 -1.95915
v -4.29383 1.07493 -1.95915
v -4.26443 0.948265 -1.95915
v -4.23928 0.820797 -1.95915
v -4.21966 0.692257 -1.95915
v -4.20684 0.56238 -1.95915
v -4.20211 0.430898 -1.95915
v -4.20082 -0.22093 -1.95915
v -4.21959 -0.33223 -1.95915
v -4.25226 -0.440138 -1.95915
v -4.29744 -0.543678 -1.95915
v -4.35371 -0.641877 -1.95915
v -4.41967 -0.733761 -1.95915
v -4.49392 -0.818355 -1.95915
v -4.57504 -0.894685 -1.95915
v -4.66162 -0.961776 -1.95915
v -4.73581 -1.00976 -1.95915
v -4.81134 -1.05103 -1.95915
v -4.88801 -1.0857 -1.95915
v -4.96559 -1.11386 -1.95915
v -5.04387 -1.13559 -1.95915
v -5.12264 -1.151 -1.95915
v -5.20167 -1.16018 -1.95915
v -5.28075 -1.16322 -1.95915
v -5.37441 -1.15898 -1.95915
v -5.46747 -1.14638 -1.95915
v -5.55956 -1.12557 -1.95915
v -5.65033 -1.09672 -1.95915
v -5.7394 -1.05997 -1.95915
v -5.82641 -1.01548 -1.95915
v -5.911 -0.963416 -1.95915
v -5.99281 -0.903933 -1.95915
v -6.19148 -0.742778 -1.95915
v -6.38473 -0.575986 -1.95915
v -6.57236 -0.403625 -1.95915
v -6.75417 -0.225762 -1.95915
v -6.92996 -0.0424644 -1.95915
v -7.09953 0.146201 -1.95915
v -7.26267 0.340166 -1.95915
v -7.41919 0.539365 -1.95915
v -7.56889 0.743729 -1.95915
v -7.71157 0.953191 -1.95915
v -7.84702 1.16769 -1.95915
v -7.97505 1.38714 -1.95915
v -8.09545 1.6115 -1.95915
v -8.20803 1.84068 -1.95915
v -8.31259 2.07463 -1.95915
v -8.40892 2.31327 -1.95915
v -8.49153 2.53555 -1.95915
v -8.5688 2.75825 -1.95915
v -8.63981 2.98184 -1.95915
v -8.70365 3.20679 -1.95915
v -8.75943 3.43358 -1.95915
v -8.80623 3.66268 -1.95915
v -8.84315 3.89456 -1.95915
v -8.86928 4.1297 -1.95915
v -8.89146 4.30336 -1.95915
v -8.92729 4.47187 -1.95915
v -8.97629 4.63452 -1.95915
v -9.03796 4.79064 -1.95915
v -9.11181 4.93954 -1.95915
v -9.19733 5.08055 -1.95915
v -9.29403 5.21298 -1.95915
v -9.40143 5.33614 -1.95915
v -9.51902 5.44937 -1.95915
v -9.6463 5.55196 -1.95915
v -9.78279 5.64325 -1.95915
v -9.92799 5.72255 -1.95915
v -10.0814 5.78917 -1.95915
v -10.2425 5.84244 -1.95915
v -10.4109 5.88167 -1.95915
v -10.586 5.90618 -1.95915
v -10.6466 5.91055 -1.95915
v -10.704 5.91192 -1.95915
v -10.7748 5.91006 -1.95915
v -10.851 5.90497 -1.95915
v -11.0181 5.88426 -1.95915
v -11.18 5.84966 -1.95915
v -11.3361 5.8018 -1.95915
v -11.4858 5.74125 -1.95915
v -11.6286 5.66863 -1.95915
v -11.7637 5.58454 -1.95915
v -11.8908 5.48958 -1.95915
v -12.0091 5.38435 -1.95915
v -12.1182 5.26946 -1.95915
v -12.2174 5.14549 -1.95915
v -12.3062 5.01307 -1.95915
v -12.3839 4.87278 -1.95915
v -12.4501 4.72522 -1.95915
v -12.5041 4.57101 -1.95915
v -12.5454 4.41074 -1.95915
v -12.5734 4.24502 -1.95915
v -12.5856 4.12776 -1.95915
v -12.5901 4.01711 -1.95915
v -12.5882 3.94931 -1.95915
v -12.5821 3.88033 -1.95915
v -12.5713 3.80873 -1.95915
v -12.5554 3.7331 -1.95915
v -12.5341 3.64566 -1.95915
v -12.5109 3.55773 -1.95915
v -12.4852 3.46988 -1.95915
v -12.456 3.38269 -1.95915
v -12.4225 3.29673 -1.95915
v -12.3838 3.21257 -1.95915
v -12.3391 3.13079 -1.95915
v -12.2877 3.05196 -1.95915
v -12.1684 2.87802 -1.95915
v -12.0568 2.70072 -1.95915
v -11.9528 2.52028 -1.95915
v -11.8565 2.33693 -1.95915
v -11.7679 2.15088 -1.95915
v -11.6869 1.96238 -1.95915
v -11.6135 1.77163 -1.95915
v -11.5479 1.57888 -1.95915
v -11.49 1.38434 -1.95915
v -11.4397 1.18824 -1.95915
v -11.3972 0.990807 -1.95915
v -11.3624 0.792268 -1.95915
v -11.3353 0.592847 -1.95915
v -11.3159 0.392771 -1.95915
v -11.3043 0.192265 -1.95915
v -11.3004 -0.00844417 -1.95915
v -11.304 -0.201292 -1.95915
v -11.3147 -0.39392 -1.95915
v -11.3327 -0.586126 -1.95915
v -11.3578 -0.77771 -1.95915
v -11.3901 -0.968472 -1.95915
v -11.4296 -1.15821 -1.95915
v -11.4763 -1.34673 -1.95915
v -11.5302 -1.53382 -1.95915
v -11.5913 -1.71929 -1.95915
v -11.6597 -1.90293 -1.95915
v -11.7352 -2.08455 -1.95915
v -11.8181 -2.26395 -1.95915
v -11.9081 -2.44092 -1.95915
v -12.0055 -2.61526 -1.95915
v -12.11 -2.78677 -1.95915
v -12.2219 -2.95526 -1.95915
v -12.2846 -3.051 -1.95915
v -12.341 -3.14767 -1.95915
v -12.3913 -3.24567 -1.95915
v -12.4359 -3.34539 -1.95915
v -12.475 -3.44725 -1.95915
v -12.5089 -3.55163 -1.95915
v -12.5379 -3.65894 -1.95915
v -12.5623 -3.76958 -1.95915
v -12.583 -3.90561 -1.95915
v -12.5895 -4.03275 -1.95915
v -12.5834 -4.16199 -1.95915
v -12.5664 -4.2998 -1.95915
v -12.5329 -4.47117 -1.95915
v -12.4851 -4.63607 -1.95915
v -12.4238 -4.79387 -1.95915
v -12.3497 -4.94394 -1.95915
v -12.2636 -5.08563 -1.95915
v -12.1661 -5.21832 -1.95915
v -12.0582 -5.34138 -1.95915
v -11.9404 -5.45417 -1.95915
v -11.8135 -5.55607 -1.95915
v -11.6783 -5.64643 -1.95915
v -11.5355 -5.72462 -1.95915
v -11.3859 -5.79002 -1.95915
v -11.2301 -5.84198 -1.95915
v -11.069 -5.87989 -1.95915
v -10.9033 -5.90309 -1.95915
v -10.7337 -5.91097 -1.95915
v -10.6328 -5.90821 -1.95915
v -10.531 -5.89984 -1.95915
v -10.3572 -5.87248 -1.95915
v -10.1896 -5.82969 -1.95915
v -10.029 -5.77224 -1.95915
v -9.87587 -5.70093 -1.95915
v -9.73105 -5.61656 -1.95915
v -9.59521 -5.5199 -1.95915
v -9.46903 -5.41174 -1.95915
v -9.35319 -5.29289 -1.95915
v -9.2484 -5.16412 -1.95915
v -9.15533 -5.02622 -1.95915
v -9.07469 -4.87999 -1.95915
v -9.00716 -4.72621 -1.95915
v -8.95344 -4.56567 -1.95915
v -8.91421 -4.39917 -1.95915
v -8.89016 -4.22748 -1.95915
v -8.882 -4.05141 -1.95915
v -8.88789 -3.90094 -1.95915
v -8.90353 -3.76513 -1.95915
v -8.92874 -3.63293 -1.95915
v -8.96325 -3.5042 -1.95915
v -9.00677 -3.3788 -1.95915
v -9.05904 -3.25658 -1.95915
v -9.11977 -3.13741 -1.95915
v -9.18869 -3.02115 -1.95915
v -9.26553 -2.90765 -1.95915
v -9.34711 -2.78921 -1.95915
v -9.42522 -2.66576 -1.95915
v -9.49977 -2.53778 -1.95915
v -9.5707 -2.40574 -1.95915
v -9.63794 -2.27015 -1.95915
v -9.70141 -2.13147 -1.95915
v -9.76103 -1.9902 -1.95915
v -9.81675 -1.84681 -1.95915
v -9.86848 -1.7018 -1.95915
v -9.91615 -1.55565 -1.95915
v -9.9597 -1.40883 -1.95915
v -9.99904 -1.26185 -1.95915
v -10.0341 -1.11517 -1.95915
v -10.0648 -0.969284 -1.95915
v -10.0911 -0.824679 -1.95915
v -10.113 -0.681836 -1.95915
v -10.1405 -0.353062 -1.95915
v -10.1505 -0.206561 -1.95915
v -10.1543 -0.0630598 -1.95915
v -10.1488 0.0962081 -1.95915
v -10.1305 0.258649 -1.95915
v -10.1023 0.384928 -1.95915
v -10.0587 0.504054 -1.95915
v -10.0015 0.615244 -1.95915
v -9.93245 0.71771 -1.95915
v -9.85315 0.810669 -1.95915
v -9.76534 0.893333 -1.95915
v -9.67072 0.964917 -1.95915
v -9.57099 1.02464 -1.95915
v -9.44368 1.08233 -1.95915
v -9.31283 1.12375 -1.95915
v -9.18005 1.14873 -1.95915
v -9.04694 1.15709 -1.95915
v -8.91827 1.14907 -1.95915
v -8.79231 1.12493 -1.95915
v -8.67053 1.0845 -1.95915
v -8.55443 1.02763 -1.95915
v -8.38728 0.923307 -1.95915
v -8.22919 0.809055 -1.95915
v -8.07928 0.684904 -1.95915
v -7.93666 0.550882 -1.95915
v -7.27647 -0.10775 -1.95915
v -7.11673 -0.296222 -1.95915
v -6.9636 -0.489118 -1.95915
v -6.81717 -0.686309 -1.95915
v -6.6775 -0.887664 -1.95915
v -6.54464 -1.09306 -1.95915
v -6.41867 -1.30235 -1.95915
v -6.29965 -1.51543 -1.95915
v -6.18763 -1.73215 -1.95915
v -6.08269 -1.95239 -1.95915
v -5.98489 -2.17603 -1.95915
v -5.8943 -2.40292 -1.95915
v -5.81097 -2.63294 -1.95915
v -5.73497 -2.86596 -1.95915
v -5.66637 -3.10186 -1.95915
v -5.60522 -3.3405 -1.95915
v -5.5516 -3.58176 -1.95915
v -5.50302 -3.88828 -1.95915
v -5.48872 -3.98374 -1.95915
v -5.47545 -4.07882 -1.95915
v -5.4622 -4.1735 -1.95915
v -5.44799 -4.26777 -1.95915
v -5.43179 -4.36162 -1.95915
v -5.4126 -4.45502 -1.95915
v -5.38943 -4.54797 -1.95915
v -5.36127 -4.64044 -1.95915
v -5.3054 -4.78768 -1.95915
v -5.23972 -4.92681 -1.95915
v -5.16466 -5.05763 -1.95915
v -5.08065 -5.17995 -1.95915
v -4.98812 -5.29359 -1.95915
v -4.8875 -5.39835 -1.95915
v -4.77921 -5.49404 -1.95915
v -4.66369 -5.58047 -1.95915
v -4.54137 -5.65744 -1.95915
v -4.41268 -5.72478 -1.95915
v -4.27804 -5.78228 -1.95915
v -4.13789 -5.82975 -1.95915
v -3.99266 -5.86701 -1.95915
v -3.84278 -5.89386 -1.95915
v -3.68867 -5.9101 -1.95915
v -3.53077 -5.91556 -1.95915
v -3.42761 -5.91329 -1.95915
v -3.26688 -5.89928 -1.95915
v -3.10988 -5.87183 -1.95915
v -2.95728 -5.83153 -1.95915
v -2.80974 -5.77891 -1.95915
v -2.66793 -5.71456 -1.95915
v -2.53251 -5.63903 -1.95915
v -2.40416 -5.55287 -1.95915
v -2.28354 -5.45665 -1.95915
v -2.17131 -5.35094 -1.95915
v -2.06815 -5.23629 -1.95915
v -1.97471 -5.11326 -1.95915
v -1.89167 -4.98242 -1.95915
v -1.81969 -4.84432 -1.95915
v -1.75944 -4.69953 -1.95915
v -1.71159 -4.54861 -1.95915
v -1.6768 -4.39212 -1.95915
v -1.65394 -4.2202 -1.95915
v -1.64646 -4.05311 -1.95915
v -1.65338 -3.89457 -1.95915
v -1.67374 -3.74 -1.95915
v -1.70697 -3.58911 -1.95915
v -1.75251 -3.4416 -1.95915
v -1.80978 -3.29716 -1.95915
v -1.8782 -3.15549 -1.95915
v -1.95721 -3.0163 -1.95915
v -2.04623 -2.87928 -1.95915
v -2.14314 -2.73295 -1.95915
v -2.23394 -2.58397 -1.95915
v -2.31872 -2.43249 -1.95915
v -2.39755 -2.27861 -1.95915
v -2.47053 -2.12248 -1.95915
v -2.53774 -1.96421 -1.95915
v -2.59927 -1.80393 -1.95915
v -2.65521 -1.64178 -1.95915
v -2.70564 -1.47786 -1.95915
v -2.75065 -1.31232 -1.95915
v -2.79032 -1.14528 -1.95915
v -2.82474 -0.976858 -1.95915
v -2.85401 -0.807189 -1.95915
v -2.87819 -0.636398 -1.95915
v -2.89739 -0.464611 -1.95915
v -2.91168 -0.291955 -1.95915
v -2.91391 0.17384 -1.95915
v -2.91098 0.242757 -1.95915
v -2.90243 0.305699 -1.95915
v -2.88872 0.366559 -1.95915
v -2.87029 0.425694 -1.95915
v -2.84755 0.48346 -1.95915
v -2.82097 0.540214 -1.95915
v -2.79095 0.596311 -1.95915
v -2.75795 0.652107 -1.95915
v -2.67313 0.77213 -1.95915
v -2.57677 0.876986 -1.95915
v -2.47039 0.966418 -1.95915
v -2.35551 1.04017 -1.95915
v -2.23367 1.09797 -1.95915
v -2.10638 1.13959 -1.95915
v -1.97517 1.16474 -1.95915
v -1.84156 1.17318 -1.95915
v -1.7508 1.16931 -1.95915
v -1.66012 1.15762 -1.95915
v -1.56997 1.13805 -1.95915
v -1.48083 1.11052 -1.95915
v -1.39316 1.07494 -1.95915
v -1.30743 1.03124 -1.95915
v -1.22411 0.979333 -1.95915
v -1.14366 0.919147 -1.95915
v -0.710474 0.565604 -1.95915
v -0.0402156 -0.107899 -1.95915
v 0.143299 -0.326014 -1.95915
v 0.318094 -0.550061 -1.95915
v 0.484045 -0.779804 -1.95915
v 0.641026 -1.01501 -1.95915
v 0.788908 -1.25544 -1.95915
v 0.927567 -1.50086 -1.95915
v 1.05688 -1.75104 -1.95915
v 1.17671 -2.00574 -1.95915
v 1.28694 -2.26472 -1.95915
v 1.38744 -2.52776 -1.95915
v 1.47809 -2.79461 -1.95915
v 1.55875 -3.06504 -1.95915
v 1.62931 -3.33882 -1.95915
v 1.68963 -3.61571 -1.95915
v 1.73959 -3.89548 -1.95915
v 1.77907 -4.17789 -1.95915
v 1.82959 -4.48902 -1.95915
v 1.86169 -4.59907 -1.95915
v 1.89979 -4.70768 -1.95915
v 1.94394 -4.8144 -1.95915
v 1.99422 -4.91874 -1.95915
v 2.05068 -5.02026 -1.95915
v 2.11339 -5.1185 -1.95915
v 2.18239 -5.21299 -1.95915
v 2.25777 -5.30327 -1.95915
v 2.32589 -5.37548 -1.95915
v 2.39729 -5.44325 -1.95915
v 2.47175 -5.50656 -1.95915
v 2.54905 -5.56538 -1.95915
v 2.629 -5.61967 -1.95915
v 2.71139 -5.6694 -1.95915
v 2.79599 -5.71455 -1.95915
v 2.88262 -5.75507 -1.95915
v 2.97106 -5.79095 -1.95915
v 3.06109 -5.82214 -1.95915
v 3.15252 -5.84862 -1.95915
v 3.24514 -5.87036 -1.95915
v 3.33872 -5.88732 -1.95915
v 3.43308 -5.89947 -1.95915
v 3.52799 -5.90679 -1.95915
v 3.62325 -5.90923 -1.95915
v 3.78867 -5.90184 -1.95915
v 3.95342 -5.87954 -1.95915
v 4.11642 -5.84218 -1.95915
v 4.27659 -5.78959 -1.95915
v 4.43283 -5.72161 -1.95915
v 4.58407 -5.63808 -1.95915
v 4.72921 -5.53884 -1.95915
v 4.86717 -5.42371 -1.95915
v 4.9888 -5.30251 -1.95915
v 5.09699 -5.17463 -1.95915
v 5.19168 -5.03995 -1.95915
v 5.27282 -4.89834 -1.95915
v 5.34036 -4.74964 -1.95915
v 5.39426 -4.59374 -1.95915
v 5.43445 -4.43048 -1.95915
v 5.46089 -4.25974 -1.95915
v 5.50136 -3.95392 -1.95915
v 5.55382 -3.65125 -1.95915
v 5.61815 -3.352 -1.95915
v 5.6942 -3.05647 -1.95915
v 5.78185 -2.76495 -1.95915
v 5.88096 -2.47773 -1.95915
v 5.99141 -2.19509 -1.95915
v 6.11305 -1.91733 -1.95915
v 6.24577 -1.64472 -1.95915
v 6.38941 -1.37757 -1.95915
v 6.54387 -1.11616 -1.95915
v 6.70899 -0.860776 -1.95915
v 6.88465 -0.611709 -1.95915
v 7.07072 -0.369247 -1.95915
v 7.26707 -0.13368 -1.95915
v 7.47355 0.0947036 -1.95915
v 7.79282 0.416441 -1.95915
v 7.88855 0.498594 -1.95915
v 7.98338 0.58152 -1.95915
v 8.07814 0.664324 -1.95915
v 8.17366 0.746109 -1.95915
v 8.27077 0.825979 -1.95915
v 8.37031 0.903036 -1.95915
v 8.4731 0.976385 -1.95915
v 8.57998 1.04513 -1.95915
v 8.69671 1.10521 -1.95915
v 8.81712 1.14721 -1.95915
v 8.94011 1.17188 -1.95915
v 9.06457 1.17994 -1.95915
v 9.19871 1.17092 -1.95915
v 9.33189 1.14448 -1.95915
v 9.46274 1.10151 -1.95915
v 9.58988 1.04292 -1.95915
v 9.64493 1.01209 -1.95915
v 9.69882 0.97843 -1.95915
v 9.75122 0.942028 -1.95915
v 9.80181 0.90297 -1.95915
v 9.85025 0.861341 -1.95915
v 9.89622 0.817227 -1.95915
v 9.93938 0.770714 -1.95915
v 9.97941 0.721887 -1.95915
v 10.016 0.670832 -1.95915
v 10.0487 0.617634 -1.95915
v 10.0774 0.562379 -1.95915
v 10.1016 0.505153 -1.95915
v 10.121 0.446041 -1.95915
v 10.1353 0.385129 -1.95915
v 10.1441 0.322502 -1.95915
v 10.1472 0.258246 -1.95915
v 10.148 -0.448288 -1.95915
v 10.1266 -0.655803 -1.95915
v 10.1068 -0.817198 -1.95915
v 10.0813 -0.976881 -1.95915
v 10.0501 -1.13484 -1.95915
v 10.0134 -1.29105 -1.95915
v 9.97141 -1.4455 -1.95915
v 9.92423 -1.59819 -1.95915
v 9.87202 -1.74908 -1.95915
v 9.81496 -1.89818 -1.95915
v 9.75321 -2.04545 -1.95915
v 9.68691 -2.1909 -1.95915
v 9.61623 -2.3345 -1.95915
v 9.54133 -2.47623 -1.95915
v 9.46236 -2.61609 -1.95915
v 9.37949 -2.75406 -1.95915
v 9.29286 -2.89013 -1.95915
v 9.20265 -3.02427 -1.95915
v 8.99265 -3.44979 -1.95915
v 8.91946 -3.76004 -1.95915
v 8.89445 -3.90692 -1.95915
v 8.88643 -4.05804 -1.95915
v 8.89003 -4.1633 -1.95915
v 8.90054 -4.26882 -1.95915
v 8.91748 -4.37391 -1.95915
v 8.94039 -4.47784 -1.95915
v 8.96883 -4.57992 -1.95915
v 9.00231 -4.67942 -1.95915
v 9.04039 -4.77565 -1.95915
v 9.0826 -4.86789 -1.95915
v 9.13352 -4.96453 -1.95915
v 9.18951 -5.05733 -1.95915
v 9.2503 -5.14614 -1.95915
v 9.31562 -5.23081 -1.95915
v 9.38517 -5.31119 -1.95915
v 9.45869 -5.38713 -1.95915
v 9.53589 -5.45847 -1.95915
v 9.6165 -5.52508 -1.95915
v 9.70023 -5.58679 -1.95915
v 9.78682 -5.64346 -1.95915
v 9.87597 -5.69494 -1.95915
v 9.96742 -5.74107 -1.95915
v 10.0609 -5.78171 -1.95915
v 10.1561 -5.8167 -1.95915
v 10.2527 -5.8459 -1.95915
v 10.3506 -5.86915 -1.95915
v 10.4509 -5.88722 -1.95915
v 10.5505 -5.90004 -1.95915
v 10.6493 -5.90769 -1.95915
v 10.7472 -5.91023 -1.95915
v 10.9231 -5.90188 -1.95915
v 11.095 -5.87711 -1.95915
v 11.2621 -5.8363 -1.95915
v 11.4239 -5.77984 -1.95915
v 11.5798 -5.70811 -1.95915
v 11.7289 -5.6215 -1.95915
v 11.8708 -5.5204 -1.95915
v 12.0048 -5.4052 -1.95915
v 12.1415 -5.26264 -1.95915
v 12.2601 -5.11012 -1.95915
v 12.3605 -4.94898 -1.95915
v 12.4427 -4.78056 -1.95915
v 12.5067 -4.60619 -1.95915
v 12.5525 -4.42722 -1.95915
v 12.5799 -4.24498 -1.95915
v 12.5891 -4.06082 -1.95915
v 12.5836 -3.918 -1.95915
v 12.5672 -3.77544 -1.95915
v 12.5397 -3.63377 -1.95915
v 12.5013 -3.49361 -1.95915
v 12.4518 -3.35558 -1.95915
v 12.3913 -3.22029 -1.95915
v 12.3198 -3.08836 -1.95915
v 12.2371 -2.96041 -1.95915
v 12.1416 -2.81905 -1.95915
v 12.0513 -2.67514 -1.95915
v 11.9663 -2.52878 -1.95915
v 11.8865 -2.38006 -1.95915
v 11.812 -2.22906 -1.95915
v 11.7426 -2.07589 -1.95915
v 11.6785 -1.92063 -1.95915
v 11.6195 -1.76338 -1.95915
v 11.5657 -1.60423 -1.95915
v 11.5171 -1.44326 -1.95915
v 11.4737 -1.28058 -1.95915
v 11.4354 -1.11627 -1.95915
v 11.4022 -0.950425 -1.95915
v 11.3741 -0.783139 -1.95915
v 11.3511 -0.614504 -1.95915
v 11.3332 -0.44461 -1.95915
v 11.3282 0.413679 -1.95915
v 11.387 0.886135 -1.95915
v 11.426 1.07355 -1.95915
v 11.4889 1.33799 -1.95915
v 11.5658 1.59598 -1.95915
v 11.656 1.84789 -1.95915
v 11.7588 2.09409 -1.95915
v 11.8735 2.33494 -1.95915
v 11.9994 2.57082 -1.95915
v 12.136 2.80209 -1.95915
v 12.2824 3.02912 -1.95915
v 12.3549 3.14646 -1.95915
v 12.4176 3.26757 -1.95915
v 12.4705 3.39195 -1.95915
v 12.5137 3.51904 -1.95915
v 12.5472 3.64833 -1.95915
v 12.5711 3.77927 -1.95915
v 12.5854 3.91135 1.95915
v 12.5901 4.04402 1.95915
v 12.5849 4.18318 1.95915
v 12.5693 4.3218 1.95915
v 12.5434 4.45926 1.95915
v 12.5072 4.59496 1.95915
v 12.4608 4.72827 1.95915
v 12.4043 4.8586 1.95915
v 12.3376 4.98532 1.95915
v 12.2609 5.10781 1.95915
v 12.1784 5.21793 1.95915
v 12.0895 5.31727 1.95915
v 11.9933 5.41038 1.95915
v 11.8887 5.50181 1.95915
v 11.7716 5.59046 1.95915
v 11.6416 5.67027 1.95915
v 11.5014 5.74033 1.95915
v 11.354 5.7997 1.95915
v 11.202 5.84749 1.95915
v 11.0482 5.88275 1.95915
v 10.8955 5.90459 1.95915
v 10.7466 5.91207 1.95915
v 10.6292 5.90684 1.95915
v 10.4697 5.88635 1.95915
v 10.3148 5.85453 1.95915
v 10.1646 5.81118 1.95915
v 10.0193 5.75614 1.95915
v 9.87886 5.68921 1.95915
v 9.74352 5.61022 1.95915
v 9.61336 5.51898 1.95915
v 9.48851 5.41531 1.95915
v 9.22602 5.10125 1.95915
v 9.17746 5.03894 1.95915
v 9.1342 4.97496 1.95915
v 9.09584 4.90941 1.95915
v 9.062 4.84238 1.95915
v 9.03226 4.77398 1.95915
v 9.00623 4.7043 1.95915
v 8.98351 4.63345 1.95915
v 8.96371 4.56152 1.95915
v 8.94641 4.48861 1.95915
v 8.93122 4.41483 1.95915
v 8.91775 4.34026 1.95915
v 8.9056 4.26502 1.95915
v 8.89435 4.18919 1.95915
v 8.88362 4.11288 1.95915
v 8.87301 4.03619 1.95915
v 8.86212 3.95921 1.95915
v 8.81757 3.68689 1.95915
v 8.76335 3.41774 1.95915
v 8.69954 3.15192 1.95915
v 8.62626 2.88958 1.95915
v 8.54359 2.63087 1.95915
v 8.45165 2.37596 1.95915
v 8.35053 2.12501 1.95915
v 8.24032 1.87816 1.95915
v 8.12114 1.63557 1.95915
v 7.99307 1.3974 1.95915
v 7.85623 1.1638 1.95915
v 7.7107 0.934941 1.95915
v 7.55659 0.710965 1.95915
v 7.394 0.492032 1.95915
v 7.22302 0.278299 1.95915
v 7.04376 0.069922 1.95915
v 6.38416 -0.589165 1.95915
v 6.20276 -0.755954 1.95915
v 6.01085 -0.907426 1.95915
v 5.81002 -1.04665 1.95915
v 5.60186 -1.1767 1.95915
v 5.50167 -1.22724 1.95915
v 5.39775 -1.26226 1.95915
v 5.29138 -1.28264 1.95915
v 5.18385 -1.28923 1.95915
v 5.07976 -1.28331 1.95915
v 4.97695 -1.26607 1.95915
v 4.88824 -1.24244 1.95915
v 4.80429 -1.21224 1.95915
v 4.72524 -1.1758 1.95915
v 4.65121 -1.13344 1.95915
v 4.58235 -1.08548 1.95915
v 4.51878 -1.03224 1.95915
v 4.46063 -0.974023 1.95915
v 4.40804 -0.911164 1.95915
v 4.36114 -0.843978 1.95915
v 4.32006 -0.772784 1.95915
v 4.28494 -0.697901 1.95915
v 4.25591 -0.619647 1.95915
v 4.2331 -0.538343 1.95915
v 4.21664 -0.454307 1.95915
v 4.20667 -0.367857 1.95915
v 4.20332 -0.279314 1.95915
v 4.2063 -0.194781 1.95915
v 4.20733 -0.164456 1.95915
v 4.20421 -0.105151 1.95915
v 4.19734 -0.0463292 1.95915
v 4.19047 0.0128519 1.95915
v 4.18735 0.0732344 1.95915
v 4.1911 0.131293 1.95915
v 4.20438 0.191804 1.95915
v 4.21989 0.509869 1.95915
v 4.2407 0.677031 1.95915
v 4.2664 0.842856 1.95915
v 4.297 1.00727 1.95915
v 4.3325 1.17021 1.95915
v 4.3729 1.33159 1.95915
v 4.41822 1.49135 1.95915
v 4.46846 1.64942 1.95915
v 4.52362 1.80573 1.95915
v 4.58372 1.9602 1.95915
v 4.64874 2.11277 1.95915
v 4.71871 2.26337 1.95915
v 4.79363 2.41191 1.95915
v 4.87349 2.55835 1.95915
v 4.95832 2.70259 1.95915
v 5.04811 2.84458 1.95915
v 5.14286 2.98423 1.95915
v 5.19591 3.06519 1.95915
v 5.24331 3.14836 1.95915
v 5.28557 3.23355 1.95915
v 5.3232 3.32058 1.95915
v 5.3567 3.40925 1.95915
v 5.38657 3.49938 1.95915
v 5.41333 3.59078 1.95915
v 5.43747 3.68326 1.95915
v 5.45607 3.77073 1.95915
v 5.46919 3.85993 1.95915
v 5.47696 3.95051 1.95915
v 5.47952 4.04212 1.95915
v 5.47235 4.19871 1.95915
v 5.45129 4.35553 1.95915
v 5.41701 4.51086 1.95915
v 5.37018 4.663 1.95915
v 5.31149 4.81024 1.95915
v 5.2416 4.95086 1.95915
v 5.16118 5.08314 1.95915
v 5.07092 5.20538 1.95915
v 5.00285 5.28455 1.95915
v 4.93078 5.35981 1.95915
v 4.85497 5.431 1.95915
v 4.77564 5.49796 1.95915
v 4.69305 5.56051 1.95915
v 4.60743 5.61849 1.95915
v 4.51903 5.67174 1.95915
v 4.42809 5.72009 1.95915
v 4.33486 5.76337 1.95915
v 4.23957 5.80142 1.95915
v 4.14247 5.83407 1.95915
v 4.04381 5.86116 1.95915
v 3.94382 5.88252 1.95915
v 3.84275 5.89798 1.95915
v 3.74084 5.90737 1.95915
v 3.63833 5.91054 1.95915
v 3.47196 5.90207 1.95915
v 3.3491 5.88572 1.95915
v 3.2288 5.86218 1.95915
v 3.11133 5.83157 1.95915
v 2.99694 5.79403 1.95915
v 2.88588 5.74968 1.95915
v 2.77841 5.69865 1.95915
v 2.67478 5.64106 1.95915
v 2.57526 5.57704 1.95915
v 2.4801 5.50673 1.95915
v 2.38956 5.43024 1.95915
v 2.30388 5.34771 1.95915
v 2.22334 5.25925 1.95915
v 2.14817 5.16501 1.95915
v 2.07865 5.0651 1.95915
v 2.01503 4.95965 1.95915
v 1.95756 4.84879 1.95915
v 1.91562 4.75487 1.95915
v 1.87872 4.65888 1.95915
v 1.84702 4.5611 1.95915
v 1.8207 4.46181 1.95915
v 1.79992 4.36129 1.95915
v 1.78487 4.25981 1.95915
v 1.77572 4.15764 1.95915
v 1.77263 4.05507 1.95915
v 1.77806 3.92037 1.95915
v 1.79461 3.78608 1.95915
v 1.8135 3.6836 1.95915
v 1.83609 3.58356 1.95915
v 1.86298 3.48581 1.95915
v 1.89476 3.39023 1.95915
v 1.93201 3.29671 1.95915
v 1.97534 3.20511 1.95915
v 2.02533 3.11531 1.95915
v 2.08258 3.02718 1.95915
v 2.181 2.88176 1.95915
v 2.27443 2.73414 1.95915
v 2.36281 2.58434 1.95915
v 2.4461 2.4324 1.95915
v 2.52424 2.27834 1.95915
v 2.59718 2.12219 1.95915
v 2.66489 1.96398 1.95915
v 2.72731 1.80373 1.95915
v 2.7844 1.64148 1.95915
v 2.83609 1.47726 1.95915
v 2.88236 1.31108 1.95915
v 2.92315 1.14299 1.95915
v 2.95841 0.973012 1.95915
v 2.98809 0.801169 1.95915
v 3.01215 0.627493 1.95915
v 3.03053 0.452013 1.95915
v 3.03497 -0.391438 1.95915
v 3.03208 -0.462166 1.95915
v 3.02358 -0.527354 1.95915
v 3.00981 -0.590887 1.95915
v 2.99107 -0.652603 1.95915
v 2.96769 -0.712339 1.95915
v 2.93998 -0.769931 1.95915
v 2.90826 -0.825219 1.95915
v 2.87284 -0.878038 1.95915
v 2.83405 -0.928226 1.95915
v 2.79219 -0.975621 1.95915
v 2.74759 -1.02006 1.95915
v 2.70056 -1.06138 1.95915
v 2.65142 -1.09942 1.95915
v 2.60049 -1.13402 1.95915
v 2.54807 -1.16501 1.95915
v 2.49449 -1.19223 1.95915
v 2.39021 -1.23455 1.95915
v 2.28553 -1.26449 1.95915
v 2.18096 -1.28227 1.95915
v 2.07701 -1.28815 1.95915
v 1.99765 -1.2847 1.95915
v 1.91919 -1.27443 1.95915
v 1.84187 -1.25745 1.95915
v 1.76592 -1.23387 1.95915
v 1.69157 -1.2038 1.95915
v 1.61905 -1.16734 1.95915
v 1.54861 -1.12461 1.95915
v 1.48047 -1.07572 1.95915
v 0.979912 -0.687184 1.95915
v 0.673842 -0.412383 1.95915
v 0.559761 -0.306735 1.95915
v 0.45196 -0.200571 1.95915
v 0.346731 -0.0909809 1.95915
v 0.240364 0.0249438 1.95915
v 0.0617276 0.230604 1.95915
v -0.108865 0.442032 1.95915
v -0.271333 0.659002 1.95915
v -0.425593 0.881285 1.95915
v -0.571564 1.10866 1.95915
v -0.709163 1.34088 1.95915
v -0.83831 1.57775 1.95915
v -0.958921 1.81901 1.95915
v -1.07091 2.06446 1.95915
v -1.17421 2.31385 1.95915
v -1.26872 2.56697 1.95915
v -1.35437 2.82358 1.95915
v -1.43108 3.08346 1.95915
v -1.49875 3.34638 1.95915
v -1.55732 3.61212 1.95915
v -1.6067 3.88044 1.95915
v -1.67421 4.37819 1.95915
v -1.70759 4.52893 1.95915
v -1.75301 4.67464 1.95915
v -1.80987 4.81481 1.95915
v -1.87759 4.94894 1.95915
v -1.95558 5.07653 1.95915
v -2.04326 5.19707 1.95915
v -2.14003 5.31007 1.95915
v -2.2453 5.41501 1.95915
v -2.35849 5.51139 1.95915
v -2.47902 5.59872 1.95915
v -2.60628 5.67648 1.95915
v -2.73969 5.74417 1.95915
v -2.87867 5.80129 1.95915
v -3.02262 5.84734 1.95915
v -3.17096 5.88181 1.95915
v -3.3231 5.9042 1.95915
v -3.43158 5.91273 1.95915
v -3.53986 5.91556 1.95915
v -3.67089 5.91141 1.95915
v -3.80077 5.89904 1.95915
v -3.92905 5.87857 1.95915
v -4.05525 5.85011 1.95915
v -4.17891 5.81379 1.95915
v -4.29957 5.76972 1.95915
v -4.41676 5.71802 1.95915
v -4.53003 5.65881 1.95915
v -4.6389 5.59221 1.95915
v -4.74291 5.51833 1.95915
v -4.8416 5.43731 1.95915
v -4.93451 5.34924 1.95915
v -5.02117 5.25426 1.95915
v -5.10111 5.15248 1.95915
v -5.17388 5.04403 1.95915
v -5.23901 4.92901 1.95915
v -5.29103 4.82094 1.95915
v -5.33622 4.71129 1.95915
v -5.37455 4.60033 1.95915
v -5.40598 4.48832 1.95915
v -5.43049 4.37555 1.95915
v -5.44804 4.26228 1.95915
v -5.45859 4.1488 1.95915
v -5.46212 4.03536 1.95915
v -5.45764 3.90806 1.95915
v -5.44416 3.78157 1.95915
v -5.42164 3.65627 1.95915
v -5.39002 3.53255 1.95915
v -5.34927 3.41081 1.95915
v -5.29933 3.29142 1.95915
v -5.24016 3.17479 1.95915
v -5.17171 3.06129 1.95915
v -5.04902 2.86988 1.95915
v -4.9321 2.67808 1.95915
v -4.82171 2.4847 1.95915
v -4.71862 2.28856 1.95915
v -4.62361 2.08848 1.95915
v -4.53745 1.88327 1.95915
v -4.4609 1.67175 1.95915
v -4.39475 1.45274 1.95915
v -4.36027 1.3269 1.95915
v -4.3262 1.20105 1.95915
v -4.29383 1.07493 1.95915
v -4.26443 0.948265 1.95915
v -4.23928 0.820797 1.95915
v -4.21966 0.692257 1.95915
v -4.20684 0.56238 1.95915
v -4.20211 0.430898 1.95915
v -4.20082 -0.22093 1.95915
v -4.21959 -0.33223 1.95915
v -4.25226 -0.440138 1.95915
v -4.29744 -0.543678 1.95915
v -4.35371 -0.641877 1.95915
v -4.41967 -0.733761 1.95915
v -4.49392 -0.818355 1.95915
v -4.57504 -0.894685 1.95915
v -4.66162 -0.961776 1.95915
v -4.73581 -1.00976 1.95915
v -4.81134 -1.05103 1.95915
v -4.88801 -1.0857 1.95915
v -4.96559 -1.11386 1.95915
v -5.04387 -1.13559 1.95915
v -5.12264 -1.151 1.95915
v -5.20167 -1.16018 1.95915
v -5.28075 -1.16322 1.95915
v -5.37441 -1.15898 1.95915
v -5.46747 -1.14638 1.95915
v -5.55956 -1.12557 1.95915
v -5.65033 -1.09672 1.95915
v -5.7394 -1.05997 1.95915
v -5.82641 -1.01548 1.95915
v -5.911 -0.963416 1.95915
v -5.99281 -0.903933 1.95915
v -6.19148 -0.742778 1.95915
v -6.38473 -0.575986 1.95915
v -6.57236 -0.403625 1.95915
v -6.75417 -0.225762 1.95915
v -6.92996 -0.0424644 1.95915
v -7.09953 0.146201 1.95915
v -7.26267 0.340166 1.95915
v -7.41919 0.539365 1.95915
v -7.56889 0.743729 1.95915
v -7.71157 0.953191 1.95915
v -7.84702 1.16769 1.95915
v -7.97505 1.38714 1.95915
v -8.09545 1.6115 1.95915
v -8.20803 1.84068 1.95915
v -8.31259 2.07463 1.95915
v -8.40892 2.31327 1.95915
v -8.49153 2.53555 1.95915
v -8.5688 2.75825 1.95915
v -8.63981 2.98184 1.95915
v -8.70365 3.20679 1.95915
v -8.75943 3.43358 1.95915
v -8.80623 3.66268 1.95915
v -8.84315 3.89456 1.95915
v -8.86928 4.1297 1.95915
v -8.89146 4.30336 1.95915
v -8.92729 4.47187 1.95915
v -8.97629 4.63452 1.95915
v -9.03796 4.79064 1.95915
v -9.11181 4.93954 1.95915
v -9.19733 5.08055 1.95915
v -9.29403 5.21298 1.95915
v -9.40143 5.33614 1.95915
v -9.51902 5.44937 1.95915
v -9.6463 5.55196 1.95915
v -9.78279 5.64325 1.95915
v -9.92799 5.72255 1.95915
v -10.0814 5.78917 1.95915
v -10.2425 5.84244 1.95915
v -10.4109 5.88167 1.95915
v -10.586 5.90618 1.95915
v -10.6466 5.91055 1.95915
v -10.704 5.91192 1.95915
v -10.7748 5.91006 1.95915
v -10.851 5.90497 1.95915
v -11.0181 5.88426 1.95915
v -11.18 5.84966 1.95915
v -11.3361 5.8018 1.95915
v -11.4858 5.74125 1.95915
v -11.6286 5.66863 1.95915
v -11.7637 5.58454 1.95915
v -11.8908 5.48958 1.95915
v -12.0091 5.38435 1.95915
v -12.1182 5.26946 1.95915
v -12.2174 5.14549 1.95915
v -12.3062 5.01307 1.95915
v -12.3839 4.87278 1.95915
v -12.4501 4.72522 1.95915
v -12.5041 4.57101 1.95915
v -12.5454 4.41074 1.95915
v -12.5734 4.24502 1.95915
v -12.5856 4.12776 1.95915
v -12.5901 4.01711 1.95915
v -12.5882 3.94931 1.95915
v -12.5821 3.88033 1.95915
v -12.5713 3.80873 1.95915
v -12.5554 3.7331 1.95915
v -12.5341 3.64566 1.95915
v -12.5109 3.55773 1.95915
v -12.4852 3.46988 1.95915
v -12.456 3.38269 1.95915
v -12.4225 3.29673 1.95915
v -12.3838 3.21257 1.95915
v -12.3391 3.13079 1.95915
v -12.2877 3.05196 1.95915
v -12.1684 2.87802 1.95915
v -12.0568 2.70072 1.95915
v -11.9528 2.52028 1.95915
v -11.8565 2.33693 1.95915
v -11.7679 2.15088 1.95915
v -11.6869 1.96238 1.95915
v -11.6135 1.77163 1.95915
v -11.5479 1.57888 1.95915
v -11.49 1.38434 1.95915
v -11.4397 1.18824 1.95915
v -11.3972 0.990807 1.95915
v -11.3624 0.792268 1.95915
v -11.3353 0.592847 1.95915
v -11.3159 0.392771 1.95915
v -11.3043 0.192265 1.95915
v -11.3004 -0.00844417 1.95915
v -11.304 -0.201292 1.95915
v -11.3147 -0.39392 1.95915
v -11.3327 -0.586126 1.95915
v -11.3578 -0.77771 1.95915
v -11.3901 -0.968472 1.95915
v -11.4296 -1.15821 1.95915
v -11.4763 -1.34673 1.95915
v -11.5302 -1.53382 1.95915
v -11.5913 -1.71929 1.95915
v -11.6597 -1.90293 1.95915
v -11.7352 -2.08455 1.95915
v -11.8181 -2.26395 1.95915
v -11.9081 -2.44092 1.95915
v -12.0055 -2.61526 1.95915
v -12.11 -2.78677 1.95915
v -12.2219 -2.95526 1.95915
v -12.2846 -3.051 1.95915
v -12.341 -3.14767 1.95915
v -12.3913 -3.24567 1.95915
v -12.4359 -3.34539 1.95915
v -12.475 -3.44725 1.95915
v -12.5089 -3.55163 1.95915
v -12.5379 -3.65894 1.95915
v -12.5623 -3.76958 1.95915
v -12.583 -3.90561 1.95915
v -12.5895 -4.03275 1.95915
v -12.5834 -4.16199 1.95915
v -12.5664 -4.2998 1.95915
v -12.5329 -4.47117 1.95915
v -12.4851 -4.63607 1.95915
v -12.4238 -4.79387 1.95915
v -12.3497 -4.94394 1.95915
v -12.2636 -5.08563 1.95915
v -12.1661 -5.21832 1.95915
v -12.0582 -5.34138 1.95915
v -11.9404 -5.45417 1.95915
v -11.8135 -5.55607 1.95915
v -11.6783 -5.64643 1.95915
v -11.5355 -5.72462 1.95915
v -11.3859 -5.79002 1.95915
v -11.2301 -5.84198 1.95915
v -11.069 -5.87989 1.95915
v -10.9033 -5.90309 1.95915
v -10.7337 -5.91097 1.95915
v -10.6328 -5.90821 1.95915
v -10.531 -5.89984 1.95915
v -10.3572 -5.87248 1.95915
v -10.1896 -5.82969 1.95915
v -10.029 -5.77224 1.95915
v -9.87587 -5.70093 1.95915
v -9.73105 -5.61656 1.95915
v -9.59521 -5.5199 1.95915
v -9.46903 -5.41174 1.95915
v -9.35319 -5.29289 1.95915
v -9.2484 -5.16412 1.95915
v -9.15533 -5.02622 1.95915
v -9.07469 -4.87999 1.95915
v -9.00716 -4.72621 1.95915
v -8.95344 -4.56567 1.95915
v -8.91421 -4.39917 1.95915
v -8.89016 -4.22748 1.95915
v -8.882 -4.05141 1.95915
v -8.88789 -3.90094 1.95915
v -8.90353 -3.76513 1.95915
v -8.92874 -3.63293 1.95915
v -8.96325 -3.5042 1.95915
v -9.00677 -3.3788 1.95915
v -9.05904 -3.25658 1.95915
v -9.11977 -3.13741 1.95915
v -9.18869 -3.02115 1.95915
v -9.26553 -2.90765 1.95915
v -9.34711 -2.78921 1.95915
v -9.42522 -2.66576 1.95915
v -9.49977 -2.53778 1.95915
v -9.5707 -2.40574 1.95915
v -9.63794 -2.27015 1.95915
v -9.70141 -2.13147 1.95915
v -9.76103 -1.9902 1.95915
v -9.81675 -1.84681 1.95915
v -9.86848 -1.7018 1.95915
v -9.91615 -1.55565 1.95915
v -9.9597 -1.40883 1.95915
v -9.99904 -1.26185 1.95915
v -10.0341 -1.11517 1.95915
v -10.0648 -0.969284 1.95915
v -10.0911 -0.824679 1.95915
v -10.113 -0.681836 1.95915
v -10.1405 -0.353062 1.95915
v -10.1505 -0.206561 1.95915
v -10.1543 -0.0630598 1.95915
v -10.1488 0.0962081 1.95915
v -10.1305 0.258649 1.95915
v -10.1023 0.384928 1.95915
v -10.0587 0.504054 1.95915
v -10.0015 0.615244 1.95915
v -9.93245 0.71771 1.95915
v -9.85315 0.810669 1.95915
v -9.76534 0.893333 1.95915
v -9.67072 0.964917 1.95915
v -9.57099 1.02464 1.95915
v -9.44368 1.08233 1.95915
v -9.31283 1.12375 1.95915
v -9.18005 1.14873 1.95915
v -9.04694 1.15709 1.95915
v -8.91827 1.14907 1.95915
v -8.79231 1.12493 1.95915
v -8.67053 1.0845 1.95915
v -8.55443 1.02763 1.95915
v -8.38728 0.923307 1.95915
v -8.22919 0.809055 1.95915
v -8.07928 0.684904 1.95915
v -7.93666 0.550882 1.95915
v -7.27647 -0.10775 1.95915
v -7.11673 -0.296222 1.95915
v -6.9636 -0.489118 1.95915
v -6.81717 -0.686309 1.95915
v -6.6775 -0.887664 1.95915
v -6.54464 -1.09306 1.95915
v -6.41867 -1.30235 1.95915
v -6.29965 -1.51543 1.95915
v -6.18763 -1.73215 1.95915
v -6.08269 -1.95239 1.95915
v -5.98489 -2.17603 1.95915
v -5.8943 -2.40292 1.95915
v -5.81097 -2.63294 1.95915
v -5.73497 -2.86596 1.95915
v -5.66637 -3.10186 1.95915
v -5.60522 -3.3405 1.95915
v -5.5516 -3.58176 1.95915
v -5.50302 -3.88828 1.95915
v -5.48872 -3.98374 1.95915
v -5.47545 -4.07882 1.95915
v -5.4622 -4.1735 1.95915
v -5.44799 -4.26777 1.95915
v -5.43179 -4.36162 1.95915
v -5.4126 -4.45502 1.95915
v -5.38943 -4.54797 1.95915
v -5.36127 -4.64044 1.95915
v -5.3054 -4.78768 1.95915
v -5.23972 -4.92681 1.95915
v -5.16466 -5.05763 1.95915
v -5.08065 -5.17995 1.95915
v -4.98812 -5.29359 1.95915
v -4.8875 -5.39835 1.95915
v -4.77921 -5.49404 1.95915
v -4.66369 -5.58047 1.95915
v -4.54137 -5.65744 1.95915
v -4.41268 -5.72478 1.95915
v -4.27804 -5.78228 1.95915
v -4.13789 -5.82975 1.95915
v -3.99266 -5.86701 1.95915
v -3.84278 -5.89386 1.95915
v -3.68867 -5.9101 1.95915
v -3.53077 -5.91556 1.95915
v -3.42761 -5.91329 1.95915
v -3.26688 -5.89928 1.95915
v -3.10988 -5.87183 1.95915
v -2.95728 -5.83153 1.95915
v -2.80974 -5.77891 1.95915
v -2.66793 -5.71456 1.95915
v -2.53251 -5.63903 1.95915
v -2.40416 -5.55287 1.95915
v -2.28354 -5.45665 1.95915
v -2.17131 -5.35094 1.95915
v -2.06815 -5.23629 1.95915
v -1.97471 -5.11326 1.95915
v -1.89167 -4.98242 1.95915
v -1.81969 -4.84432 1.95915
v -1.75944 -4.69953 1.95915
v -1.71159 -4.54861 1.95915
v -1.6768 -4.39212 1.95915
v -1.65394 -4.2202 1.95915
v -1.64646 -4.05311 1.95915
v -1.65338 -3.89457 1.95915
v -1.67374 -3.74 1.95915
v -1.70697 -3.58911 1.95915
v -1.75251 -3.4416 1.95915
v -1.80978 -3.29716 1.95915
v -1.8782 -3.15549 1.95915
v -1.95721 -3.0163 1.95915
v -2.04623 -2.87928 1.95915
v -2.14314 -2.73295 1.95915
v -2.23394 -2.58397 1.95915
v -2.31872 -2.43249 1.95915
v -2.39755 -2.27861 1.95915
v -2.47053 -2.12248 1.95915
v -2.53774 -1.96421 1.95915
v -2.59927 -1.80393 1.95915
v -2.65521 -1.64178 1.95915
v -2.70564 -1.47786 1.95915
v -2.75065 -1.31232 1.95915
v -2.79032 -1.14528 1.95915
v -2.82474 -0.976858 1.95915
v -2.85401 -0.807189 1.95915
v -2.87819 -0.636398 1.95915
v -2.89739 -0.464611 1.95915
v -2.91168 -0.291955 1.95915
v -2.91391 0.17384 1.95915
v -2.91098 0.242757 1.95915
v -2.90243 0.305699 1.95915
v -2.88872 0.366559 1.95915
v -2.87029 0.425694 1.95915
v -2.84755 0.48346 1.95915
v -2.82097 0.540214 1.95915
v -2.79095 0.596311 1.95915
v -2.75795 0.652107 1.95915
v -2.67313 0.77213 1.95915
v -2.57677 0.876986 1.95915
v -2.47039 0.966418 1.95915
v -2.35551 1.04017 1.95915
v -2.23367 1.09797 1.95915
v -2.10638 1.13959 1.95915
v -1.97517 1.16474 1.95915
v -1.84156 1.17318 1.95915
v -1.7508 1.16931 1.95915
v -1.66012 1.15762 1.95915
v -1.56997 1.13805 1.95915
v -1.48083 1.11052 1.95915
v -1.39316 1.07494 1.95915
v -1.30743 1.03124 1.95915
v -1.22411 0.979333 1.95915
v -1.14366 0.919147 1.95915
v -0.710474 0.565604 1.95915
v -0.0402156 -0.107899 1.95915
v 0.143299 -0.326014 1.95915
v 0.318094 -0.550061 1.95915
v 0.484045 -0.779804 1.95915
v 0.641026 -1.01501 1.95915
v 0.788908 -1.25544 1.95915
v 0.927567 -1.50086 1.95915
v 1.05688 -1.75104 1.95915
v 1.17671 -2.00574 1.95915
v 1.28694 -2.26472 1.95915
v 1.38744 -2.52776 1.95915
v 1.47809 -2.79461 1.95915
v 1.55875 -3.06504 1.95915
v 1.62931 -3.33882 1.95915
v 1.68963 -3.61571 1.95915
v 1.73959 -3.89548 1.95915
v 1.77907 -4.17789 1.95915
v 1.82959 -4.48902 1.95915
v 1.86169 -4.59907 1.95915
v 1.89979 -4.70768 1.95915
v 1.94394 -4.8144 1.95915
v 1.99422 -4.91874 1.95915
v 2.05068 -5.02026 1.95915
v 2.11339 -5.1185 1.95915
v 2.18239 -5.21299 1.95915
v 2.25777 -5.30327 1.95915
v 2.32589 -5.37548 1.95915
v 2.39729 -5.44325 1.95915
v 2.47175 -5.50656 1.95915
v 2.54905 -5.56538 1.95915
v 2.629 -5.61967 1.95915
v 2.71139 -5.6694 1.95915
v 2.79599 -5.71455 1.95915
v 2.88262 -5.75507 1.95915
v 2.97106 -5.79095 1.95915
v 3.06109 -5.82214 1.95915
v 3.15252 -5.84862 1.95915
v 3.24514 -5.87036 1.95915
v 3.33872 -5.88732 1.95915
v 3.43308 -5.89947 1.95915
v 3.52799 -5.90679 1.95915
v 3.62325 -5.90923 1.95915
v 3.78867 -5.90184 1.95915
v 3.95342 -5.87954 1.95915
v 4.11642 -5.84218 1.95915
v 4.27659 -5.78959 1.95915
v 4.43283 -5.72161 1.95915
v 4.58407 -5.63808 1.95915
v 4.72921 -5.53884 1.95915
v 4.86717 -5.42371 1.95915
v 4.9888 -5.30251 1.95915
v 5.09699 -5.17463 1.95915
v 5.19168 -5.03995 1.95915
v 5.27282 -4.89834 1.95915
v 5.34036 -4.74964 1.95915
v 5.39426 -4.59374 1.95915
v 5.43445 -4.43048 1.95915
v 5.46089 -4.25974 1.95915
v 5.50136 -3.95392 1.95915
v 5.55382 -3.65125 1.95915
v 5.61815 -3.352 1.95915
v 5.6942 -3.05647 1.95915
v 5.78185 -2.76495 1.95915
v 5.88096 -2.47773 1.95915
v 5.99141 -2.19509 1.95915
v 6.11305 -1.91733 1.95915
v 6.24577 -1.64472 1.95915
v 6.38941 -1.37757 1.95915
v 6.54387 -1.11616 1.95915
v 6.70899 -0.860776 1.95915
v 6.88465 -0.611709 1.95915
v 7.07072 -0.369247 1.95915
v 7.26707 -0.13368 1.95915
v 7.47355 0.0947036 1.95915
v 7.79282 0.416441 1.95915
v 7.88855 0.498594 1.95915
v 7.98338 0.58152 1.95915
v 8.07814 0.664324 1.95915
v 8.17366 0.746109 1.95915
v 8.27077 0.825979 1.95915
v 8.37031 0.903036 1.95915
v 8.4731 0.976385 1.95915
v 8.57998 1.04513 1.95915
v 8.69671 1.10521 1.95915
v 8.81712 1.14721 1.95915
v 8.94011 1.17188 1.95915
v 9.06457 1.17994 1.95915
v 9.19871 1.17092 1.95915
v 9.33189 1.14448 1.95915
v 9.46274 1.10151 1.95915
v 9.58988 1.04292 1.95915
v 9.64493 1.01209 1.95915
v 9.69882 0.97843 1.95915
v 9.75122 0.942028 1.95915
v 9.80181 0.90297 1.95915
v 9.85025 0.861341 1.95915
v 9.89622 0.817227 1.95915
v 9.93938 0.770714 1.95915
v 9.97941 0.721887 1.95915
v 10.016 0.670832 1.95915
v 10.0487 0.617634 1.95915
v 10.0774 0.562379 1.95915
v 10.1016 0.505153 1.95915
v 10.121 0.446041 1.95915
v 10.1353 0.385129 1.95915
v 10.1441 0.322502 1.95915
v 10.1472 0.258246 1.95915
v 10.148 -0.448288 1.95915
v 10.1266 -0.655803 1.95915
v 10.1068 -0.817198 1.95915
v 10.0813 -0.976881 1.95915
v 10.0501 -1.13484 1.95915
v 10.0134 -1.29105 1.95915
v 9.97141 -1.4455 1.95915
v 9.92423 -1.59819 1.95915
v 9.87202 -1.74908 1.95915
v 9.81496 -1.89818 1.95915
v 9.75321 -2.04545 1.95915
v 9.68691 -2.1909 1.95915
v 9.61623 -2.3345 1.95915
v 9.54133 -2.47623 1.95915
v 9.46236 -2.61609 1.95915
v 9.37949 -2.75406 1.95915
v 9.29286 -2.89013 1.95915
v 9.20265 -3.02427 1.95915
v 8.99265 -3.44979 1.95915
v 8.91946 -3.76004 1.95915
v 8.89445 -3.90692 1.95915
v 8.88643 -4.05804 1.95915
v 8.89003 -4.1633 1.95915
v 8.90054 -4.26882 1.95915
v 8.91748 -4.37391 1.95915
v 8.94039 -4.47784 1.95915
v 8.96883 -4.57992 1.95915
v 9.00231 -4.67942 1.95915
v 9.04039 -4.77565 1.95915
v 9.0826 -4.86789 1.95915
v 9.13352 -4.96453 1.95915
v 9.18951 -5.05733 1.95915
v 9.2503 -5.14614 1.95915
v 9.31562 -5.23081 1.95915
v 9.38517 -5.31119 1.95915
v 9.45869 -5.38713 1.95915
v 9.53589 -5.45847 1.95915
v 9.6165 -5.52508 1.95915
v 9.70023 -5.58679 1.95915
v 9.78682 -5.64346 1.95915
v 9.87597 -5.69494 1.95915
v 9.96742 -5.74107 1.95915
v 10.0609 -5.78171 1.95915
v 10.1561 -5.8167 1.95915
v 10.2527 -5.8459 1.95915
v 10.3506 -5.86915 1.95915
v 10.4509 -5.88722 1.95915
v 10.5505 -5.90004 1.95915
v 10.6493 -5.90769 1.95915
v 10.7472 -5.91023 1.95915
v 10.9231 -5.90188 1.95915
v 11.095 -5.87711 1.95915
v 11.2621 -5.8363 1.95915
v 11.4239 -5.77984 1.95915
v 11.5798 -5.70811 1.95915
v 11.7289 -5.6215 1.95915
v 11.8708 -5.5204 1.95915
v 12.0048 -5.4052 1.95915
v 12.1415 -5.26264 1.95915
v 12.2601 -5.11012 1.95915
v 12.3605 -4.94898 1.95915
v 12.4427 -4.78056 1.95915
v 12.5067 -4.60619 1.95915
v 12.5525 -4.42722 1.95915
v 12.5799 -4.24498 1.95915
v 12.5891 -4.06082 1.95915
v 12.5836 -3.918 1.95915
v 12.5672 -3.77544 1.95915
v 12.5397 -3.63377 1.95915
v 12.5013 -3.49361 1.95915
v 12.4518 -3.35558 1.95915
v 12.3913 -3.22029 1.95915
v 12.3198 -3.08836 1.95915
v 12.2371 -2.96041 1.95915
v 12.1416 -2.81905 1.95915
v 12.0513 -2.67514 1.95915
v 11.9663 -2.52878 1.95915
v 11.8865 -2.38006 1.95915
v 11.812 -2.22906 1.95915
v 11.7426 -2.07589 1.95915
v 11.6785 -1.92063 1.95915
v 11.6195 -1.76338 1.95915
v 11.5657 -1.60423 1.95915
v 11.5171 -1.44326 1.95915
v 11.4737 -1.28058 1.95915
v 11.4354 -1.11627 1.95915
v 11.4022 -0.950425 1.95915
v 11.3741 -0.783139 1.95915
v 11.3511 -0.614504 1.95915
v 11.3332 -0.44461 1.95915
v 11.3282 0.413679 1.95915
v 11.387 0.886135 1.95915
v 11.426 1.07355 1.95915
v 11.4889 1.33799 1.95915
v 11.5658 1.59598 1.95915
v 11.656 1.84789 1.95915
v 11.7588 2.09409 1.95915
v 11.8735 2.33494 1.95915
v 11.9994 2.57082 1.95915
v 12.136 2.80209 1.95915
v 12.2824 3.02912 1.95915
v 12.3549 3.14646 1.95915
v 12.4176 3.26757 1.95915
v 12.4705 3.39195 1.95915
v 12.5137 3.51904 1.95915
v 12.5472 3.64833 1.95915
v 12.5711 3.77927 1.95915
v 12.5877 3.97768 0
v 12.5875 4.1136 0
v 12.5771 4.25249 0
v 12.5564 4.39053 0
v 12.5253 4.52711 0
v 12.484 4.66162 0
v 12.4326 4.79344 0
v 12.3709 4.92196 0
v 12.2993 5.04656 0
v 12.2197 5.16287 0
v 12.134 5.2676 0
v 12.0414 5.36382 0
v 11.941 5.45609 0
v 11.8302 5.54613 0
v 11.7066 5.63037 0
v 11.5715 5.7053 0
v 11.4277 5.77002 0
v 11.278 5.8236 0
v 11.1251 5.86512 0
v 10.9719 5.89367 0
v 10.8211 5.90833 0
v 10.6879 5.90946 0
v 10.5495 5.8966 0
v 10.3923 5.87044 0
v 10.2397 5.83285 0
v 10.0919 5.78366 0
v 9.94907 5.72267 0
v 9.81119 5.64971 0
v 9.67844 5.5646 0
v 9.55093 5.46715 0
v 9.35726 5.25828 0
v 9.20174 5.07009 0
v 9.15583 5.00695 0
v 9.11502 4.94218 0
v 9.07892 4.87589 0
v 9.04713 4.80818 0
v 9.01925 4.73914 0
v 8.99487 4.66888 0
v 8.97361 4.59749 0
v 8.95506 4.52507 0
v 8.93882 4.45172 0
v 8.92449 4.37755 0
v 8.91167 4.30264 0
v 8.89997 4.2271 0
v 8.88899 4.15103 0
v 8.87832 4.07453 0
v 8.86757 3.9977 0
v 8.83985 3.82305 0
v 8.79046 3.55231 0
v 8.73144 3.28483 0
v 8.6629 3.02075 0
v 8.58492 2.76022 0
v 8.49762 2.50342 0
v 8.40109 2.25049 0
v 8.29542 2.00158 0
v 8.18073 1.75686 0
v 8.05711 1.51648 0
v 7.92465 1.2806 0
v 7.78346 1.04937 0
v 7.63364 0.822953 0
v 7.47529 0.601499 0
v 7.30851 0.385166 0
v 7.13339 0.174111 0
v 6.71396 -0.259622 0
v 6.29346 -0.672559 0
v 6.10681 -0.83169 0
v 5.91044 -0.977038 0
v 5.70594 -1.11167 0
v 5.55176 -1.20197 0
v 5.44971 -1.24475 0
v 5.34456 -1.27245 0
v 5.23761 -1.28594 0
v 5.1318 -1.28627 0
v 5.02836 -1.27469 0
v 4.9326 -1.25425 0
v 4.84627 -1.22734 0
v 4.76477 -1.19402 0
v 4.68823 -1.15462 0
v 4.61678 -1.10946 0
v 4.55056 -1.05886 0
v 4.4897 -1.00313 0
v 4.43433 -0.942593 0
v 4.38459 -0.877571 0
v 4.3406 -0.808381 0
v 4.3025 -0.735342 0
v 4.27043 -0.658774 0
v 4.24451 -0.578995 0
v 4.22487 -0.496325 0
v 4.21166 -0.411082 0
v 4.20499 -0.323585 0
v 4.20481 -0.237047 0
v 4.20681 -0.179618 0
v 4.20577 -0.134804 0
v 4.20077 -0.0757401 0
v 4.19391 -0.0167386 0
v 4.18891 0.0430432 0
v 4.18923 0.102264 0
v 4.19774 0.161549 0
v 4.21213 0.350836 0
v 4.23029 0.59345 0
v 4.25355 0.759944 0
v 4.2817 0.925063 0
v 4.31475 1.08874 0
v 4.3527 1.2509 0
v 4.39556 1.41147 0
v 4.44334 1.57039 0
v 4.49604 1.72758 0
v 4.55367 1.88297 0
v 4.61623 2.03649 0
v 4.68373 2.18807 0
v 4.75617 2.33764 0
v 4.83356 2.48513 0
v 4.91591 2.63047 0
v 5.00321 2.77358 0
v 5.09548 2.9144 0
v 5.16938 3.02471 0
v 5.21961 3.10678 0
v 5.26444 3.19096 0
v 5.30439 3.27706 0
v 5.33995 3.36491 0
v 5.37164 3.45431 0
v 5.39995 3.54508 0
v 5.4254 3.63702 0
v 5.44677 3.727 0
v 5.46263 3.81533 0
v 5.47308 3.90522 0
v 5.47824 3.99631 0
v 5.47594 4.12041 0
v 5.46182 4.27712 0
v 5.43415 4.43319 0
v 5.3936 4.58693 0
v 5.34084 4.73662 0
v 5.27654 4.88055 0
v 5.20139 5.017 0
v 5.11605 5.14426 0
v 5.03688 5.24497 0
v 4.96682 5.32218 0
v 4.89288 5.39541 0
v 4.8153 5.46448 0
v 4.73434 5.52923 0
v 4.65024 5.5895 0
v 4.56323 5.64512 0
v 4.47356 5.69592 0
v 4.38148 5.74173 0
v 4.28722 5.7824 0
v 4.19102 5.81775 0
v 4.09314 5.84762 0
v 3.99381 5.87184 0
v 3.89328 5.89025 0
v 3.79179 5.90268 0
v 3.68958 5.90896 0
v 3.55514 5.90631 0
v 3.41053 5.89389 0
v 3.28895 5.87395 0
v 3.17007 5.84687 0
v 3.05413 5.8128 0
v 2.94141 5.77185 0
v 2.83214 5.72416 0
v 2.72659 5.66985 0
v 2.62502 5.60905 0
v 2.52768 5.54189 0
v 2.43483 5.46848 0
v 2.34672 5.38897 0
v 2.26361 5.30348 0
v 2.18576 5.21213 0
v 2.11341 5.11505 0
v 2.04684 5.01237 0
v 1.98629 4.90422 0
v 1.93659 4.80183 0
v 1.89717 4.70687 0
v 1.86287 4.60999 0
v 1.83386 4.51146 0
v 1.81031 4.41155 0
v 1.7924 4.31055 0
v 1.7803 4.20872 0
v 1.77417 4.10636 0
v 1.77534 3.98772 0
v 1.78634 3.85323 0
v 1.80406 3.73484 0
v 1.8248 3.63358 0
v 1.84954 3.53468 0
v 1.87887 3.43802 0
v 1.91338 3.34347 0
v 1.95367 3.25091 0
v 2.00033 3.16021 0
v 2.05395 3.07124 0
v 2.13179 2.95447 0
v 2.22772 2.80795 0
v 2.31862 2.65924 0
v 2.40445 2.50837 0
v 2.48517 2.35537 0
v 2.56071 2.20026 0
v 2.63104 2.04308 0
v 2.6961 1.88385 0
v 2.75585 1.72261 0
v 2.81024 1.55937 0
v 2.85923 1.39417 0
v 2.90276 1.22704 0
v 2.94078 1.058 0
v 2.97325 0.887091 0
v 3.00012 0.714331 0
v 3.02134 0.539753 0
v 3.03275 0.0302871 0
v 3.03352 -0.426802 0
v 3.02783 -0.49476 0
v 3.01669 -0.559121 0
v 3.00044 -0.621745 0
v 2.97938 -0.682471 0
v 2.95383 -0.741135 0
v 2.92412 -0.797575 0
v 2.89055 -0.851628 0
v 2.85345 -0.903132 0
v 2.81312 -0.951924 0
v 2.76989 -0.997841 0
v 2.72408 -1.04072 0
v 2.67599 -1.0804 0
v 2.62595 -1.11672 0
v 2.57428 -1.14951 0
v 2.52128 -1.17862 0
v 2.44235 -1.21339 0
v 2.33787 -1.24952 0
v 2.23324 -1.27338 0
v 2.12898 -1.28521 0
v 2.03733 -1.28642 0
v 1.95842 -1.27957 0
v 1.88053 -1.26594 0
v 1.80389 -1.24566 0
v 1.72874 -1.21884 0
v 1.65531 -1.18557 0
v 1.58383 -1.14598 0
v 1.51454 -1.10017 0
v 1.23019 -0.881451 0
v 0.826877 -0.549783 0
v 0.616802 -0.359559 0
v 0.505861 -0.253653 0
v 0.399346 -0.145776 0
v 0.293548 -0.0330186 0
v 0.151046 0.127774 0
v -0.0235688 0.336318 0
v -0.190099 0.550517 0
v -0.348463 0.770143 0
v -0.498578 0.99497 0
v -0.640364 1.22477 0
v -0.773737 1.45932 0
v -0.898615 1.69838 0
v -1.01492 1.94173 0
v -1.12256 2.18915 0
v -1.22146 2.44041 0
v -1.31155 2.69527 0
v -1.39272 2.95352 0
v -1.46491 3.21492 0
v -1.52804 3.47925 0
v -1.58201 3.74628 0
v -1.64045 4.12932 0
v -1.6909 4.45356 0
v -1.7303 4.60178 0
v -1.78144 4.74472 0
v -1.84373 4.88187 0
v -1.91659 5.01273 0
v -1.99942 5.1368 0
v -2.09164 5.25357 0
v -2.19267 5.36254 0
v -2.3019 5.4632 0
v -2.41875 5.55506 0
v -2.54265 5.6376 0
v -2.67298 5.71032 0
v -2.80918 5.77273 0
v -2.95064 5.82432 0
v -3.09679 5.86458 0
v -3.24703 5.893 0
v -3.37734 5.90847 0
v -3.48572 5.91415 0
v -3.60537 5.91349 0
v -3.73583 5.90523 0
v -3.86491 5.88881 0
v -3.99215 5.86434 0
v -4.11708 5.83195 0
v -4.23924 5.79175 0
v -4.35817 5.74387 0
v -4.4734 5.68841 0
v -4.58446 5.62551 0
v -4.6909 5.55527 0
v -4.79226 5.47782 0
v -4.88806 5.39327 0
v -4.97784 5.30175 0
v -5.06114 5.20337 0
v -5.1375 5.09826 0
v -5.20644 4.98652 0
v -5.26502 4.87498 0
v -5.31362 4.76612 0
v -5.35538 4.65581 0
v -5.39027 4.54433 0
v -5.41824 4.43194 0
v -5.43927 4.31892 0
v -5.45332 4.20554 0
v -5.46036 4.09208 0
v -5.45988 3.97171 0
v -5.4509 3.84482 0
v -5.4329 3.71892 0
v -5.40583 3.59441 0
v -5.36965 3.47168 0
v -5.3243 3.35111 0
v -5.26975 3.2331 0
v -5.20593 3.11804 0
v -5.11036 2.96559 0
v -4.99056 2.77398 0
v -4.8769 2.58139 0
v -4.77016 2.38663 0
v -4.67112 2.18852 0
v -4.58053 1.98588 0
v -4.49918 1.77751 0
v -4.42782 1.56225 0
v -4.37751 1.38982 0
v -4.34324 1.26397 0
v -4.31002 1.13799 0
v -4.27913 1.0116 0
v -4.25186 0.884531 0
v -4.22947 0.756527 0
v -4.21325 0.627319 0
v -4.20448 0.496639 0
v -4.20147 0.104984 0
v -4.21021 -0.27658 0
v -4.23593 -0.386184 0
v -4.27485 -0.491908 0
v -4.32558 -0.592778 0
v -4.38669 -0.687819 0
v -4.4568 -0.776058 0
v -4.53448 -0.85652 0
v -4.61833 -0.92823 0
v -4.69872 -0.985766 0
v -4.77357 -1.0304 0
v -4.84967 -1.06837 0
v -4.9268 -1.09978 0
v -5.00473 -1.12473 0
v -5.08326 -1.1433 0
v -5.16215 -1.15559 0
v -5.24121 -1.1617 0
v -5.32758 -1.1611 0
v -5.42094 -1.15268 0
v -5.51352 -1.13598 0
v -5.60495 -1.11114 0
v -5.69486 -1.07834 0
v -5.7829 -1.03772 0
v -5.86871 -0.989448 0
v -5.9519 -0.933674 0
v -6.09214 -0.823355 0
v -6.28811 -0.659382 0
v -6.47855 -0.489806 0
v -6.66327 -0.314694 0
v -6.84207 -0.134113 0
v -7.01475 0.0518682 0
v -7.1811 0.243184 0
v -7.34093 0.439766 0
v -7.49404 0.641547 0
v -7.64023 0.84846 0
v -7.77929 1.06044 0
v -7.91103 1.27741 0
v -8.03525 1.49932 0
v -8.15174 1.72609 0
v -8.26031 1.95765 0
v -8.36075 2.19395 0
v -8.45023 2.42441 0
v -8.53016 2.6469 0
v -8.6043 2.87004 0
v -8.67173 3.09431 0
v -8.73154 3.32019 0
v -8.78283 3.54813 0
v -8.82469 3.77862 0
v -8.85622 4.01213 0
v -8.88037 4.21653 0
v -8.90938 4.38761 0
v -8.95179 4.55319 0
v -9.00713 4.71258 0
v -9.07488 4.86509 0
v -9.15457 5.01004 0
v -9.24568 5.14676 0
v -9.34773 5.27456 0
v -9.46022 5.39275 0
v -9.58266 5.50066 0
v -9.71455 5.59761 0
v -9.85539 5.6829 0
v -10.0047 5.75586 0
v -10.162 5.8158 0
v -10.3267 5.86205 0
v -10.4984 5.89392 0
v -10.6163 5.90836 0
v -10.6753 5.91123 0
v -10.7394 5.91099 0
v -10.8129 5.90751 0
v -10.9345 5.89461 0
v -11.0991 5.86696 0
v -11.2581 5.82573 0
v -11.411 5.77152 0
v -11.5572 5.70494 0
v -11.6961 5.62659 0
v -11.8273 5.53706 0
v -11.95 5.43697 0
v -12.0637 5.32691 0
v -12.1678 5.20747 0
v -12.2618 5.07928 0
v -12.3451 4.94292 0
v -12.417 4.799 0
v -12.4771 4.64812 0
v -12.5248 4.49088 0
v -12.5594 4.32788 0
v -12.5795 4.18639 0
v -12.5879 4.07243 0
v -12.5891 3.98321 0
v -12.5851 3.91482 0
v -12.5767 3.84453 0
v -12.5634 3.77091 0
v -12.5447 3.68938 0
v -12.5225 3.60169 0
v -12.4981 3.51381 0
v -12.4706 3.42629 0
v -12.4392 3.33971 0
v -12.4031 3.25465 0
v -12.3615 3.17168 0
v -12.3134 3.09137 0
v -12.2281 2.96499 0
v -12.1126 2.78937 0
v -12.0048 2.6105 0
v -11.9047 2.4286 0
v -11.8122 2.2439 0
v -11.7274 2.05663 0
v -11.6502 1.867 0
v -11.5807 1.67525 0
v -11.5189 1.48161 0
v -11.4648 1.28629 0
v -11.4185 1.08952 0
v -11.3798 0.891538 0
v -11.3488 0.692558 0
v -11.3256 0.492809 0
v -11.3101 0.292518 0
v -11.3023 0.0919106 0
v -11.3022 -0.104868 0
v -11.3094 -0.297606 0
v -11.3237 -0.490023 0
v -11.3452 -0.681918 0
v -11.3739 -0.873091 0
v -11.4098 -1.06334 0
v -11.4529 -1.25247 0
v -11.5032 -1.44027 0
v -11.5607 -1.62655 0
v -11.6255 -1.81111 0
v -11.6974 -1.99374 0
v -11.7767 -2.17425 0
v -11.8631 -2.35243 0
v -11.9568 -2.52809 0
v -12.0577 -2.70102 0
v -12.166 -2.87102 0
v -12.2533 -3.00313 0
v -12.3128 -3.09934 0
v -12.3662 -3.19667 0
v -12.4136 -3.29553 0
v -12.4554 -3.39632 0
v -12.4919 -3.49944 0
v -12.5234 -3.60528 0
v -12.5501 -3.71426 0
v -12.5727 -3.8376 0
v -12.5862 -3.96918 0
v -12.5864 -4.09737 0
v -12.5749 -4.2309 0
v -12.5497 -4.38549 0
v -12.509 -4.55362 0
v -12.4545 -4.71497 0
v -12.3868 -4.8689 0
v -12.3066 -5.01478 0
v -12.2149 -5.15198 0
v -12.1122 -5.27985 0
v -11.9993 -5.39778 0
v -11.8769 -5.50512 0
v -11.7459 -5.60125 0
v -11.6069 -5.68552 0
v -11.4607 -5.75732 0
v -11.308 -5.816 0
v -11.1496 -5.86093 0
v -10.9861 -5.89149 0
v -10.8185 -5.90703 0
v -10.6832 -5.90959 0
v -10.5819 -5.90402 0
v -10.4441 -5.88616 0
v -10.2734 -5.85108 0
v -10.1093 -5.80096 0
v -9.95241 -5.73659 0
v -9.80346 -5.65874 0
v -9.66313 -5.56823 0
v -9.53212 -5.46582 0
v -9.41111 -5.35231 0
v -9.30079 -5.2285 0
v -9.20186 -5.09517 0
v -9.11501 -4.9531 0
v -9.04093 -4.8031 0
v -8.9803 -4.64594 0
v -8.93382 -4.48242 0
v -8.90219 -4.31332 0
v -8.88608 -4.13944 0
v -8.88494 -3.97618 0
v -8.89571 -3.83304 0
v -8.91614 -3.69903 0
v -8.94599 -3.56857 0
v -8.98501 -3.4415 0
v -9.0329 -3.31769 0
v -9.0894 -3.19699 0
v -9.15423 -3.07928 0
v -9.22711 -2.9644 0
v -9.30632 -2.84843 0
v -9.38617 -2.72749 0
v -9.4625 -2.60177 0
v -9.53524 -2.47176 0
v -9.60432 -2.33795 0
v -9.66967 -2.20081 0
v -9.73122 -2.06083 0
v -9.78889 -1.91851 0
v -9.84262 -1.77431 0
v -9.89232 -1.62872 0
v -9.93793 -1.48224 0
v -9.97937 -1.33534 0
v -10.0166 -1.18851 0
v -10.0495 -1.04223 0
v -10.078 -0.896982 0
v -10.102 -0.753258 0
v -10.1267 -0.517449 0
v -10.1455 -0.279811 0
v -10.1524 -0.13481 0
v -10.1516 0.0165742 0
v -10.1397 0.177429 0
v -10.1164 0.321788 0
v -10.0805 0.444491 0
v -10.0301 0.559649 0
v -9.96699 0.666477 0
v -9.8928 0.764189 0
v -9.80925 0.852001 0
v -9.71803 0.929125 0
v -9.62086 0.994776 0
v -9.50734 1.05348 0
v -9.37825 1.10304 0
v -9.24644 1.13624 0
v -9.11349 1.15291 0
v -8.98261 1.15308 0
v -8.85529 1.137 0
v -8.73142 1.10472 0
v -8.61248 1.05607 0
v -8.47085 0.97547 0
v -8.30823 0.866181 0
v -8.15424 0.74698 0
v -8.00797 0.617893 0
v -7.60657 0.221566 0
v -7.1966 -0.201986 0
v -7.04017 -0.39267 0
v -6.89039 -0.587713 0
v -6.74734 -0.786986 0
v -6.61107 -0.99036 0
v -6.48166 -1.1977 0
v -6.35916 -1.40889 0
v -6.24364 -1.62379 0
v -6.13516 -1.84227 0
v -6.03379 -2.06421 0
v -5.9396 -2.28947 0
v -5.85263 -2.51793 0
v -5.77297 -2.74945 0
v -5.70067 -2.98391 0
v -5.63579 -3.22118 0
v -5.57841 -3.46113 0
v -5.52731 -3.73502 0
v -5.49587 -3.93601 0
v -5.48208 -4.03128 0
v -5.46883 -4.12616 0
v -5.45509 -4.22064 0
v -5.43989 -4.3147 0
v -5.4222 -4.40832 0
v -5.40102 -4.50149 0
v -5.37535 -4.59421 0
v -5.33334 -4.71406 0
v -5.27256 -4.85725 0
v -5.20219 -4.99222 0
v -5.12266 -5.11879 0
v -5.03439 -5.23677 0
v -4.93781 -5.34597 0
v -4.83335 -5.44619 0
v -4.72145 -5.53725 0
v -4.60253 -5.61896 0
v -4.47702 -5.69111 0
v -4.34536 -5.75353 0
v -4.20797 -5.80601 0
v -4.06528 -5.84838 0
v -3.91772 -5.88043 0
v -3.76572 -5.90198 0
v -3.60972 -5.91283 0
v -3.47919 -5.91443 0
v -3.34724 -5.90628 0
v -3.18838 -5.88555 0
v -3.03358 -5.85168 0
v -2.88351 -5.80522 0
v -2.73883 -5.74674 0
v -2.60022 -5.67679 0
v -2.46834 -5.59595 0
v -2.34385 -5.50476 0
v -2.22742 -5.4038 0
v -2.11973 -5.29362 0
v -2.02143 -5.17478 0
v -1.93319 -5.04784 0
v -1.85568 -4.91337 0
v -1.78957 -4.77193 0
v -1.73552 -4.62407 0
v -1.69419 -4.47037 0
v -1.66537 -4.30616 0
v -1.6502 -4.13665 0
v -1.64992 -3.97384 0
v -1.66356 -3.81728 0
v -1.69036 -3.66456 0
v -1.72974 -3.51536 0
v -1.78114 -3.36938 0
v -1.84399 -3.22633 0
v -1.9177 -3.0859 0
v -2.00172 -2.94779 0
v -2.09469 -2.80611 0
v -2.18854 -2.65846 0
v -2.27633 -2.50823 0
v -2.35813 -2.35555 0
v -2.43404 -2.20055 0
v -2.50413 -2.04335 0
v -2.56851 -1.88407 0
v -2.62724 -1.72285 0
v -2.68042 -1.55982 0
v -2.72814 -1.39509 0
v -2.77048 -1.2288 0
v -2.80753 -1.06107 0
v -2.83937 -0.892024 0
v -2.8661 -0.721794 0
v -2.88779 -0.550505 0
v -2.90454 -0.378283 0
v -2.9128 -0.0590574 0
v -2.91244 0.208298 0
v -2.9067 0.274228 0
v -2.89558 0.336129 0
v -2.8795 0.396127 0
v -2.85892 0.454577 0
v -2.83426 0.511837 0
v -2.80596 0.568262 0
v -2.77445 0.624209 0
v -2.71554 0.712119 0
v -2.62495 0.824558 0
v -2.52358 0.921702 0
v -2.41295 1.00329 0
v -2.29459 1.06907 0
v -2.17003 1.11878 0
v -2.04078 1.15216 0
v -1.90836 1.16896 0
v -1.79618 1.17124 0
v -1.70546 1.16346 0
v -1.61505 1.14784 0
v -1.5254 1.12429 0
v -1.437 1.09273 0
v -1.3503 1.05309 0
v -1.26577 1.00529 0
v -1.18389 0.94924 0
v -0.927069 0.742376 0
v -0.375345 0.228853 0
v 0.0515415 -0.216957 0
v 0.230696 -0.438038 0
v 0.40107 -0.664933 0
v 0.562535 -0.897407 0
v 0.714967 -1.13522 0
v 0.858238 -1.37815 0
v 0.992222 -1.62595 0
v 1.11679 -1.87839 0
v 1.23182 -2.13523 0
v 1.33719 -2.39624 0
v 1.43276 -2.66118 0
v 1.51842 -2.92983 0
v 1.59403 -3.20193 0
v 1.65947 -3.47727 0
v 1.71461 -3.75559 0
v 1.75933 -4.03668 0
v 1.80433 -4.33345 0
v 1.84564 -4.54404 0
v 1.88074 -4.65338 0
v 1.92187 -4.76104 0
v 1.96908 -4.86657 0
v 2.02245 -4.9695 0
v 2.08203 -5.06938 0
v 2.14789 -5.16574 0
v 2.22008 -5.25813 0
v 2.29183 -5.33937 0
v 2.36159 -5.40936 0
v 2.43452 -5.47491 0
v 2.5104 -5.53597 0
v 2.58903 -5.59252 0
v 2.67019 -5.64454 0
v 2.75369 -5.69198 0
v 2.83931 -5.73481 0
v 2.92684 -5.77301 0
v 3.01608 -5.80655 0
v 3.10681 -5.83538 0
v 3.19883 -5.85949 0
v 3.29193 -5.87884 0
v 3.3859 -5.8934 0
v 3.48053 -5.90313 0
v 3.57562 -5.90801 0
v 3.70596 -5.90554 0
v 3.87104 -5.89069 0
v 4.03492 -5.86086 0
v 4.1965 -5.81589 0
v 4.35471 -5.7556 0
v 4.50845 -5.67985 0
v 4.65664 -5.58846 0
v 4.79819 -5.48127 0
v 4.92798 -5.36311 0
v 5.04289 -5.23857 0
v 5.14433 -5.10729 0
v 5.23225 -4.96915 0
v 5.30659 -4.82399 0
v 5.36731 -4.67169 0
v 5.41435 -4.51211 0
v 5.44767 -4.34511 0
v 5.48113 -4.10683 0
v 5.52759 -3.80258 0
v 5.58599 -3.50162 0
v 5.65617 -3.20424 0
v 5.73802 -2.91071 0
v 5.8314 -2.62134 0
v 5.93618 -2.33641 0
v 6.05223 -2.05621 0
v 6.17941 -1.78103 0
v 6.31759 -1.51115 0
v 6.46664 -1.24687 0
v 6.62643 -0.988468 0
v 6.79682 -0.736242 0
v 6.97769 -0.490478 0
v 7.1689 -0.251464 0
v 7.37031 -0.0194884 0
v 7.63319 0.255572 0
v 7.84068 0.457517 0
v 7.93596 0.540057 0
v 8.03076 0.622922 0
v 8.1259 0.705217 0
v 8.22221 0.786044 0
v 8.32054 0.864507 0
v 8.4217 0.939711 0
v 8.52654 1.01076 0
v 8.63834 1.07517 0
v 8.75691 1.12621 0
v 8.87861 1.15955 0
v 9.00234 1.17591 0
v 9.13164 1.17543 0
v 9.2653 1.1577 0
v 9.39732 1.12299 0
v 9.52631 1.07222 0
v 9.6174 1.02751 0
v 9.67187 0.99526 0
v 9.72502 0.960229 0
v 9.77651 0.922499 0
v 9.82603 0.882155 0
v 9.87323 0.839284 0
v 9.9178 0.79397 0
v 9.95939 0.7463 0
v 9.99769 0.696359 0
v 10.0324 0.644233 0
v 10.0631 0.590006 0
v 10.0895 0.533766 0
v 10.1113 0.475597 0
v 10.1281 0.415585 0
v 10.1397 0.353815 0
v 10.1456 0.290374 0
v 10.1476 -0.095021 0
v 10.1373 -0.552046 0
v 10.1167 -0.7365 0
v 10.0941 -0.897039 0
v 10.0657 -1.05586 0
v 10.0318 -1.21294 0
v 9.99242 -1.36828 0
v 9.94782 -1.52185 0
v 9.89812 -1.67363 0
v 9.84349 -1.82363 0
v 9.78409 -1.97182 0
v 9.72006 -2.11818 0
v 9.65157 -2.2627 0
v 9.57878 -2.40537 0
v 9.50184 -2.54616 0
v 9.42092 -2.68508 0
v 9.33617 -2.8221 0
v 9.24776 -2.9572 0
v 9.09765 -3.23703 0
v 8.95606 -3.60491 0
v 8.90695 -3.83348 0
v 8.89044 -3.98248 0
v 8.88823 -4.11067 0
v 8.89528 -4.21606 0
v 8.90901 -4.32136 0
v 8.92894 -4.42587 0
v 8.95461 -4.52888 0
v 8.98557 -4.62967 0
v 9.02135 -4.72754 0
v 9.06149 -4.82177 0
v 9.10806 -4.91621 0
v 9.16151 -5.01093 0
v 9.21991 -5.10173 0
v 9.28296 -5.18847 0
v 9.35039 -5.271 0
v 9.42193 -5.34916 0
v 9.49729 -5.4228 0
v 9.57619 -5.49178 0
v 9.65837 -5.55593 0
v 9.74353 -5.61512 0
v 9.83139 -5.6692 0
v 9.9217 -5.718 0
v 10.0141 -5.76139 0
v 10.1085 -5.7992 0
v 10.2044 -5.8313 0
v 10.3016 -5.85752 0
v 10.4007 -5.87818 0
v 10.5007 -5.89363 0
v 10.5999 -5.90387 0
v 10.6983 -5.90896 0
v 10.8352 -5.90606 0
v 11.0091 -5.8895 0
v 11.1786 -5.85671 0
v 11.343 -5.80807 0
v 11.5019 -5.74397 0
v 11.6543 -5.6648 0
v 11.7999 -5.57095 0
v 11.9378 -5.4628 0
v 12.0731 -5.33392 0
v 12.2008 -5.18638 0
v 12.3103 -5.02955 0
v 12.4016 -4.86477 0
v 12.4747 -4.69337 0
v 12.5296 -4.5167 0
v 12.5662 -4.3361 0
v 12.5845 -4.1529 0
v 12.5864 -3.98941 0
v 12.5754 -3.84672 0
v 12.5534 -3.70461 0
v 12.5205 -3.56369 0
v 12.4765 -3.42459 0
v 12.4216 -3.28793 0
v 12.3555 -3.15432 0
v 12.2785 -3.02439 0
v 12.1894 -2.88973 0
v 12.0965 -2.7471 0
v 12.0088 -2.60196 0
v 11.9264 -2.45442 0
v 11.8492 -2.30456 0
v 11.7773 -2.15248 0
v 11.7105 -1.99826 0
v 11.649 -1.84201 0
v 11.5926 -1.6838 0
v 11.5414 -1.52374 0
v 11.4954 -1.36192 0
v 11.4545 -1.19842 0
v 11.4188 -1.03335 0
v 11.3881 -0.866782 0
v 11.3626 -0.698822 0
v 11.3422 -0.529557 0
v 11.3307 -0.0154657 0
v 11.3576 0.649907 0
v 11.4065 0.979842 0
v 11.4575 1.20577 0
v 11.5274 1.46699 0
v 11.6109 1.72194 0
v 11.7074 1.97099 0
v 11.8161 2.21451 0
v 11.9365 2.45288 0
v 12.0677 2.68645 0
v 12.2092 2.91561 0
v 12.3187 3.08779 0
v 12.3863 3.20701 0
v 12.444 3.32976 0
v 12.4921 3.45549 0
v 12.5304 3.58368 0
v 12.5591 3.7138 0
v 12.5782 3.84531 0


# Vertex Texture Coordinates :
vt 0.537392 0.209764
vt 0.537494 0.212596
vt 0.537383 0.215567
vt 0.53705 0.218525
vt 0.536497 0.22146
vt 0.535725 0.224356
vt 0.534734 0.227202
vt 0.533527 0.229984
vt 0.532104 0.232689
vt 0.530467 0.235304
vt 0.528706 0.237654
vt 0.526809 0.239775
vt 0.524754 0.241762
vt 0.522523 0.243714
vt 0.520022 0.245606
vt 0.517246 0.24731
vt 0.514255 0.248805
vt 0.511107 0.250073
vt 0.507863 0.251093
vt 0.504581 0.251846
vt 0.501321 0.252312
vt 0.498143 0.252471
vt 0.495637 0.25236
vt 0.492232 0.251922
vt 0.488926 0.251243
vt 0.48572 0.250318
vt 0.482617 0.249143
vt 0.47962 0.247714
vt 0.476731 0.246028
vt 0.473953 0.24408
vt 0.471287 0.241868
vt 0.465684 0.235164
vt 0.464648 0.233834
vt 0.463724 0.232468
vt 0.462906 0.231069
vt 0.462183 0.229638
vt 0.461549 0.228178
vt 0.460993 0.22669
vt 0.460508 0.225178
vt 0.460085 0.223643
vt 0.459716 0.222086
vt 0.459392 0.220511
vt 0.459104 0.21892
vt 0.458845 0.217313
vt 0.458605 0.215695
vt 0.458376 0.214066
vt 0.458149 0.212429
vt 0.457917 0.210786
vt 0.456966 0.204973
vt 0.455808 0.199228
vt 0.454446 0.193553
vt 0.452882 0.187953
vt 0.451117 0.182431
vt 0.449155 0.17699
vt 0.446996 0.171633
vt 0.444644 0.166364
vt 0.4421 0.161186
vt 0.439366 0.156102
vt 0.436445 0.151115
vt 0.433339 0.14623
vt 0.430049 0.141449
vt 0.426578 0.136776
vt 0.422929 0.132213
vt 0.419102 0.127765
vt 0.405022 0.113697
vt 0.40115 0.110136
vt 0.397054 0.106903
vt 0.392767 0.103931
vt 0.388324 0.101155
vt 0.386185 0.100076
vt 0.383967 0.0993288
vt 0.381696 0.0988939
vt 0.379401 0.0987531
vt 0.377179 0.0988795
vt 0.374984 0.0992475
vt 0.373091 0.099752
vt 0.371299 0.100397
vt 0.369611 0.101174
vt 0.368031 0.102079
vt 0.366561 0.103102
vt 0.365204 0.104239
vt 0.363963 0.105482
vt 0.36284 0.106823
vt 0.361839 0.108257
vt 0.360963 0.109777
vt 0.360213 0.111376
vt 0.359593 0.113046
vt 0.359106 0.114782
vt 0.358755 0.116575
vt 0.358542 0.118421
vt 0.35847 0.120311
vt 0.358534 0.122115
vt 0.358556 0.122762
vt 0.358489 0.124028
vt 0.358343 0.125284
vt 0.358196 0.126547
vt 0.35813 0.127836
vt 0.35821 0.129075
vt 0.358493 0.130367
vt 0.358824 0.137157
vt 0.359268 0.140725
vt 0.359817 0.144264
vt 0.36047 0.147774
vt 0.361228 0.151252
vt 0.36209 0.154697
vt 0.363058 0.158107
vt 0.36413 0.161481
vt 0.365308 0.164818
vt 0.36659 0.168115
vt 0.367978 0.171372
vt 0.369472 0.174586
vt 0.371071 0.177757
vt 0.372776 0.180883
vt 0.374587 0.183962
vt 0.376503 0.186993
vt 0.378526 0.189974
vt 0.379658 0.191702
vt 0.38067 0.193477
vt 0.381572 0.195296
vt 0.382375 0.197154
vt 0.38309 0.199046
vt 0.383728 0.20097
vt 0.384299 0.202921
vt 0.384814 0.204895
vt 0.385212 0.206763
vt 0.385492 0.208667
vt 0.385658 0.2106
vt 0.385712 0.212555
vt 0.385559 0.215898
vt 0.38511 0.219245
vt 0.384378 0.222561
vt 0.383378 0.225809
vt 0.382125 0.228952
vt 0.380633 0.231953
vt 0.378917 0.234777
vt 0.37699 0.237386
vt 0.375537 0.239076
vt 0.373999 0.240683
vt 0.37238 0.242202
vt 0.370687 0.243632
vt 0.368924 0.244967
vt 0.367097 0.246205
vt 0.36521 0.247341
vt 0.363268 0.248373
vt 0.361278 0.249297
vt 0.359244 0.250109
vt 0.357172 0.250806
vt 0.355066 0.251385
vt 0.352931 0.25184
vt 0.350774 0.25217
vt 0.348598 0.252371
vt 0.34641 0.252439
vt 0.342859 0.252258
vt 0.340236 0.251909
vt 0.337669 0.251406
vt 0.335161 0.250753
vt 0.332719 0.249952
vt 0.330348 0.249005
vt 0.328054 0.247916
vt 0.325843 0.246686
vt 0.323718 0.24532
vt 0.321687 0.243819
vt 0.319754 0.242186
vt 0.317925 0.240424
vt 0.316206 0.238536
vt 0.314602 0.236525
vt 0.313118 0.234392
vt 0.311759 0.232141
vt 0.310533 0.229775
vt 0.309638 0.22777
vt 0.30885 0.225721
vt 0.308173 0.223634
vt 0.307611 0.221514
vt 0.307168 0.219368
vt 0.306847 0.217202
vt 0.306651 0.215021
vt 0.306585 0.212832
vt 0.306701 0.209957
vt 0.307055 0.20709
vt 0.307458 0.204903
vt 0.30794 0.202767
vt 0.308514 0.200681
vt 0.309192 0.19864
vt 0.309987 0.196644
vt 0.310912 0.194689
vt 0.311979 0.192772
vt 0.313201 0.190891
vt 0.315302 0.187787
vt 0.317297 0.184636
vt 0.319183 0.181438
vt 0.320961 0.178195
vt 0.322629 0.174906
vt 0.324186 0.171573
vt 0.325631 0.168196
vt 0.326964 0.164775
vt 0.328182 0.161312
vt 0.329286 0.157806
vt 0.330273 0.154259
vt 0.331144 0.150671
vt 0.331897 0.147043
vt 0.33253 0.143375
vt 0.333044 0.139667
vt 0.333436 0.135922
vt 0.333531 0.117917
vt 0.333469 0.116408
vt 0.333288 0.115016
vt 0.332994 0.11366
vt 0.332594 0.112343
vt 0.332095 0.111067
vt 0.331503 0.109838
vt 0.330826 0.108658
vt 0.33007 0.10753
vt 0.329242 0.106459
vt 0.328349 0.105447
vt 0.327397 0.104499
vt 0.326393 0.103617
vt 0.325344 0.102805
vt 0.324257 0.102066
vt 0.323138 0.101405
vt 0.321994 0.100824
vt 0.319768 0.0999204
vt 0.317534 0.0992814
vt 0.315301 0.0989017
vt 0.313082 0.0987763
vt 0.311388 0.0988499
vt 0.309714 0.099069
vt 0.308063 0.0994315
vt 0.306442 0.0999348
vt 0.304855 0.100577
vt 0.303307 0.101355
vt 0.301803 0.102267
vt 0.300349 0.103311
vt 0.289664 0.111604
vt 0.283131 0.11747
vt 0.280696 0.119725
vt 0.278394 0.121992
vt 0.276148 0.124331
vt 0.273878 0.126805
vt 0.270065 0.131195
vt 0.266423 0.135708
vt 0.262955 0.14034
vt 0.259662 0.145085
vt 0.256546 0.149938
vt 0.253609 0.154895
vt 0.250852 0.159951
vt 0.248278 0.165101
vt 0.245887 0.170341
vt 0.243682 0.175664
vt 0.241665 0.181067
vt 0.239837 0.186545
vt 0.238199 0.192092
vt 0.236755 0.197704
vt 0.235505 0.203377
vt 0.234451 0.209104
vt 0.233009 0.219729
vt 0.232297 0.222947
vt 0.231327 0.226057
vt 0.230114 0.229049
vt 0.228668 0.231912
vt 0.227003 0.234636
vt 0.225132 0.237209
vt 0.223066 0.239621
vt 0.220819 0.241861
vt 0.218403 0.243918
vt 0.21583 0.245782
vt 0.213114 0.247442
vt 0.210266 0.248887
vt 0.207299 0.250107
vt 0.204226 0.25109
vt 0.20106 0.251825
vt 0.197812 0.252303
vt 0.195497 0.252485
vt 0.193185 0.252546
vt 0.190389 0.252457
vt 0.187616 0.252193
vt 0.184878 0.251756
vt 0.182184 0.251149
vt 0.179544 0.250373
vt 0.176969 0.249433
vt 0.174467 0.248329
vt 0.172049 0.247065
vt 0.169726 0.245643
vt 0.167505 0.244067
vt 0.165399 0.242337
vt 0.163415 0.240457
vt 0.161566 0.23843
vt 0.159859 0.236257
vt 0.158306 0.233942
vt 0.156916 0.231487
vt 0.155805 0.22918
vt 0.154841 0.22684
vt 0.154022 0.224471
vt 0.153351 0.22208
vt 0.152828 0.219673
vt 0.152454 0.217255
vt 0.152228 0.214833
vt 0.152153 0.212411
vt 0.152249 0.209694
vt 0.152537 0.206994
vt 0.153017 0.204319
vt 0.153692 0.201678
vt 0.154562 0.19908
vt 0.155628 0.196531
vt 0.156891 0.194042
vt 0.158352 0.191619
vt 0.160971 0.187533
vt 0.163467 0.183439
vt 0.165823 0.179311
vt 0.168024 0.175124
vt 0.170052 0.170853
vt 0.171891 0.166473
vt 0.173525 0.161958
vt 0.174937 0.157283
vt 0.175673 0.154597
vt 0.1764 0.15191
vt 0.177091 0.149218
vt 0.177719 0.146514
vt 0.178256 0.143794
vt 0.178675 0.14105
vt 0.178948 0.138277
vt 0.179049 0.135471
vt 0.179077 0.121557
vt 0.178676 0.119181
vt 0.177979 0.116878
vt 0.177014 0.114668
vt 0.175813 0.112571
vt 0.174405 0.11061
vt 0.17282 0.108804
vt 0.171089 0.107175
vt 0.16924 0.105743
vt 0.167657 0.104719
vt 0.166045 0.103838
vt 0.164408 0.103098
vt 0.162752 0.102497
vt 0.161081 0.102033
vt 0.1594 0.101704
vt 0.157713 0.101508
vt 0.156025 0.101443
vt 0.154025 0.101533
vt 0.152039 0.101802
vt 0.150073 0.102247
vt 0.148136 0.102863
vt 0.146234 0.103647
vt 0.144377 0.104597
vt 0.142571 0.105708
vt 0.140825 0.106978
vt 0.136584 0.110418
vt 0.132459 0.113978
vt 0.128454 0.117657
vt 0.124573 0.121454
vt 0.120821 0.125366
vt 0.117201 0.129394
vt 0.113719 0.133534
vt 0.110378 0.137786
vt 0.107182 0.142148
vt 0.104137 0.14662
vt 0.101245 0.151198
vt 0.0985125 0.155883
vt 0.0959423 0.160672
vt 0.0935392 0.165564
vt 0.0913074 0.170558
vt 0.0892511 0.175652
vt 0.0874877 0.180396
vt 0.0858384 0.18515
vt 0.0843226 0.189923
vt 0.0829598 0.194725
vt 0.0817691 0.199566
vt 0.0807701 0.204456
vt 0.079982 0.209406
vt 0.0794243 0.214425
vt 0.0789509 0.218132
vt 0.078186 0.221729
vt 0.07714 0.225201
vt 0.0758236 0.228533
vt 0.0742474 0.231712
vt 0.0724218 0.234722
vt 0.0703576 0.237548
vt 0.0680651 0.240178
vt 0.0655551 0.242594
vt 0.0628381 0.244784
vt 0.0599246 0.246733
vt 0.0568253 0.248426
vt 0.0535506 0.249848
vt 0.0501112 0.250985
vt 0.0465176 0.251822
vt 0.0427805 0.252345
vt 0.0414865 0.252439
vt 0.040261 0.252468
vt 0.0387495 0.252428
vt 0.0371236 0.25232
vt 0.0335554 0.251878
vt 0.0300991 0.251139
vt 0.0267671 0.250117
vt 0.0235716 0.248825
vt 0.0205251 0.247275
vt 0.0176397 0.24548
vt 0.0149278 0.243453
vt 0.0124016 0.241207
vt 0.0100736 0.238754
vt 0.00795589 0.236108
vt 0.0060609 0.233281
vt 0.0044009 0.230287
vt 0.00298818 0.227137
vt 0.00183505 0.223845
vt 0.000953817 0.220424
vt 0.000356772 0.216887
vt 9.62687e-05 0.214383
vt 0 0.212022
vt 4.12616e-05 0.210575
vt 0.000171756 0.209102
vt 0.000401548 0.207574
vt 0.000740701 0.205959
vt 0.00119613 0.204093
vt 0.00168973 0.202216
vt 0.0022394 0.200341
vt 0.00286305 0.198479
vt 0.00357858 0.196645
vt 0.00440391 0.194848
vt 0.00535694 0.193102
vt 0.00645558 0.19142
vt 0.00900114 0.187707
vt 0.0113837 0.183922
vt 0.0136031 0.180071
vt 0.0156592 0.176157
vt 0.0175517 0.172185
vt 0.0192806 0.168162
vt 0.0208457 0.16409
vt 0.0222467 0.159975
vt 0.0234835 0.155823
vt 0.024556 0.151637
vt 0.0254639 0.147423
vt 0.0262072 0.143185
vt 0.0267856 0.138928
vt 0.0271989 0.134657
vt 0.027447 0.130377
vt 0.0275298 0.126093
vt 0.0274533 0.121976
vt 0.0272238 0.117864
vt 0.0268412 0.113762
vt 0.0263052 0.109672
vt 0.0256158 0.1056
vt 0.0247728 0.10155
vt 0.0237759 0.0975258
vt 0.0226252 0.0935322
vt 0.0213204 0.0895732
vt 0.0198613 0.0856531
vt 0.0182479 0.0817763
vt 0.0164799 0.077947
vt 0.0145573 0.0741694
vt 0.0124798 0.0704479
vt 0.0102474 0.0667868
vt 0.00785981 0.0631902
vt 0.00652062 0.0611466
vt 0.00531718 0.0590831
vt 0.00424316 0.0569913
vt 0.00329222 0.0548626
vt 0.00245806 0.0526884
vt 0.00173432 0.0504603
vt 0.00111469 0.0481697
vt 0.000592842 0.045808
vt 0.000151778 0.0429041
vt 1.34946e-05 0.0401903
vt 0.000143464 0.0374316
vt 0.000505598 0.0344899
vt 0.00122122 0.0308318
vt 0.00224131 0.0273118
vt 0.00355003 0.0239435
vt 0.00513158 0.0207403
vt 0.0069701 0.0177157
vt 0.00904978 0.0148832
vt 0.0113548 0.0122564
vt 0.0138693 0.00984875
vt 0.0165774 0.00767376
vt 0.0194634 0.00574495
vt 0.0225114 0.00407582
vt 0.0257056 0.00267987
vt 0.0290302 0.00157063
vt 0.0324692 0.000761583
vt 0.036007 0.000266251
vt 0.0396276 9.81383e-05
vt 0.0417809 0.000157062
vt 0.043954 0.000335645
vt 0.0476633 0.000919619
vt 0.0512403 0.00183315
vt 0.05467 0.00305938
vt 0.0579379 0.00458148
vt 0.061029 0.0063826
vt 0.0639287 0.00844588
vt 0.0666222 0.0107545
vt 0.0690948 0.0132916
vt 0.0713318 0.0160403
vt 0.0733183 0.0189838
vt 0.0750396 0.0221053
vt 0.0764811 0.0253878
vt 0.0776279 0.0288146
vt 0.0784653 0.0323688
vt 0.0789785 0.0360336
vt 0.0791529 0.0397921
vt 0.0790271 0.0430038
vt 0.0786932 0.0459028
vt 0.078155 0.0487248
vt 0.0774185 0.0514727
vt 0.0764895 0.0541495
vt 0.0753738 0.0567584
vt 0.0740774 0.0593022
vt 0.0726062 0.0617839
vt 0.070966 0.0642066
vt 0.0692245 0.0667347
vt 0.0675573 0.0693699
vt 0.0659659 0.0721018
vt 0.0644518 0.0749202
vt 0.0630166 0.0778146
vt 0.0616618 0.0807748
vt 0.060389 0.0837904
vt 0.0591997 0.0868511
vt 0.0580955 0.0899465
vt 0.0570779 0.0930663
vt 0.0561484 0.0962001
vt 0.0553085 0.0993377
vt 0.05456 0.102469
vt 0.0539042 0.105583
vt 0.0533427 0.108669
vt 0.052877 0.111719
vt 0.0522884 0.118737
vt 0.0520747 0.121864
vt 0.0519943 0.124927
vt 0.0521117 0.128327
vt 0.0525018 0.131794
vt 0.0531049 0.13449
vt 0.0540348 0.137032
vt 0.0552553 0.139406
vt 0.05673 0.141593
vt 0.0584227 0.143577
vt 0.060297 0.145342
vt 0.0623168 0.14687
vt 0.0644457 0.148145
vt 0.0671633 0.149376
vt 0.0699563 0.15026
vt 0.0727907 0.150793
vt 0.075632 0.150972
vt 0.0783785 0.150801
vt 0.0810673 0.150286
vt 0.0836668 0.149423
vt 0.086145 0.148209
vt 0.0897131 0.145982
vt 0.0930876 0.143543
vt 0.0962875 0.140893
vt 0.0993319 0.138032
vt 0.113424 0.123973
vt 0.116834 0.11995
vt 0.120103 0.115832
vt 0.123228 0.111623
vt 0.12621 0.107325
vt 0.129046 0.102941
vt 0.131735 0.098473
vt 0.134275 0.0939248
vt 0.136666 0.0892986
vt 0.138906 0.0845974
vt 0.140994 0.0798237
vt 0.142928 0.0749805
vt 0.144707 0.0700705
vt 0.146329 0.0650964
vt 0.147793 0.060061
vt 0.149099 0.054967
vt 0.150243 0.0498172
vt 0.15128 0.0432741
vt 0.151585 0.0412364
vt 0.151869 0.0392069
vt 0.152151 0.0371858
vt 0.152455 0.0351735
vt 0.152801 0.0331704
vt 0.15321 0.0311766
vt 0.153705 0.0291926
vt 0.154306 0.0272186
vt 0.155498 0.0240756
vt 0.1569 0.0211059
vt 0.158503 0.0183134
vt 0.160296 0.0157022
vt 0.162271 0.0132766
vt 0.164419 0.0110404
vt 0.16673 0.0089978
vt 0.169196 0.00715291
vt 0.171807 0.00550978
vt 0.174554 0.00407249
vt 0.177428 0.00284512
vt 0.18042 0.00183176
vt 0.18352 0.00103649
vt 0.186719 0.000463382
vt 0.190009 0.000116526
vt 0.19338 0
vt 0.195582 4.84796e-05
vt 0.199013 0.000347681
vt 0.202364 0.000933468
vt 0.205621 0.00179387
vt 0.208771 0.0029169
vt 0.211798 0.00429059
vt 0.214688 0.00590295
vt 0.217428 0.00774203
vt 0.220003 0.00979583
vt 0.222398 0.0120524
vt 0.224601 0.0144997
vt 0.226595 0.0171258
vt 0.228368 0.0199188
vt 0.229904 0.0228666
vt 0.23119 0.0259572
vt 0.232212 0.0291787
vt 0.232954 0.0325192
vt 0.233442 0.036189
vt 0.233602 0.0397558
vt 0.233454 0.04314
vt 0.233019 0.0464393
vt 0.23231 0.0496601
vt 0.231338 0.0528089
vt 0.230116 0.0558921
vt 0.228655 0.0589161
vt 0.226969 0.0618873
vt 0.225068 0.0648122
vt 0.223 0.0679358
vt 0.221061 0.0711157
vt 0.219252 0.0743493
vt 0.217569 0.0776339
vt 0.216011 0.0809667
vt 0.214577 0.0843451
vt 0.213263 0.0877664
vt 0.212069 0.0912278
vt 0.210993 0.0947266
vt 0.210032 0.0982603
vt 0.209185 0.101826
vt 0.20845 0.105421
vt 0.207826 0.109043
vt 0.207309 0.112688
vt 0.2069 0.116355
vt 0.206594 0.120041
vt 0.206547 0.129984
vt 0.20661 0.131455
vt 0.206792 0.132798
vt 0.207085 0.134097
vt 0.207478 0.13536
vt 0.207963 0.136593
vt 0.208531 0.137804
vt 0.209172 0.139002
vt 0.209876 0.140193
vt 0.211687 0.142755
vt 0.213744 0.144993
vt 0.216014 0.146902
vt 0.218466 0.148476
vt 0.221067 0.14971
vt 0.223784 0.150598
vt 0.226585 0.151135
vt 0.229437 0.151316
vt 0.231374 0.151233
vt 0.23331 0.150983
vt 0.235234 0.150566
vt 0.237137 0.149978
vt 0.239009 0.149218
vt 0.240839 0.148286
vt 0.242617 0.147178
vt 0.244334 0.145893
vt 0.253581 0.138346
vt 0.267888 0.12397
vt 0.271806 0.119314
vt 0.275537 0.114531
vt 0.279079 0.109627
vt 0.28243 0.104607
vt 0.285587 0.0994745
vt 0.288547 0.0942357
vt 0.291307 0.0888955
vt 0.293865 0.0834587
vt 0.296218 0.0779304
vt 0.298363 0.0723157
vt 0.300298 0.0666195
vt 0.30202 0.0608469
vt 0.303526 0.0550028
vt 0.304814 0.0490924
vt 0.30588 0.0431205
vt 0.306723 0.0370923
vt 0.307801 0.0304509
vt 0.308486 0.0281017
vt 0.3093 0.0257832
vt 0.310242 0.0235054
vt 0.311315 0.021278
vt 0.312521 0.019111
vt 0.313859 0.017014
vt 0.315332 0.0149971
vt 0.316941 0.0130699
vt 0.318395 0.0115286
vt 0.319919 0.0100819
vt 0.321509 0.00873052
vt 0.323159 0.00747503
vt 0.324865 0.00631614
vt 0.326624 0.00525453
vt 0.32843 0.00429085
vt 0.330279 0.00342578
vt 0.332167 0.00265999
vt 0.334089 0.00199413
vt 0.33604 0.00142888
vt 0.338017 0.000964911
vt 0.340015 0.000602882
vt 0.342029 0.000343463
vt 0.344055 0.000187323
vt 0.346088 0.000135127
vt 0.349619 0.000293002
vt 0.353136 0.000768948
vt 0.356616 0.00156644
vt 0.360034 0.00268897
vt 0.36337 0.00414001
vt 0.366598 0.00592305
vt 0.369696 0.00804155
vt 0.372641 0.010499
vt 0.375237 0.0130863
vt 0.377547 0.0158158
vt 0.379568 0.0186907
vt 0.3813 0.0217136
vt 0.382742 0.0248876
vt 0.383892 0.0282156
vt 0.38475 0.0317004
vt 0.385315 0.035345
vt 0.386178 0.041873
vt 0.387298 0.0483338
vt 0.388671 0.0547215
vt 0.390295 0.0610298
vt 0.392166 0.0672525
vt 0.394281 0.0733836
vt 0.396639 0.0794167
vt 0.399235 0.0853459
vt 0.402068 0.0911648
vt 0.405135 0.0968674
vt 0.408432 0.102448
vt 0.411956 0.107899
vt 0.415706 0.113215
vt 0.419678 0.118391
vt 0.423869 0.123419
vt 0.428277 0.128294
vt 0.435091 0.135162
vt 0.437135 0.136916
vt 0.439159 0.138686
vt 0.441182 0.140454
vt 0.443221 0.142199
vt 0.445294 0.143904
vt 0.447418 0.145549
vt 0.449613 0.147115
vt 0.451894 0.148582
vt 0.454386 0.149865
vt 0.456956 0.150761
vt 0.459581 0.151288
vt 0.462238 0.15146
vt 0.465101 0.151267
vt 0.467944 0.150703
vt 0.470737 0.149786
vt 0.473451 0.148535
vt 0.474626 0.147877
vt 0.475777 0.147158
vt 0.476895 0.146381
vt 0.477975 0.145548
vt 0.479009 0.144659
vt 0.47999 0.143717
vt 0.480912 0.142724
vt 0.481766 0.141682
vt 0.482547 0.140592
vt 0.483246 0.139457
vt 0.483857 0.138277
vt 0.484374 0.137056
vt 0.484788 0.135794
vt 0.485093 0.134494
vt 0.485282 0.133157
vt 0.485348 0.131785
vt 0.485366 0.116704
vt 0.484908 0.112274
vt 0.484486 0.108829
vt 0.483941 0.105421
vt 0.483275 0.102049
vt 0.482492 0.0987144
vt 0.481596 0.0954174
vt 0.480588 0.0921582
vt 0.479474 0.0889372
vt 0.478256 0.0857547
vt 0.476938 0.0826109
vt 0.475523 0.0795063
vt 0.474014 0.076441
vt 0.472415 0.0734155
vt 0.470729 0.0704301
vt 0.46896 0.067485
vt 0.467111 0.0645806
vt 0.465186 0.0617172
vt 0.460703 0.0526342
vt 0.459141 0.0460115
vt 0.458607 0.0428763
vt 0.458436 0.0396504
vt 0.458513 0.0374036
vt 0.458737 0.0351511
vt 0.459098 0.032908
vt 0.459588 0.0306894
vt 0.460194 0.0285106
vt 0.460909 0.0263865
vt 0.461722 0.0243324
vt 0.462623 0.0223635
vt 0.46371 0.0203007
vt 0.464905 0.0183198
vt 0.466203 0.0164241
vt 0.467597 0.0146167
vt 0.469082 0.0129009
vt 0.470651 0.01128
vt 0.472299 0.009757
vt 0.47402 0.00833526
vt 0.475807 0.00701796
vt 0.477655 0.0058083
vt 0.479558 0.00470949
vt 0.48151 0.00372476
vt 0.483505 0.0028573
vt 0.485537 0.00211034
vt 0.4876 0.00148708
vt 0.489689 0.000990735
vt 0.49183 0.00060508
vt 0.493957 0.000331297
vt 0.496066 0.000168025
vt 0.498156 0.000113903
vt 0.501911 0.000291991
vt 0.505579 0.000820743
vt 0.509147 0.00169189
vt 0.512601 0.00289717
vt 0.515927 0.00442831
vt 0.519111 0.00627705
vt 0.52214 0.00843512
vt 0.525 0.0108943
vt 0.527918 0.0139372
vt 0.530449 0.0171929
vt 0.532592 0.0206326
vt 0.534347 0.0242278
vt 0.535714 0.0279498
vt 0.53669 0.0317701
vt 0.537277 0.0356601
vt 0.537472 0.0395911
vt 0.537355 0.0426398
vt 0.537004 0.0456828
vt 0.536418 0.0487068
vt 0.535598 0.0516987
vt 0.534542 0.0546452
vt 0.53325 0.0575331
vt 0.531723 0.0603492
vt 0.52996 0.0630803
vt 0.52792 0.0660978
vt 0.525993 0.0691696
vt 0.524178 0.0722938
vt 0.522475 0.0754685
vt 0.520884 0.0786916
vt 0.519403 0.0819612
vt 0.518034 0.0852753
vt 0.516776 0.088632
vt 0.515628 0.0920293
vt 0.51459 0.0954653
vt 0.513663 0.0989379
vt 0.512845 0.102445
vt 0.512136 0.105985
vt 0.511537 0.109556
vt 0.511047 0.113156
vt 0.510665 0.116782
vt 0.510558 0.135103
vt 0.511812 0.145188
vt 0.512645 0.149189
vt 0.513988 0.154834
vt 0.51563 0.160341
vt 0.517555 0.165718
vt 0.519748 0.170973
vt 0.522197 0.176114
vt 0.524885 0.181149
vt 0.5278 0.186086
vt 0.530926 0.190932
vt 0.532473 0.193437
vt 0.533811 0.196022
vt 0.534941 0.198677
vt 0.535863 0.20139
vt 0.536578 0.20415
vt 0.537087 0.206945
vt 0.000101453 0.468932
vt 0 0.471764
vt 0.00011115 0.474734
vt 0.000443829 0.477693
vt 0.000996876 0.480627
vt 0.00176913 0.483524
vt 0.00275944 0.48637
vt 0.00396663 0.489152
vt 0.00538956 0.491856
vt 0.00702706 0.494471
vt 0.00878744 0.496822
vt 0.010685 0.498942
vt 0.0127397 0.50093
vt 0.0149712 0.502881
vt 0.017472 0.504774
vt 0.0202478 0.506477
vt 0.0232392 0.507973
vt 0.0263868 0.50924
vt 0.0296312 0.51026
vt 0.0329129 0.511013
vt 0.0361725 0.511479
vt 0.0393505 0.511639
vt 0.0418572 0.511527
vt 0.0452618 0.51109
vt 0.0485682 0.510411
vt 0.0517741 0.509485
vt 0.0548768 0.50831
vt 0.0578739 0.506882
vt 0.0607628 0.505196
vt 0.0635412 0.503248
vt 0.0662064 0.501035
vt 0.0718093 0.494331
vt 0.072846 0.493001
vt 0.0737694 0.491635
vt 0.0745881 0.490236
vt 0.0753105 0.488805
vt 0.0759453 0.487345
vt 0.0765009 0.485858
vt 0.0769859 0.484346
vt 0.0774087 0.48281
vt 0.0777779 0.481254
vt 0.0781021 0.479679
vt 0.0783896 0.478087
vt 0.0786491 0.476481
vt 0.0788891 0.474862
vt 0.0791181 0.473234
vt 0.0793446 0.471596
vt 0.0795772 0.469953
vt 0.0805281 0.46414
vt 0.0816856 0.458395
vt 0.0830476 0.452721
vt 0.0846119 0.447121
vt 0.0863764 0.441599
vt 0.088339 0.436158
vt 0.0904976 0.430801
vt 0.09285 0.425531
vt 0.0953941 0.420353
vt 0.0981277 0.415269
vt 0.101049 0.410283
vt 0.104155 0.405398
vt 0.107445 0.400617
vt 0.110916 0.395943
vt 0.114565 0.391381
vt 0.118392 0.386933
vt 0.132471 0.372864
vt 0.136343 0.369304
vt 0.14044 0.366071
vt 0.144727 0.363099
vt 0.14917 0.360323
vt 0.151309 0.359244
vt 0.153527 0.358496
vt 0.155798 0.358061
vt 0.158093 0.357921
vt 0.160315 0.358047
vt 0.162509 0.358415
vt 0.164403 0.35892
vt 0.166195 0.359564
vt 0.167882 0.360342
vt 0.169463 0.361246
vt 0.170933 0.36227
vt 0.17229 0.363407
vt 0.173531 0.364649
vt 0.174653 0.365991
vt 0.175655 0.367425
vt 0.176531 0.368945
vt 0.177281 0.370543
vt 0.177901 0.372214
vt 0.178388 0.373949
vt 0.178739 0.375743
vt 0.178952 0.377588
vt 0.179023 0.379478
vt 0.17896 0.381283
vt 0.178938 0.38193
vt 0.179004 0.383196
vt 0.179151 0.384452
vt 0.179298 0.385715
vt 0.179364 0.387004
vt 0.179284 0.388243
vt 0.179001 0.389535
vt 0.17867 0.396324
vt 0.178225 0.399892
vt 0.177677 0.403432
vt 0.177024 0.406942
vt 0.176266 0.41042
vt 0.175403 0.413864
vt 0.174436 0.417275
vt 0.173364 0.420649
vt 0.172186 0.423985
vt 0.170903 0.427283
vt 0.169515 0.430539
vt 0.168022 0.433754
vt 0.166423 0.436925
vt 0.164718 0.440051
vt 0.162907 0.44313
vt 0.160991 0.44616
vt 0.158968 0.449142
vt 0.157836 0.45087
vt 0.156824 0.452645
vt 0.155922 0.454464
vt 0.155118 0.456321
vt 0.154403 0.458214
vt 0.153766 0.460138
vt 0.153195 0.462089
vt 0.152679 0.464063
vt 0.152282 0.46593
vt 0.152002 0.467834
vt 0.151836 0.469768
vt 0.151782 0.471723
vt 0.151935 0.475066
vt 0.152384 0.478413
vt 0.153116 0.481729
vt 0.154116 0.484976
vt 0.155368 0.488119
vt 0.15686 0.491121
vt 0.158577 0.493945
vt 0.160504 0.496554
vt 0.161957 0.498244
vt 0.163495 0.49985
vt 0.165113 0.50137
vt 0.166807 0.502799
vt 0.16857 0.504134
vt 0.170397 0.505372
vt 0.172284 0.506509
vt 0.174225 0.507541
vt 0.176216 0.508465
vt 0.17825 0.509277
vt 0.180322 0.509974
vt 0.182428 0.510552
vt 0.184563 0.511008
vt 0.18672 0.511338
vt 0.188895 0.511539
vt 0.191084 0.511606
vt 0.194635 0.511425
vt 0.197257 0.511076
vt 0.199825 0.510574
vt 0.202333 0.50992
vt 0.204775 0.509119
vt 0.207145 0.508172
vt 0.209439 0.507083
vt 0.211651 0.505854
vt 0.213776 0.504487
vt 0.215807 0.502986
vt 0.21774 0.501354
vt 0.219569 0.499592
vt 0.221288 0.497704
vt 0.222892 0.495692
vt 0.224376 0.493559
vt 0.225734 0.491309
vt 0.226961 0.488942
vt 0.227856 0.486937
vt 0.228644 0.484888
vt 0.229321 0.482801
vt 0.229883 0.480682
vt 0.230326 0.478536
vt 0.230647 0.47637
vt 0.230843 0.474189
vt 0.230909 0.472
vt 0.230793 0.469124
vt 0.230439 0.466258
vt 0.230036 0.46407
vt 0.229554 0.461935
vt 0.22898 0.459848
vt 0.228302 0.457808
vt 0.227506 0.455812
vt 0.226582 0.453856
vt 0.225515 0.451939
vt 0.224292 0.450058
vt 0.222191 0.446954
vt 0.220197 0.443803
vt 0.218311 0.440606
vt 0.216533 0.437362
vt 0.214865 0.434074
vt 0.213308 0.43074
vt 0.211862 0.427363
vt 0.21053 0.423943
vt 0.209312 0.420479
vt 0.208208 0.416974
vt 0.20722 0.413427
vt 0.20635 0.409839
vt 0.205597 0.40621
vt 0.204964 0.402542
vt 0.20445 0.398835
vt 0.204058 0.395089
vt 0.203963 0.377085
vt 0.204025 0.375575
vt 0.204206 0.374184
vt 0.2045 0.372827
vt 0.2049 0.37151
vt 0.205399 0.370235
vt 0.20599 0.369006
vt 0.206668 0.367825
vt 0.207424 0.366698
vt 0.208252 0.365627
vt 0.209145 0.364615
vt 0.210097 0.363666
vt 0.211101 0.362784
vt 0.21215 0.361972
vt 0.213237 0.361234
vt 0.214356 0.360572
vt 0.2155 0.359991
vt 0.217726 0.359088
vt 0.21996 0.358449
vt 0.222192 0.358069
vt 0.224411 0.357944
vt 0.226105 0.358017
vt 0.22778 0.358237
vt 0.229431 0.358599
vt 0.231052 0.359102
vt 0.232639 0.359744
vt 0.234187 0.360523
vt 0.23569 0.361435
vt 0.237145 0.362478
vt 0.24783 0.370772
vt 0.254363 0.376638
vt 0.256798 0.378893
vt 0.259099 0.381159
vt 0.261346 0.383498
vt 0.263616 0.385973
vt 0.267429 0.390363
vt 0.271071 0.394876
vt 0.274539 0.399507
vt 0.277832 0.404252
vt 0.280947 0.409106
vt 0.283885 0.414063
vt 0.286641 0.419119
vt 0.289216 0.424269
vt 0.291607 0.429508
vt 0.293811 0.434832
vt 0.295829 0.440235
vt 0.297657 0.445712
vt 0.299294 0.45126
vt 0.300739 0.456872
vt 0.301989 0.462544
vt 0.303043 0.468272
vt 0.304484 0.478897
vt 0.305197 0.482115
vt 0.306166 0.485225
vt 0.30738 0.488217
vt 0.308826 0.49108
vt 0.310491 0.493803
vt 0.312362 0.496377
vt 0.314428 0.498789
vt 0.316675 0.501029
vt 0.319091 0.503086
vt 0.321664 0.50495
vt 0.32438 0.50661
vt 0.327228 0.508055
vt 0.330195 0.509274
vt 0.333267 0.510257
vt 0.336434 0.510993
vt 0.339681 0.511471
vt 0.341997 0.511653
vt 0.344308 0.511713
vt 0.347105 0.511625
vt 0.349878 0.511361
vt 0.352616 0.510924
vt 0.35531 0.510316
vt 0.357949 0.509541
vt 0.360525 0.5086
vt 0.363027 0.507497
vt 0.365444 0.506233
vt 0.367768 0.504811
vt 0.369989 0.503234
vt 0.372095 0.501505
vt 0.374078 0.499625
vt 0.375928 0.497597
vt 0.377635 0.495425
vt 0.379188 0.49311
vt 0.380578 0.490654
vt 0.381689 0.488348
vt 0.382653 0.486007
vt 0.383471 0.483639
vt 0.384142 0.481248
vt 0.384666 0.47884
vt 0.38504 0.476423
vt 0.385265 0.474
vt 0.385341 0.471579
vt 0.385245 0.468862
vt 0.384957 0.466161
vt 0.384477 0.463487
vt 0.383802 0.460846
vt 0.382932 0.458247
vt 0.381866 0.455699
vt 0.380603 0.453209
vt 0.379142 0.450786
vt 0.376523 0.446701
vt 0.374027 0.442606
vt 0.37167 0.438479
vt 0.36947 0.434292
vt 0.367442 0.430021
vt 0.365603 0.425641
vt 0.363969 0.421126
vt 0.362557 0.416451
vt 0.361821 0.413764
vt 0.361094 0.411078
vt 0.360403 0.408386
vt 0.359775 0.405682
vt 0.359238 0.402961
vt 0.358819 0.400217
vt 0.358546 0.397445
vt 0.358445 0.394638
vt 0.358417 0.380725
vt 0.358818 0.378349
vt 0.359515 0.376045
vt 0.36048 0.373835
vt 0.361681 0.371739
vt 0.363089 0.369778
vt 0.364674 0.367972
vt 0.366405 0.366343
vt 0.368253 0.364911
vt 0.369837 0.363886
vt 0.371449 0.363005
vt 0.373086 0.362265
vt 0.374742 0.361664
vt 0.376413 0.3612
vt 0.378094 0.360871
vt 0.379781 0.360675
vt 0.381469 0.360611
vt 0.383468 0.360701
vt 0.385455 0.36097
vt 0.387421 0.361414
vt 0.389358 0.36203
vt 0.391259 0.362815
vt 0.393117 0.363764
vt 0.394922 0.364876
vt 0.396669 0.366145
vt 0.40091 0.369585
vt 0.405035 0.373146
vt 0.40904 0.376825
vt 0.412921 0.380621
vt 0.416673 0.384534
vt 0.420293 0.388561
vt 0.423775 0.392702
vt 0.427116 0.396954
vt 0.430312 0.401316
vt 0.433357 0.405787
vt 0.436248 0.410366
vt 0.438981 0.41505
vt 0.441551 0.419839
vt 0.443955 0.424731
vt 0.446186 0.429725
vt 0.448243 0.434819
vt 0.450006 0.439564
vt 0.451655 0.444318
vt 0.453171 0.44909
vt 0.454534 0.453892
vt 0.455725 0.458733
vt 0.456724 0.463624
vt 0.457512 0.468573
vt 0.45807 0.473592
vt 0.458543 0.4773
vt 0.459308 0.480896
vt 0.460354 0.484368
vt 0.46167 0.487701
vt 0.463246 0.490879
vt 0.465072 0.493889
vt 0.467136 0.496716
vt 0.469429 0.499345
vt 0.471939 0.501762
vt 0.474656 0.503952
vt 0.477569 0.505901
vt 0.480669 0.507593
vt 0.483943 0.509015
vt 0.487383 0.510152
vt 0.490976 0.51099
vt 0.494713 0.511513
vt 0.496007 0.511606
vt 0.497233 0.511636
vt 0.498744 0.511596
vt 0.50037 0.511487
vt 0.503938 0.511045
vt 0.507395 0.510307
vt 0.510727 0.509285
vt 0.513922 0.507993
vt 0.516969 0.506442
vt 0.519854 0.504648
vt 0.522566 0.50262
vt 0.525092 0.500374
vt 0.52742 0.497922
vt 0.529538 0.495276
vt 0.531433 0.492449
vt 0.533093 0.489454
vt 0.534506 0.486305
vt 0.535659 0.483013
vt 0.53654 0.479592
vt 0.537137 0.476054
vt 0.537398 0.473551
vt 0.537494 0.471189
vt 0.537453 0.469742
vt 0.537322 0.46827
vt 0.537092 0.466741
vt 0.536753 0.465127
vt 0.536298 0.46326
vt 0.535804 0.461383
vt 0.535254 0.459508
vt 0.534631 0.457647
vt 0.533915 0.455812
vt 0.53309 0.454016
vt 0.532137 0.45227
vt 0.531038 0.450587
vt 0.528493 0.446874
vt 0.52611 0.44309
vt 0.523891 0.439238
vt 0.521835 0.435324
vt 0.519942 0.431353
vt 0.518213 0.427329
vt 0.516648 0.423258
vt 0.515247 0.419143
vt 0.51401 0.41499
vt 0.512938 0.410804
vt 0.51203 0.40659
vt 0.511287 0.402352
vt 0.510708 0.398095
vt 0.510295 0.393825
vt 0.510047 0.389545
vt 0.509964 0.38526
vt 0.510041 0.381144
vt 0.51027 0.377032
vt 0.510653 0.372929
vt 0.511189 0.36884
vt 0.511878 0.364768
vt 0.512721 0.360717
vt 0.513718 0.356693
vt 0.514869 0.3527
vt 0.516173 0.348741
vt 0.517633 0.344821
vt 0.519246 0.340944
vt 0.521014 0.337115
vt 0.522937 0.333337
vt 0.525014 0.329615
vt 0.527246 0.325954
vt 0.529634 0.322358
vt 0.530973 0.320314
vt 0.532177 0.318251
vt 0.533251 0.316159
vt 0.534202 0.31403
vt 0.535036 0.311856
vt 0.53576 0.309628
vt 0.536379 0.307337
vt 0.536901 0.304976
vt 0.537342 0.302072
vt 0.53748 0.299358
vt 0.53735 0.296599
vt 0.536988 0.293657
vt 0.536273 0.289999
vt 0.535253 0.286479
vt 0.533944 0.283111
vt 0.532362 0.279908
vt 0.530524 0.276883
vt 0.528444 0.274051
vt 0.526139 0.271424
vt 0.523625 0.269016
vt 0.520916 0.266841
vt 0.51803 0.264913
vt 0.514982 0.263243
vt 0.511788 0.261847
vt 0.508464 0.260738
vt 0.505025 0.259929
vt 0.501487 0.259434
vt 0.497866 0.259266
vt 0.495713 0.259325
vt 0.49354 0.259503
vt 0.48983 0.260087
vt 0.486254 0.261001
vt 0.482824 0.262227
vt 0.479556 0.263749
vt 0.476465 0.26555
vt 0.473565 0.267613
vt 0.470872 0.269922
vt 0.468399 0.272459
vt 0.466162 0.275208
vt 0.464176 0.278151
vt 0.462454 0.281273
vt 0.461013 0.284555
vt 0.459866 0.287982
vt 0.459029 0.291536
vt 0.458515 0.295201
vt 0.458341 0.29896
vt 0.458467 0.302171
vt 0.458801 0.30507
vt 0.459339 0.307892
vt 0.460075 0.31064
vt 0.461004 0.313317
vt 0.46212 0.315926
vt 0.463416 0.31847
vt 0.464888 0.320951
vt 0.466528 0.323374
vt 0.468269 0.325902
vt 0.469937 0.328537
vt 0.471528 0.331269
vt 0.473042 0.334088
vt 0.474477 0.336982
vt 0.475832 0.339942
vt 0.477105 0.342958
vt 0.478294 0.346019
vt 0.479398 0.349114
vt 0.480416 0.352234
vt 0.481345 0.355368
vt 0.482185 0.358505
vt 0.482934 0.361636
vt 0.48359 0.36475
vt 0.484151 0.367837
vt 0.484617 0.370886
vt 0.485205 0.377904
vt 0.485419 0.381031
vt 0.485499 0.384094
vt 0.485382 0.387494
vt 0.484992 0.390962
vt 0.484389 0.393657
vt 0.483459 0.3962
vt 0.482239 0.398573
vt 0.480764 0.400761
vt 0.479071 0.402745
vt 0.477197 0.404509
vt 0.475177 0.406037
vt 0.473048 0.407312
vt 0.470331 0.408544
vt 0.467537 0.409428
vt 0.464703 0.409961
vt 0.461862 0.41014
vt 0.459115 0.409968
vt 0.456427 0.409453
vt 0.453827 0.40859
vt 0.451349 0.407376
vt 0.447781 0.405149
vt 0.444406 0.40271
vt 0.441206 0.40006
vt 0.438162 0.3972
vt 0.42407 0.38314
vt 0.42066 0.379117
vt 0.417391 0.375
vt 0.414266 0.370791
vt 0.411284 0.366493
vt 0.408448 0.362108
vt 0.405759 0.357641
vt 0.403218 0.353092
vt 0.400827 0.348466
vt 0.398587 0.343765
vt 0.3965 0.338991
vt 0.394566 0.334148
vt 0.392787 0.329238
vt 0.391165 0.324264
vt 0.3897 0.319229
vt 0.388395 0.314135
vt 0.387251 0.308985
vt 0.386214 0.302442
vt 0.385908 0.300404
vt 0.385625 0.298374
vt 0.385342 0.296353
vt 0.385039 0.294341
vt 0.384693 0.292338
vt 0.384284 0.290344
vt 0.383789 0.28836
vt 0.383188 0.286386
vt 0.381995 0.283243
vt 0.380593 0.280273
vt 0.378991 0.277481
vt 0.377198 0.27487
vt 0.375223 0.272444
vt 0.373075 0.270208
vt 0.370763 0.268165
vt 0.368298 0.26632
vt 0.365686 0.264677
vt 0.362939 0.26324
vt 0.360065 0.262013
vt 0.357074 0.260999
vt 0.353974 0.260204
vt 0.350774 0.259631
vt 0.347485 0.259284
vt 0.344114 0.259168
vt 0.341912 0.259216
vt 0.338481 0.259515
vt 0.33513 0.260101
vt 0.331873 0.260961
vt 0.328723 0.262084
vt 0.325696 0.263458
vt 0.322806 0.265071
vt 0.320066 0.26691
vt 0.317491 0.268963
vt 0.315095 0.27122
vt 0.312893 0.273667
vt 0.310899 0.276293
vt 0.309126 0.279086
vt 0.30759 0.282034
vt 0.306304 0.285125
vt 0.305282 0.288346
vt 0.30454 0.291687
vt 0.304052 0.295357
vt 0.303892 0.298923
vt 0.30404 0.302308
vt 0.304474 0.305607
vt 0.305184 0.308828
vt 0.306156 0.311977
vt 0.307378 0.31506
vt 0.308839 0.318084
vt 0.310525 0.321055
vt 0.312425 0.32398
vt 0.314494 0.327103
vt 0.316432 0.330283
vt 0.318242 0.333517
vt 0.319925 0.336801
vt 0.321483 0.340134
vt 0.322917 0.343513
vt 0.324231 0.346934
vt 0.325425 0.350395
vt 0.326501 0.353894
vt 0.327462 0.357428
vt 0.328309 0.360994
vt 0.329044 0.364589
vt 0.329668 0.36821
vt 0.330184 0.371856
vt 0.330594 0.375523
vt 0.330899 0.379208
vt 0.330947 0.389151
vt 0.330884 0.390622
vt 0.330702 0.391966
vt 0.330409 0.393265
vt 0.330016 0.394527
vt 0.32953 0.39576
vt 0.328963 0.396972
vt 0.328322 0.398169
vt 0.327618 0.39936
vt 0.325807 0.401922
vt 0.32375 0.404161
vt 0.32148 0.40607
vt 0.319027 0.407644
vt 0.316427 0.408878
vt 0.31371 0.409766
vt 0.310909 0.410303
vt 0.308057 0.410483
vt 0.306119 0.4104
vt 0.304184 0.410151
vt 0.302259 0.409733
vt 0.300357 0.409145
vt 0.298485 0.408386
vt 0.296655 0.407453
vt 0.294877 0.406345
vt 0.293159 0.40506
vt 0.283913 0.397514
vt 0.269605 0.383137
vt 0.265688 0.378481
vt 0.261957 0.373699
vt 0.258415 0.368795
vt 0.255064 0.363774
vt 0.251907 0.358642
vt 0.248947 0.353403
vt 0.246187 0.348063
vt 0.243629 0.342626
vt 0.241276 0.337098
vt 0.239131 0.331483
vt 0.237196 0.325787
vt 0.235474 0.320014
vt 0.233968 0.31417
vt 0.23268 0.30826
vt 0.231614 0.302288
vt 0.230771 0.29626
vt 0.229693 0.289618
vt 0.229007 0.287269
vt 0.228194 0.284951
vt 0.227252 0.282673
vt 0.226178 0.280446
vt 0.224973 0.278279
vt 0.223635 0.276182
vt 0.222162 0.274165
vt 0.220553 0.272237
vt 0.219099 0.270696
vt 0.217575 0.269249
vt 0.215985 0.267898
vt 0.214335 0.266643
vt 0.212629 0.265484
vt 0.21087 0.264422
vt 0.209064 0.263458
vt 0.207215 0.262593
vt 0.205327 0.261828
vt 0.203405 0.261162
vt 0.201454 0.260596
vt 0.199477 0.260132
vt 0.197479 0.25977
vt 0.195465 0.259511
vt 0.193439 0.259355
vt 0.191405 0.259303
vt 0.187874 0.259461
vt 0.184358 0.259937
vt 0.180878 0.260734
vt 0.177459 0.261857
vt 0.174124 0.263308
vt 0.170896 0.265091
vt 0.167798 0.267209
vt 0.164853 0.269667
vt 0.162257 0.272254
vt 0.159947 0.274983
vt 0.157926 0.277858
vt 0.156194 0.280881
vt 0.154752 0.284055
vt 0.153602 0.287383
vt 0.152744 0.290868
vt 0.152179 0.294513
vt 0.151315 0.301041
vt 0.150196 0.307501
vt 0.148823 0.313889
vt 0.147199 0.320197
vt 0.145328 0.32642
vt 0.143213 0.332551
vt 0.140855 0.338584
vt 0.138258 0.344513
vt 0.135426 0.350332
vt 0.132359 0.356035
vt 0.129062 0.361615
vt 0.125538 0.367066
vt 0.121788 0.372383
vt 0.117816 0.377559
vt 0.113625 0.382587
vt 0.109217 0.387462
vt 0.102402 0.39433
vt 0.100359 0.396083
vt 0.0983347 0.397854
vt 0.096312 0.399621
vt 0.094273 0.401367
vt 0.0922001 0.403072
vt 0.0900754 0.404717
vt 0.0878811 0.406282
vt 0.0855996 0.40775
vt 0.0831081 0.409032
vt 0.0805378 0.409929
vt 0.0779124 0.410455
vt 0.0752557 0.410627
vt 0.0723924 0.410435
vt 0.0695495 0.40987
vt 0.0667564 0.408953
vt 0.0640425 0.407703
vt 0.0628675 0.407044
vt 0.0617171 0.406326
vt 0.0605985 0.405549
vt 0.0595187 0.404715
vt 0.0584846 0.403827
vt 0.0575034 0.402885
vt 0.0565821 0.401892
vt 0.0557277 0.40085
vt 0.0549473 0.39976
vt 0.0542478 0.398624
vt 0.0536364 0.397445
vt 0.0531201 0.396223
vt 0.0527059 0.394962
vt 0.0524008 0.393661
vt 0.0522119 0.392325
vt 0.0521463 0.390953
vt 0.0521282 0.375871
vt 0.0525863 0.371442
vt 0.0530075 0.367997
vt 0.0535527 0.364588
vt 0.0542185 0.361216
vt 0.0550015 0.357882
vt 0.0558983 0.354585
vt 0.0569056 0.351326
vt 0.0580199 0.348105
vt 0.0592379 0.344922
vt 0.0605561 0.341778
vt 0.0619713 0.338674
vt 0.06348 0.335609
vt 0.0650789 0.332583
vt 0.0667645 0.329598
vt 0.0685335 0.326653
vt 0.0703826 0.323748
vt 0.0723082 0.320885
vt 0.0767908 0.311802
vt 0.0783532 0.305179
vt 0.078887 0.302044
vt 0.0790582 0.298818
vt 0.0789813 0.296571
vt 0.0787571 0.294319
vt 0.0783955 0.292076
vt 0.0779063 0.289857
vt 0.0772994 0.287678
vt 0.0765846 0.285554
vt 0.0757718 0.2835
vt 0.0748708 0.281531
vt 0.073784 0.279468
vt 0.0725887 0.277487
vt 0.071291 0.275592
vt 0.0698969 0.273784
vt 0.0684122 0.272068
vt 0.0668429 0.270448
vt 0.0651949 0.268925
vt 0.0634743 0.267503
vt 0.0616869 0.266186
vt 0.0598387 0.264976
vt 0.0579356 0.263877
vt 0.0559836 0.262892
vt 0.0539886 0.262025
vt 0.0519565 0.261278
vt 0.0498934 0.260655
vt 0.0478051 0.260158
vt 0.0456634 0.259773
vt 0.0435367 0.259499
vt 0.0414275 0.259336
vt 0.0393379 0.259281
vt 0.0355828 0.25946
vt 0.0319145 0.259988
vt 0.0283465 0.260859
vt 0.0248927 0.262065
vt 0.0215668 0.263596
vt 0.0183825 0.265445
vt 0.0153536 0.267603
vt 0.0124938 0.270062
vt 0.009576 0.273105
vt 0.0070451 0.27636
vt 0.00490174 0.2798
vt 0.00314658 0.283395
vt 0.0017803 0.287117
vt 0.000803559 0.290938
vt 0.000217027 0.294828
vt 2.13673e-05 0.298759
vt 0.000138396 0.301807
vt 0.000489688 0.30485
vt 0.00107555 0.307874
vt 0.00189629 0.310866
vt 0.00295222 0.313813
vt 0.00424364 0.316701
vt 0.00577087 0.319517
vt 0.0075342 0.322248
vt 0.00957354 0.325265
vt 0.0115005 0.328337
vt 0.0133155 0.331461
vt 0.0150186 0.334636
vt 0.0166101 0.337859
vt 0.0180903 0.341129
vt 0.0194595 0.344443
vt 0.020718 0.3478
vt 0.0218659 0.351197
vt 0.0229036 0.354633
vt 0.0238312 0.358105
vt 0.0246492 0.361613
vt 0.0253576 0.365153
vt 0.0259569 0.368724
vt 0.0264472 0.372323
vt 0.0268288 0.37595
vt 0.0269357 0.394271
vt 0.0256817 0.404356
vt 0.024849 0.408356
vt 0.0235054 0.414001
vt 0.021864 0.419508
vt 0.0199392 0.424885
vt 0.0177455 0.430141
vt 0.0152971 0.435282
vt 0.0126084 0.440317
vt 0.00969398 0.445254
vt 0.00656808 0.4501
vt 0.00502047 0.452604
vt 0.00368247 0.45519
vt 0.00255308 0.457845
vt 0.00163129 0.460558
vt 0.000916092 0.463317
vt 0.000406482 0.466112
vt 2.67746e-05 0.518346
vt 0.00286053 0.518346
vt 0.00583313 0.518346
vt 0.00881072 0.518346
vt 0.0117967 0.518346
vt 0.0147944 0.518346
vt 0.0178076 0.518346
vt 0.0208401 0.518346
vt 0.0238964 0.518346
vt 0.0269817 0.518346
vt 0.0299183 0.518346
vt 0.0327639 0.518346
vt 0.0356226 0.518346
vt 0.0385871 0.518346
vt 0.0417231 0.518346
vt 0.0449801 0.518346
vt 0.0483244 0.518346
vt 0.0517177 0.518346
vt 0.0551186 0.518346
vt 0.0584856 0.518346
vt 0.0617783 0.518346
vt 0.0649603 0.518346
vt 0.0674695 0.518346
vt 0.0709021 0.518346
vt 0.0742776 0.518346
vt 0.0776142 0.518346
vt 0.080932 0.518346
vt 0.0842521 0.518346
vt 0.0875972 0.518346
vt 0.0909902 0.518346
vt 0.0944543 0.518346
vt 0.103191 0.518346
vt 0.104878 0.518346
vt 0.106526 0.518346
vt 0.108147 0.518346
vt 0.10975 0.518346
vt 0.111342 0.518346
vt 0.11293 0.518346
vt 0.114518 0.518346
vt 0.116111 0.518346
vt 0.11771 0.518346
vt 0.119318 0.518346
vt 0.120936 0.518346
vt 0.122563 0.518346
vt 0.124199 0.518346
vt 0.125844 0.518346
vt 0.127497 0.518346
vt 0.129156 0.518346
vt 0.135046 0.518346
vt 0.140907 0.518346
vt 0.146742 0.518346
vt 0.152557 0.518346
vt 0.158354 0.518346
vt 0.164138 0.518346
vt 0.169914 0.518346
vt 0.175684 0.518346
vt 0.181454 0.518346
vt 0.187226 0.518346
vt 0.193005 0.518346
vt 0.198794 0.518346
vt 0.204598 0.518346
vt 0.210419 0.518346
vt 0.216261 0.518346
vt 0.222129 0.518346
vt 0.242033 0.518346
vt 0.247293 0.518346
vt 0.252512 0.518346
vt 0.257728 0.518346
vt 0.262967 0.518346
vt 0.265363 0.518346
vt 0.267703 0.518346
vt 0.270015 0.518346
vt 0.272315 0.518346
vt 0.27454 0.518346
vt 0.276765 0.518346
vt 0.278725 0.518346
vt 0.280629 0.518346
vt 0.282488 0.518346
vt 0.284308 0.518346
vt 0.286099 0.518346
vt 0.28787 0.518346
vt 0.289626 0.518346
vt 0.291375 0.518346
vt 0.293124 0.518346
vt 0.294879 0.518346
vt 0.296644 0.518346
vt 0.298426 0.518346
vt 0.300229 0.518346
vt 0.302056 0.518346
vt 0.303914 0.518346
vt 0.305805 0.518346
vt 0.307611 0.518346
vt 0.308259 0.518346
vt 0.309526 0.518346
vt 0.31079 0.518346
vt 0.312062 0.518346
vt 0.313353 0.518346
vt 0.314595 0.518346
vt 0.315917 0.518346
vt 0.322715 0.518346
vt 0.32631 0.518346
vt 0.329892 0.518346
vt 0.333462 0.518346
vt 0.337022 0.518346
vt 0.340573 0.518346
vt 0.344118 0.518346
vt 0.347658 0.518346
vt 0.351196 0.518346
vt 0.354734 0.518346
vt 0.358275 0.518346
vt 0.361819 0.518346
vt 0.365371 0.518346
vt 0.368931 0.518346
vt 0.372503 0.518346
vt 0.376089 0.518346
vt 0.379691 0.518346
vt 0.381757 0.518346
vt 0.383801 0.518346
vt 0.385831 0.518346
vt 0.387855 0.518346
vt 0.389878 0.518346
vt 0.391905 0.518346
vt 0.393938 0.518346
vt 0.395978 0.518346
vt 0.397887 0.518346
vt 0.399811 0.518346
vt 0.401752 0.518346
vt 0.403708 0.518346
vt 0.407054 0.518346
vt 0.410432 0.518346
vt 0.413827 0.518346
vt 0.417225 0.518346
vt 0.420609 0.518346
vt 0.423961 0.518346
vt 0.427265 0.518346
vt 0.430509 0.518346
vt 0.432737 0.518346
vt 0.434962 0.518346
vt 0.437182 0.518346
vt 0.439397 0.518346
vt 0.441609 0.518346
vt 0.443816 0.518346
vt 0.446019 0.518346
vt 0.448218 0.518346
vt 0.450412 0.518346
vt 0.452602 0.518346
vt 0.454789 0.518346
vt 0.456973 0.518346
vt 0.459155 0.518346
vt 0.461338 0.518346
vt 0.463522 0.518346
vt 0.465712 0.518346
vt 0.469267 0.518346
vt 0.471913 0.518346
vt 0.47453 0.518346
vt 0.477121 0.518346
vt 0.479691 0.518346
vt 0.482244 0.518346
vt 0.484783 0.518346
vt 0.487314 0.518346
vt 0.48984 0.518346
vt 0.492365 0.518346
vt 0.494895 0.518346
vt 0.497435 0.518346
vt 0.499988 0.518346
vt 0.502561 0.518346
vt 2.62532e-06 0.608628
vt 0.0026008 0.608628
vt 0.00522966 0.608628
vt 0.00789511 0.608628
vt 0.0100908 0.608628
vt 0.0122859 0.608628
vt 0.01448 0.608628
vt 0.0166726 0.608628
vt 0.0188637 0.608628
vt 0.0210537 0.608628
vt 0.0232432 0.608628
vt 0.0254336 0.608628
vt 0.0283112 0.608628
vt 0.0311995 0.608628
vt 0.0334238 0.608628
vt 0.0356132 0.608628
vt 0.0377772 0.608628
vt 0.0399271 0.608628
vt 0.042076 0.608628
vt 0.044239 0.608628
vt 0.0464329 0.608628
vt 0.0486762 0.608628
vt 0.0524245 0.608628
vt 0.0561536 0.608628
vt 0.0598662 0.608628
vt 0.0635648 0.608628
vt 0.0672522 0.608628
vt 0.0709312 0.608628
vt 0.0746046 0.608628
vt 0.0782755 0.608628
vt 0.081947 0.608628
vt 0.0856221 0.608628
vt 0.0893041 0.608628
vt 0.0929963 0.608628
vt 0.096702 0.608628
vt 0.100424 0.608628
vt 0.104167 0.608628
vt 0.107933 0.608628
vt 0.125938 0.608628
vt 0.127449 0.608628
vt 0.128852 0.608628
vt 0.13024 0.608628
vt 0.131617 0.608628
vt 0.132986 0.608628
vt 0.13435 0.608628
vt 0.135711 0.608628
vt 0.137068 0.608628
vt 0.138422 0.608628
vt 0.139772 0.608628
vt 0.141116 0.608628
vt 0.142452 0.608628
vt 0.143779 0.608628
vt 0.145093 0.608628
vt 0.146393 0.608628
vt 0.147676 0.608628
vt 0.150078 0.608628
vt 0.152402 0.608628
vt 0.154666 0.608628
vt 0.156889 0.608628
vt 0.158584 0.608628
vt 0.160273 0.608628
vt 0.161963 0.608628
vt 0.163661 0.608628
vt 0.165373 0.608628
vt 0.167105 0.608628
vt 0.168864 0.608628
vt 0.170654 0.608628
vt 0.18418 0.608628
vt 0.19296 0.608628
vt 0.196279 0.608628
vt 0.199509 0.608628
vt 0.202752 0.608628
vt 0.20611 0.608628
vt 0.211925 0.608628
vt 0.217724 0.608628
vt 0.22351 0.608628
vt 0.229286 0.608628
vt 0.235053 0.608628
vt 0.240815 0.608628
vt 0.246574 0.608628
vt 0.252332 0.608628
vt 0.25809 0.608628
vt 0.263852 0.608628
vt 0.26962 0.608628
vt 0.275395 0.608628
vt 0.281179 0.608628
vt 0.286974 0.608628
vt 0.292782 0.608628
vt 0.298606 0.608628
vt 0.309328 0.608628
vt 0.312624 0.608628
vt 0.315882 0.608628
vt 0.319111 0.608628
vt 0.322318 0.608628
vt 0.32551 0.608628
vt 0.328692 0.608628
vt 0.331867 0.608628
vt 0.33504 0.608628
vt 0.338214 0.608628
vt 0.341391 0.608628
vt 0.344574 0.608628
vt 0.347768 0.608628
vt 0.350975 0.608628
vt 0.354201 0.608628
vt 0.357452 0.608628
vt 0.360734 0.608628
vt 0.363057 0.608628
vt 0.365369 0.608628
vt 0.368168 0.608628
vt 0.370953 0.608628
vt 0.373726 0.608628
vt 0.376487 0.608628
vt 0.379238 0.608628
vt 0.38198 0.608628
vt 0.384714 0.608628
vt 0.387443 0.608628
vt 0.390167 0.608628
vt 0.39289 0.608628
vt 0.395616 0.608628
vt 0.398348 0.608628
vt 0.401093 0.608628
vt 0.403855 0.608628
vt 0.406643 0.608628
vt 0.409465 0.608628
vt 0.412025 0.608628
vt 0.414556 0.608628
vt 0.417062 0.608628
vt 0.419546 0.608628
vt 0.422009 0.608628
vt 0.424456 0.608628
vt 0.426889 0.608628
vt 0.429311 0.608628
vt 0.43203 0.608628
vt 0.434746 0.608628
vt 0.437463 0.608628
vt 0.440189 0.608628
vt 0.442929 0.608628
vt 0.445692 0.608628
vt 0.448483 0.608628
vt 0.451313 0.608628
vt 0.456166 0.608628
vt 0.460961 0.608628
vt 0.465714 0.608628
vt 0.470443 0.608628
vt 0.475171 0.608628
vt 0.479922 0.608628
vt 0.484724 0.608628
vt 0.489607 0.608628
vt 0.492393 0.608628
vt 0.495176 0.608628
vt 0.497955 0.608628
vt 0.500731 0.608628
vt 0.503504 0.608628
vt 4.95741e-05 0.69891
vt 0.00282515 0.69891
vt 0.00561097 0.69891
vt 0.00841938 0.69891
vt 0.0223333 0.69891
vt 0.0247426 0.69891
vt 0.0271492 0.69891
vt 0.0295606 0.69891
vt 0.0319765 0.69891
vt 0.0343909 0.69891
vt 0.0367935 0.69891
vt 0.0391711 0.69891
vt 0.0415093 0.69891
vt 0.0433951 0.69891
vt 0.0452325 0.69891
vt 0.0470286 0.69891
vt 0.0487904 0.69891
vt 0.0505246 0.69891
vt 0.0522378 0.69891
vt 0.0539361 0.69891
vt 0.0556253 0.69891
vt 0.0576267 0.69891
vt 0.0596312 0.69891
vt 0.0616466 0.69891
vt 0.0636796 0.69891
vt 0.0657364 0.69891
vt 0.0678224 0.69891
vt 0.0699426 0.69891
vt 0.0721017 0.69891
vt 0.0775623 0.69891
vt 0.0830114 0.69891
vt 0.08845 0.69891
vt 0.0938791 0.69891
vt 0.0993003 0.69891
vt 0.104715 0.69891
vt 0.110125 0.69891
vt 0.115533 0.69891
vt 0.12094 0.69891
vt 0.12635 0.69891
vt 0.131765 0.69891
vt 0.137189 0.69891
vt 0.142624 0.69891
vt 0.148074 0.69891
vt 0.153544 0.69891
vt 0.159038 0.69891
vt 0.164099 0.69891
vt 0.169131 0.69891
vt 0.174139 0.69891
vt 0.17913 0.69891
vt 0.184116 0.69891
vt 0.189107 0.69891
vt 0.194119 0.69891
vt 0.199169 0.69891
vt 0.202906 0.69891
vt 0.206583 0.69891
vt 0.210209 0.69891
vt 0.213793 0.69891
vt 0.21734 0.69891
vt 0.220861 0.69891
vt 0.224361 0.69891
vt 0.227849 0.69891
vt 0.231334 0.69891
vt 0.234823 0.69891
vt 0.238328 0.69891
vt 0.24186 0.69891
vt 0.24543 0.69891
vt 0.249052 0.69891
vt 0.252742 0.69891
vt 0.256516 0.69891
vt 0.257813 0.69891
vt 0.259039 0.69891
vt 0.260551 0.69891
vt 0.262181 0.69891
vt 0.265776 0.69891
vt 0.26931 0.69891
vt 0.272796 0.69891
vt 0.276242 0.69891
vt 0.279661 0.69891
vt 0.283059 0.69891
vt 0.286445 0.69891
vt 0.289825 0.69891
vt 0.293207 0.69891
vt 0.296596 0.69891
vt 0.299999 0.69891
vt 0.303423 0.69891
vt 0.306875 0.69891
vt 0.310363 0.69891
vt 0.313895 0.69891
vt 0.317483 0.69891
vt 0.32 0.69891
vt 0.322363 0.69891
vt 0.323811 0.69891
vt 0.325289 0.69891
vt 0.326835 0.69891
vt 0.328485 0.69891
vt 0.330406 0.69891
vt 0.332347 0.69891
vt 0.334301 0.69891
vt 0.336264 0.69891
vt 0.338233 0.69891
vt 0.34021 0.69891
vt 0.342199 0.69891
vt 0.344209 0.69891
vt 0.34871 0.69891
vt 0.353182 0.69891
vt 0.357628 0.69891
vt 0.362049 0.69891
vt 0.366448 0.69891
vt 0.370828 0.69891
vt 0.37519 0.69891
vt 0.379536 0.69891
vt 0.383869 0.69891
vt 0.38819 0.69891
vt 0.392501 0.69891
vt 0.396804 0.69891
vt 0.4011 0.69891
vt 0.40539 0.69891
vt 0.409678 0.69891
vt 0.413963 0.69891
vt 0.41808 0.69891
vt 0.422198 0.69891
vt 0.426319 0.69891
vt 0.430443 0.69891
vt 0.434573 0.69891
vt 0.43871 0.69891
vt 0.442856 0.69891
vt 0.447012 0.69891
vt 0.45118 0.69891
vt 0.455363 0.69891
vt 0.459562 0.69891
vt 0.46378 0.69891
vt 0.468019 0.69891
vt 0.472281 0.69891
vt 0.476569 0.69891
vt 0.480886 0.69891
vt 0.483329 0.69891
vt 0.485718 0.69891
vt 0.488069 0.69891
vt 0.490401 0.69891
vt 0.49273 0.69891
vt 0.495072 0.69891
vt 0.497445 0.69891
vt 0.499864 0.69891
vt 0.502801 0.69891
vt 3.74061e-05 0.789192
vt 0.00275472 0.789192
vt 0.00551656 0.789192
vt 0.00848042 0.789192
vt 0.0122078 0.789192
vt 0.0158727 0.789192
vt 0.0194863 0.789192
vt 0.0230587 0.789192
vt 0.0265982 0.789192
vt 0.0301122 0.789192
vt 0.0336069 0.789192
vt 0.0370882 0.789192
vt 0.0405617 0.789192
vt 0.0440329 0.789192
vt 0.047508 0.789192
vt 0.0509939 0.789192
vt 0.0544986 0.789192
vt 0.0580315 0.789192
vt 0.0616038 0.789192
vt 0.0652283 0.789192
vt 0.0673824 0.789192
vt 0.0695628 0.789192
vt 0.0733179 0.789192
vt 0.0770096 0.789192
vt 0.080652 0.789192
vt 0.0842569 0.789192
vt 0.0878345 0.789192
vt 0.0913934 0.789192
vt 0.0949409 0.789192
vt 0.0984835 0.789192
vt 0.102027 0.789192
vt 0.105579 0.789192
vt 0.109143 0.789192
vt 0.112728 0.789192
vt 0.116342 0.789192
vt 0.119993 0.789192
vt 0.123694 0.789192
vt 0.127457 0.789192
vt 0.130671 0.789192
vt 0.133589 0.789192
vt 0.136462 0.789192
vt 0.139307 0.789192
vt 0.14214 0.789192
vt 0.144977 0.789192
vt 0.147833 0.789192
vt 0.150718 0.789192
vt 0.153643 0.789192
vt 0.156713 0.789192
vt 0.159831 0.789192
vt 0.162993 0.789192
vt 0.166192 0.789192
vt 0.169423 0.789192
vt 0.172679 0.789192
vt 0.175952 0.789192
vt 0.179235 0.789192
vt 0.182522 0.789192
vt 0.185803 0.789192
vt 0.189072 0.789192
vt 0.19232 0.789192
vt 0.195539 0.789192
vt 0.198722 0.789192
vt 0.201859 0.789192
vt 0.204944 0.789192
vt 0.211986 0.789192
vt 0.215121 0.789192
vt 0.218185 0.789192
vt 0.221587 0.789192
vt 0.225076 0.789192
vt 0.227838 0.789192
vt 0.230546 0.789192
vt 0.233215 0.789192
vt 0.235853 0.789192
vt 0.238461 0.789192
vt 0.241035 0.789192
vt 0.243568 0.789192
vt 0.246049 0.789192
vt 0.249033 0.789192
vt 0.251962 0.789192
vt 0.254846 0.789192
vt 0.257693 0.789192
vt 0.260445 0.789192
vt 0.263183 0.789192
vt 0.265922 0.789192
vt 0.268681 0.789192
vt 0.272887 0.789192
vt 0.277051 0.789192
vt 0.281206 0.789192
vt 0.285383 0.789192
vt 0.305289 0.789192
vt 0.310563 0.789192
vt 0.31582 0.789192
vt 0.321063 0.789192
vt 0.326294 0.789192
vt 0.331516 0.789192
vt 0.33673 0.789192
vt 0.34194 0.789192
vt 0.347147 0.789192
vt 0.352355 0.789192
vt 0.357565 0.789192
vt 0.36278 0.789192
vt 0.368003 0.789192
vt 0.373234 0.789192
vt 0.378479 0.789192
vt 0.383737 0.789192
vt 0.389012 0.789192
vt 0.395637 0.789192
vt 0.397698 0.789192
vt 0.399747 0.789192
vt 0.401788 0.789192
vt 0.403823 0.789192
vt 0.405855 0.789192
vt 0.407891 0.789192
vt 0.409936 0.789192
vt 0.411999 0.789192
vt 0.415361 0.789192
vt 0.418645 0.789192
vt 0.421864 0.789192
vt 0.425032 0.789192
vt 0.42816 0.789192
vt 0.431261 0.789192
vt 0.434345 0.789192
vt 0.437425 0.789192
vt 0.44051 0.789192
vt 0.44361 0.789192
vt 0.446735 0.789192
vt 0.449894 0.789192
vt 0.453094 0.789192
vt 0.456345 0.789192
vt 0.459653 0.789192
vt 0.463025 0.789192
vt 0.465228 0.789192
vt 0.468672 0.789192
vt 0.472074 0.789192
vt 0.475443 0.789192
vt 0.478786 0.789192
vt 0.482111 0.789192
vt 0.48542 0.789192
vt 0.48872 0.789192
vt 0.492014 0.789192
vt 0.495305 0.789192
vt 0.498597 0.789192
vt 0.501895 0.789192
vt 4.6446e-05 0.879474
vt 0.00335439 0.879474
vt 0.00667856 0.879474
vt 0.0100261 0.879474
vt 0.0134057 0.879474
vt 0.0168278 0.879474
vt 0.0205298 0.879474
vt 0.0241002 0.879474
vt 0.0274876 0.879474
vt 0.0308154 0.879474
vt 0.0341135 0.879474
vt 0.0374089 0.879474
vt 0.0407256 0.879474
vt 0.0440838 0.879474
vt 0.0475003 0.879474
vt 0.0509882 0.879474
vt 0.0547347 0.879474
vt 0.0584588 0.879474
vt 0.0621643 0.879474
vt 0.0658548 0.879474
vt 0.0695338 0.879474
vt 0.0732042 0.879474
vt 0.0768689 0.879474
vt 0.0805304 0.879474
vt 0.0841911 0.879474
vt 0.0878531 0.879474
vt 0.0915179 0.879474
vt 0.0951873 0.879474
vt 0.0988625 0.879474
vt 0.102545 0.879474
vt 0.106234 0.879474
vt 0.109932 0.879474
vt 0.119875 0.879474
vt 0.121348 0.879474
vt 0.122704 0.879474
vt 0.124035 0.879474
vt 0.125358 0.879474
vt 0.126683 0.879474
vt 0.12802 0.879474
vt 0.129379 0.879474
vt 0.130762 0.879474
vt 0.133899 0.879474
vt 0.136939 0.879474
vt 0.139906 0.879474
vt 0.14282 0.879474
vt 0.145699 0.879474
vt 0.148557 0.879474
vt 0.151409 0.879474
vt 0.154267 0.879474
vt 0.156206 0.879474
vt 0.158157 0.879474
vt 0.160127 0.879474
vt 0.162118 0.879474
vt 0.164138 0.879474
vt 0.166192 0.879474
vt 0.168287 0.879474
vt 0.170432 0.879474
vt 0.182367 0.879474
vt 0.20265 0.879474
vt 0.208734 0.879474
vt 0.2148 0.879474
vt 0.22085 0.879474
vt 0.226886 0.879474
vt 0.232911 0.879474
vt 0.238928 0.879474
vt 0.24494 0.879474
vt 0.250948 0.879474
vt 0.256956 0.879474
vt 0.262967 0.879474
vt 0.268983 0.879474
vt 0.275007 0.879474
vt 0.281042 0.879474
vt 0.287091 0.879474
vt 0.293157 0.879474
vt 0.299244 0.879474
vt 0.305972 0.879474
vt 0.30842 0.879474
vt 0.310876 0.879474
vt 0.313342 0.879474
vt 0.315814 0.879474
vt 0.318294 0.879474
vt 0.320781 0.879474
vt 0.323279 0.879474
vt 0.325789 0.879474
vt 0.327909 0.879474
vt 0.33001 0.879474
vt 0.332096 0.879474
vt 0.33417 0.879474
vt 0.336232 0.879474
vt 0.338287 0.879474
vt 0.340334 0.879474
vt 0.342375 0.879474
vt 0.344412 0.879474
vt 0.346446 0.879474
vt 0.348478 0.879474
vt 0.350509 0.879474
vt 0.352539 0.879474
vt 0.35457 0.879474
vt 0.356602 0.879474
vt 0.358636 0.879474
vt 0.36217 0.879474
vt 0.365719 0.879474
vt 0.369289 0.879474
vt 0.372887 0.879474
vt 0.376524 0.879474
vt 0.380212 0.879474
vt 0.383966 0.879474
vt 0.387801 0.879474
vt 0.391466 0.879474
vt 0.395042 0.879474
vt 0.398556 0.879474
vt 0.40204 0.879474
vt 0.405526 0.879474
vt 0.409047 0.879474
vt 0.412636 0.879474
vt 0.416324 0.879474
vt 0.422909 0.879474
vt 0.429466 0.879474
vt 0.436 0.879474
vt 0.442514 0.879474
vt 0.449012 0.879474
vt 0.455498 0.879474
vt 0.461975 0.879474
vt 0.468448 0.879474
vt 0.47492 0.879474
vt 0.481394 0.879474
vt 0.487876 0.879474
vt 0.494367 0.879474
vt 0.500873 0.879474
vt 0.507397 0.879474
vt 0.508552 0.789192
vt 0.515098 0.789192
vt 0.52167 0.789192
vt 0.531345 0.789192
vt 0.534038 0.789192
vt 0.536727 0.789192
vt 0.539413 0.789192
vt 0.542098 0.789192
vt 0.544782 0.789192
vt 0.547469 0.789192
vt 0.550164 0.789192
vt 0.552877 0.789192
vt 0.555679 0.789192
vt 0.558401 0.789192
vt 0.561079 0.789192
vt 0.563741 0.789192
vt 0.566611 0.789192
vt 0.569509 0.789192
vt 0.572449 0.789192
vt 0.575437 0.789192
vt 0.576784 0.789192
vt 0.57814 0.789192
vt 0.579502 0.789192
vt 0.580867 0.789192
vt 0.58223 0.789192
vt 0.58359 0.789192
vt 0.584945 0.789192
vt 0.586292 0.789192
vt 0.587633 0.789192
vt 0.588966 0.789192
vt 0.590295 0.789192
vt 0.591621 0.789192
vt 0.592949 0.789192
vt 0.594285 0.789192
vt 0.595635 0.789192
vt 0.597008 0.789192
vt 0.612089 0.789192
vt 0.616543 0.789192
vt 0.620013 0.789192
vt 0.623465 0.789192
vt 0.626902 0.789192
vt 0.630327 0.789192
vt 0.633744 0.789192
vt 0.637155 0.789192
vt 0.640564 0.789192
vt 0.643971 0.789192
vt 0.64738 0.789192
vt 0.650792 0.789192
vt 0.654209 0.789192
vt 0.657631 0.789192
vt 0.661059 0.789192
vt 0.664495 0.789192
vt 0.667938 0.789192
vt 0.671388 0.789192
vt 0.681517 0.789192
vt 0.688322 0.789192
vt 0.691502 0.789192
vt 0.694733 0.789192
vt 0.696981 0.789192
vt 0.699244 0.789192
vt 0.701516 0.789192
vt 0.703788 0.789192
vt 0.70605 0.789192
vt 0.708291 0.789192
vt 0.7105 0.789192
vt 0.712665 0.789192
vt 0.714997 0.789192
vt 0.717311 0.789192
vt 0.719608 0.789192
vt 0.721891 0.789192
vt 0.72416 0.789192
vt 0.726416 0.789192
vt 0.72866 0.789192
vt 0.730892 0.789192
vt 0.733112 0.789192
vt 0.735321 0.789192
vt 0.737518 0.789192
vt 0.739705 0.789192
vt 0.74188 0.789192
vt 0.744045 0.789192
vt 0.7462 0.789192
vt 0.748347 0.789192
vt 0.750523 0.789192
vt 0.752667 0.789192
vt 0.754783 0.789192
vt 0.756873 0.789192
vt 0.760632 0.789192
vt 0.764339 0.789192
vt 0.768011 0.789192
vt 0.771669 0.789192
vt 0.775331 0.789192
vt 0.779013 0.789192
vt 0.782732 0.789192
vt 0.786504 0.789192
vt 0.79072 0.789192
vt 0.794843 0.789192
vt 0.798896 0.789192
vt 0.802897 0.789192
vt 0.806862 0.789192
vt 0.810805 0.789192
vt 0.814739 0.789192
vt 0.818675 0.789192
vt 0.821726 0.789192
vt 0.824789 0.789192
vt 0.827869 0.789192
vt 0.830972 0.789192
vt 0.834102 0.789192
vt 0.837265 0.789192
vt 0.840469 0.789192
vt 0.843719 0.789192
vt 0.847361 0.789192
vt 0.850988 0.789192
vt 0.854601 0.789192
vt 0.858203 0.789192
vt 0.861798 0.789192
vt 0.865387 0.789192
vt 0.868973 0.789192
vt 0.872558 0.789192
vt 0.876144 0.789192
vt 0.879733 0.789192
vt 0.883327 0.789192
vt 0.886929 0.789192
vt 0.890539 0.789192
vt 0.89416 0.789192
vt 0.897793 0.789192
vt 0.901439 0.789192
vt 0.919761 0.789192
vt 0.929923 0.789192
vt 0.93401 0.789192
vt 0.939812 0.789192
vt 0.945558 0.789192
vt 0.95127 0.789192
vt 0.956965 0.789192
vt 0.962659 0.789192
vt 0.968367 0.789192
vt 0.9741 0.789192
vt 0.979867 0.789192
vt 0.982811 0.789192
vt 0.985722 0.789192
vt 0.988607 0.789192
vt 0.991472 0.789192
vt 0.994323 0.789192
vt 0.997164 0.789192
vt 1 0.789192
vt 2.67746e-05 0.601985
vt 0.00286053 0.601985
vt 0.00583313 0.601985
vt 0.00881072 0.601985
vt 0.0117967 0.601985
vt 0.0147944 0.601985
vt 0.0178076 0.601985
vt 0.0208401 0.601985
vt 0.0238964 0.601985
vt 0.0269817 0.601985
vt 0.0299183 0.601985
vt 0.0327639 0.601985
vt 0.0356226 0.601985
vt 0.0385871 0.601985
vt 0.0417231 0.601985
vt 0.0449801 0.601985
vt 0.0483244 0.601985
vt 0.0517177 0.601985
vt 0.0551186 0.601985
vt 0.0584856 0.601985
vt 0.0617783 0.601985
vt 0.0649603 0.601985
vt 0.0674695 0.601985
vt 0.0709021 0.601985
vt 0.0742776 0.601985
vt 0.0776142 0.601985
vt 0.080932 0.601985
vt 0.0842521 0.601985
vt 0.0875972 0.601985
vt 0.0909902 0.601985
vt 0.0944543 0.601985
vt 0.103191 0.601985
vt 0.104878 0.601985
vt 0.106526 0.601985
vt 0.108147 0.601985
vt 0.10975 0.601985
vt 0.111342 0.601985
vt 0.11293 0.601985
vt 0.114518 0.601985
vt 0.116111 0.601985
vt 0.11771 0.601985
vt 0.119318 0.601985
vt 0.120936 0.601985
vt 0.122563 0.601985
vt 0.124199 0.601985
vt 0.125844 0.601985
vt 0.127497 0.601985
vt 0.129156 0.601985
vt 0.135046 0.601985
vt 0.140907 0.601985
vt 0.146742 0.601985
vt 0.152557 0.601985
vt 0.158354 0.601985
vt 0.164138 0.601985
vt 0.169914 0.601985
vt 0.175684 0.601985
vt 0.181454 0.601985
vt 0.187226 0.601985
vt 0.193005 0.601985
vt 0.198794 0.601985
vt 0.204598 0.601985
vt 0.210419 0.601985
vt 0.216261 0.601985
vt 0.222129 0.601985
vt 0.242033 0.601985
vt 0.247293 0.601985
vt 0.252512 0.601985
vt 0.257728 0.601985
vt 0.262967 0.601985
vt 0.265363 0.601985
vt 0.267703 0.601985
vt 0.270015 0.601985
vt 0.272315 0.601985
vt 0.27454 0.601985
vt 0.276765 0.601985
vt 0.278725 0.601985
vt 0.280629 0.601985
vt 0.282488 0.601985
vt 0.284308 0.601985
vt 0.286099 0.601985
vt 0.28787 0.601985
vt 0.289626 0.601985
vt 0.291375 0.601985
vt 0.293124 0.601985
vt 0.294879 0.601985
vt 0.296644 0.601985
vt 0.298426 0.601985
vt 0.300229 0.601985
vt 0.302056 0.601985
vt 0.303914 0.601985
vt 0.305805 0.601985
vt 0.307611 0.601985
vt 0.308259 0.601985
vt 0.309526 0.601985
vt 0.31079 0.601985
vt 0.312062 0.601985
vt 0.313353 0.601985
vt 0.314595 0.601985
vt 0.315917 0.601985
vt 0.322715 0.601985
vt 0.32631 0.601985
vt 0.329892 0.601985
vt 0.333462 0.601985
vt 0.337022 0.601985
vt 0.340573 0.601985
vt 0.344118 0.601985
vt 0.347658 0.601985
vt 0.351196 0.601985
vt 0.354734 0.601985
vt 0.358275 0.601985
vt 0.361819 0.601985
vt 0.365371 0.601985
vt 0.368931 0.601985
vt 0.372503 0.601985
vt 0.376089 0.601985
vt 0.379691 0.601985
vt 0.381757 0.601985
vt 0.383801 0.601985
vt 0.385831 0.601985
vt 0.387855 0.601985
vt 0.389878 0.601985
vt 0.391905 0.601985
vt 0.393938 0.601985
vt 0.395978 0.601985
vt 0.397887 0.601985
vt 0.399811 0.601985
vt 0.401752 0.601985
vt 0.403708 0.601985
vt 0.407054 0.601985
vt 0.410432 0.601985
vt 0.413827 0.601985
vt 0.417225 0.601985
vt 0.420609 0.601985
vt 0.423961 0.601985
vt 0.427265 0.601985
vt 0.430509 0.601985
vt 0.432737 0.601985
vt 0.434962 0.601985
vt 0.437182 0.601985
vt 0.439397 0.601985
vt 0.441609 0.601985
vt 0.443816 0.601985
vt 0.446019 0.601985
vt 0.448218 0.601985
vt 0.450412 0.601985
vt 0.452602 0.601985
vt 0.454789 0.601985
vt 0.456973 0.601985
vt 0.459155 0.601985
vt 0.461338 0.601985
vt 0.463522 0.601985
vt 0.465712 0.601985
vt 0.469267 0.601985
vt 0.471913 0.601985
vt 0.47453 0.601985
vt 0.477121 0.601985
vt 0.479691 0.601985
vt 0.482244 0.601985
vt 0.484783 0.601985
vt 0.487314 0.601985
vt 0.48984 0.601985
vt 0.492365 0.601985
vt 0.494895 0.601985
vt 0.497435 0.601985
vt 0.499988 0.601985
vt 0.502561 0.601985
vt 2.62532e-06 0.692267
vt 0.0026008 0.692267
vt 0.00522966 0.692267
vt 0.00789511 0.692267
vt 0.0100908 0.692267
vt 0.0122859 0.692267
vt 0.01448 0.692267
vt 0.0166726 0.692267
vt 0.0188637 0.692267
vt 0.0210537 0.692267
vt 0.0232432 0.692267
vt 0.0254336 0.692267
vt 0.0283112 0.692267
vt 0.0311995 0.692267
vt 0.0334238 0.692267
vt 0.0356132 0.692267
vt 0.0377772 0.692267
vt 0.0399271 0.692267
vt 0.042076 0.692267
vt 0.044239 0.692267
vt 0.0464329 0.692267
vt 0.0486762 0.692267
vt 0.0524245 0.692267
vt 0.0561536 0.692267
vt 0.0598662 0.692267
vt 0.0635648 0.692267
vt 0.0672522 0.692267
vt 0.0709312 0.692267
vt 0.0746046 0.692267
vt 0.0782755 0.692267
vt 0.081947 0.692267
vt 0.0856221 0.692267
vt 0.0893041 0.692267
vt 0.0929963 0.692267
vt 0.096702 0.692267
vt 0.100424 0.692267
vt 0.104167 0.692267
vt 0.107933 0.692267
vt 0.125938 0.692267
vt 0.127449 0.692267
vt 0.128852 0.692267
vt 0.13024 0.692267
vt 0.131617 0.692267
vt 0.132986 0.692267
vt 0.13435 0.692267
vt 0.135711 0.692267
vt 0.137068 0.692267
vt 0.138422 0.692267
vt 0.139772 0.692267
vt 0.141116 0.692267
vt 0.142452 0.692267
vt 0.143779 0.692267
vt 0.145093 0.692267
vt 0.146393 0.692267
vt 0.147676 0.692267
vt 0.150078 0.692267
vt 0.152402 0.692267
vt 0.154666 0.692267
vt 0.156889 0.692267
vt 0.158584 0.692267
vt 0.160273 0.692267
vt 0.161963 0.692267
vt 0.163661 0.692267
vt 0.165373 0.692267
vt 0.167105 0.692267
vt 0.168864 0.692267
vt 0.170654 0.692267
vt 0.18418 0.692267
vt 0.19296 0.692267
vt 0.196279 0.692267
vt 0.199509 0.692267
vt 0.202752 0.692267
vt 0.20611 0.692267
vt 0.211925 0.692267
vt 0.217724 0.692267
vt 0.22351 0.692267
vt 0.229286 0.692267
vt 0.235053 0.692267
vt 0.240815 0.692267
vt 0.246574 0.692267
vt 0.252332 0.692267
vt 0.25809 0.692267
vt 0.263852 0.692267
vt 0.26962 0.692267
vt 0.275395 0.692267
vt 0.281179 0.692267
vt 0.286974 0.692267
vt 0.292782 0.692267
vt 0.298606 0.692267
vt 0.309328 0.692267
vt 0.312624 0.692267
vt 0.315882 0.692267
vt 0.319111 0.692267
vt 0.322318 0.692267
vt 0.32551 0.692267
vt 0.328692 0.692267
vt 0.331867 0.692267
vt 0.33504 0.692267
vt 0.338214 0.692267
vt 0.341391 0.692267
vt 0.344574 0.692267
vt 0.347768 0.692267
vt 0.350975 0.692267
vt 0.354201 0.692267
vt 0.357452 0.692267
vt 0.360734 0.692267
vt 0.363057 0.692267
vt 0.365369 0.692267
vt 0.368168 0.692267
vt 0.370953 0.692267
vt 0.373726 0.692267
vt 0.376487 0.692267
vt 0.379238 0.692267
vt 0.38198 0.692267
vt 0.384714 0.692267
vt 0.387443 0.692267
vt 0.390167 0.692267
vt 0.39289 0.692267
vt 0.395616 0.692267
vt 0.398348 0.692267
vt 0.401093 0.692267
vt 0.403855 0.692267
vt 0.406643 0.692267
vt 0.409465 0.692267
vt 0.412025 0.692267
vt 0.414556 0.692267
vt 0.417062 0.692267
vt 0.419546 0.692267
vt 0.422009 0.692267
vt 0.424456 0.692267
vt 0.426889 0.692267
vt 0.429311 0.692267
vt 0.43203 0.692267
vt 0.434746 0.692267
vt 0.437463 0.692267
vt 0.440189 0.692267
vt 0.442929 0.692267
vt 0.445692 0.692267
vt 0.448483 0.692267
vt 0.451313 0.692267
vt 0.456166 0.692267
vt 0.460961 0.692267
vt 0.465714 0.692267
vt 0.470443 0.692267
vt 0.475171 0.692267
vt 0.479922 0.692267
vt 0.484724 0.692267
vt 0.489607 0.692267
vt 0.492393 0.692267
vt 0.495176 0.692267
vt 0.497955 0.692267
vt 0.500731 0.692267
vt 0.503504 0.692267
vt 4.95741e-05 0.782549
vt 0.00282515 0.782549
vt 0.00561097 0.782549
vt 0.00841938 0.782549
vt 0.0223333 0.782549
vt 0.0247426 0.782549
vt 0.0271492 0.782549
vt 0.0295606 0.782549
vt 0.0319765 0.782549
vt 0.0343909 0.782549
vt 0.0367935 0.782549
vt 0.0391711 0.782549
vt 0.0415093 0.782549
vt 0.0433951 0.782549
vt 0.0452325 0.782549
vt 0.0470286 0.782549
vt 0.0487904 0.782549
vt 0.0505246 0.782549
vt 0.0522378 0.782549
vt 0.0539361 0.782549
vt 0.0556253 0.782549
vt 0.0576267 0.782549
vt 0.0596312 0.782549
vt 0.0616466 0.782549
vt 0.0636796 0.782549
vt 0.0657364 0.782549
vt 0.0678224 0.782549
vt 0.0699426 0.782549
vt 0.0721017 0.782549
vt 0.0775623 0.782549
vt 0.0830114 0.782549
vt 0.08845 0.782549
vt 0.0938791 0.782549
vt 0.0993003 0.782549
vt 0.104715 0.782549
vt 0.110125 0.782549
vt 0.115533 0.782549
vt 0.12094 0.782549
vt 0.12635 0.782549
vt 0.131765 0.782549
vt 0.137189 0.782549
vt 0.142624 0.782549
vt 0.148074 0.782549
vt 0.153544 0.782549
vt 0.159038 0.782549
vt 0.164099 0.782549
vt 0.169131 0.782549
vt 0.174139 0.782549
vt 0.17913 0.782549
vt 0.184116 0.782549
vt 0.189107 0.782549
vt 0.194119 0.782549
vt 0.199169 0.782549
vt 0.202906 0.782549
vt 0.206583 0.782549
vt 0.210209 0.782549
vt 0.213793 0.782549
vt 0.21734 0.782549
vt 0.220861 0.782549
vt 0.224361 0.782549
vt 0.227849 0.782549
vt 0.231334 0.782549
vt 0.234823 0.782549
vt 0.238328 0.782549
vt 0.24186 0.782549
vt 0.24543 0.782549
vt 0.249052 0.782549
vt 0.252742 0.782549
vt 0.256516 0.782549
vt 0.257813 0.782549
vt 0.259039 0.782549
vt 0.260551 0.782549
vt 0.262181 0.782549
vt 0.265776 0.782549
vt 0.26931 0.782549
vt 0.272796 0.782549
vt 0.276242 0.782549
vt 0.279661 0.782549
vt 0.283059 0.782549
vt 0.286445 0.782549
vt 0.289825 0.782549
vt 0.293207 0.782549
vt 0.296596 0.782549
vt 0.299999 0.782549
vt 0.303423 0.782549
vt 0.306875 0.782549
vt 0.310363 0.782549
vt 0.313895 0.782549
vt 0.317483 0.782549
vt 0.32 0.782549
vt 0.322363 0.782549
vt 0.323811 0.782549
vt 0.325289 0.782549
vt 0.326835 0.782549
vt 0.328485 0.782549
vt 0.330406 0.782549
vt 0.332347 0.782549
vt 0.334301 0.782549
vt 0.336264 0.782549
vt 0.338233 0.782549
vt 0.34021 0.782549
vt 0.342199 0.782549
vt 0.344209 0.782549
vt 0.34871 0.782549
vt 0.353182 0.782549
vt 0.357628 0.782549
vt 0.362049 0.782549
vt 0.366448 0.782549
vt 0.370828 0.782549
vt 0.37519 0.782549
vt 0.379536 0.782549
vt 0.383869 0.782549
vt 0.38819 0.782549
vt 0.392501 0.782549
vt 0.396804 0.782549
vt 0.4011 0.782549
vt 0.40539 0.782549
vt 0.409678 0.782549
vt 0.413963 0.782549
vt 0.41808 0.782549
vt 0.422198 0.782549
vt 0.426319 0.782549
vt 0.430443 0.782549
vt 0.434573 0.782549
vt 0.43871 0.782549
vt 0.442856 0.782549
vt 0.447012 0.782549
vt 0.45118 0.782549
vt 0.455363 0.782549
vt 0.459562 0.782549
vt 0.46378 0.782549
vt 0.468019 0.782549
vt 0.472281 0.782549
vt 0.476569 0.782549
vt 0.480886 0.782549
vt 0.483329 0.782549
vt 0.485718 0.782549
vt 0.488069 0.782549
vt 0.490401 0.782549
vt 0.49273 0.782549
vt 0.495072 0.782549
vt 0.497445 0.782549
vt 0.499864 0.782549
vt 0.502801 0.782549
vt 3.74061e-05 0.872832
vt 0.00275472 0.872832
vt 0.00551656 0.872832
vt 0.00848042 0.872832
vt 0.0122078 0.872832
vt 0.0158727 0.872832
vt 0.0194863 0.872832
vt 0.0230587 0.872832
vt 0.0265982 0.872832
vt 0.0301122 0.872832
vt 0.0336069 0.872832
vt 0.0370882 0.872832
vt 0.0405617 0.872832
vt 0.0440329 0.872832
vt 0.047508 0.872832
vt 0.0509939 0.872832
vt 0.0544986 0.872832
vt 0.0580315 0.872832
vt 0.0616038 0.872832
vt 0.0652283 0.872832
vt 0.0673824 0.872832
vt 0.0695628 0.872832
vt 0.0733179 0.872832
vt 0.0770096 0.872832
vt 0.080652 0.872832
vt 0.0842569 0.872832
vt 0.0878345 0.872832
vt 0.0913934 0.872832
vt 0.0949409 0.872832
vt 0.0984835 0.872832
vt 0.102027 0.872832
vt 0.105579 0.872832
vt 0.109143 0.872832
vt 0.112728 0.872832
vt 0.116342 0.872832
vt 0.119993 0.872832
vt 0.123694 0.872832
vt 0.127457 0.872832
vt 0.130671 0.872832
vt 0.133589 0.872832
vt 0.136462 0.872832
vt 0.139307 0.872832
vt 0.14214 0.872832
vt 0.144977 0.872832
vt 0.147833 0.872832
vt 0.150718 0.872832
vt 0.153643 0.872832
vt 0.156713 0.872832
vt 0.159831 0.872832
vt 0.162993 0.872832
vt 0.166192 0.872832
vt 0.169423 0.872832
vt 0.172679 0.872832
vt 0.175952 0.872832
vt 0.179235 0.872832
vt 0.182522 0.872832
vt 0.185803 0.872832
vt 0.189072 0.872832
vt 0.19232 0.872832
vt 0.195539 0.872832
vt 0.198722 0.872832
vt 0.201859 0.872832
vt 0.204944 0.872832
vt 0.211986 0.872832
vt 0.215121 0.872832
vt 0.218185 0.872832
vt 0.221587 0.872832
vt 0.225076 0.872832
vt 0.227838 0.872832
vt 0.230546 0.872832
vt 0.233215 0.872832
vt 0.235853 0.872832
vt 0.238461 0.872832
vt 0.241035 0.872832
vt 0.243568 0.872832
vt 0.246049 0.872832
vt 0.249033 0.872832
vt 0.251962 0.872832
vt 0.254846 0.872832
vt 0.257693 0.872832
vt 0.260445 0.872832
vt 0.263183 0.872832
vt 0.265922 0.872832
vt 0.268681 0.872832
vt 0.272887 0.872832
vt 0.277051 0.872832
vt 0.281206 0.872832
vt 0.285383 0.872832
vt 0.305289 0.872832
vt 0.310563 0.872832
vt 0.31582 0.872832
vt 0.321063 0.872832
vt 0.326294 0.872832
vt 0.331516 0.872832
vt 0.33673 0.872832
vt 0.34194 0.872832
vt 0.347147 0.872832
vt 0.352355 0.872832
vt 0.357565 0.872832
vt 0.36278 0.872832
vt 0.368003 0.872832
vt 0.373234 0.872832
vt 0.378479 0.872832
vt 0.383737 0.872832
vt 0.389012 0.872832
vt 0.395637 0.872832
vt 0.397698 0.872832
vt 0.399747 0.872832
vt 0.401788 0.872832
vt 0.403823 0.872832
vt 0.405855 0.872832
vt 0.407891 0.872832
vt 0.409936 0.872832
vt 0.411999 0.872832
vt 0.415361 0.872832
vt 0.418645 0.872832
vt 0.421864 0.872832
vt 0.425032 0.872832
vt 0.42816 0.872832
vt 0.431261 0.872832
vt 0.434345 0.872832
vt 0.437425 0.872832
vt 0.44051 0.872832
vt 0.44361 0.872832
vt 0.446735 0.872832
vt 0.449894 0.872832
vt 0.453094 0.872832
vt 0.456345 0.872832
vt 0.459653 0.872832
vt 0.463025 0.872832
vt 0.465228 0.872832
vt 0.468672 0.872832
vt 0.472074 0.872832
vt 0.475443 0.872832
vt 0.478786 0.872832
vt 0.482111 0.872832
vt 0.48542 0.872832
vt 0.48872 0.872832
vt 0.492014 0.872832
vt 0.495305 0.872832
vt 0.498597 0.872832
vt 0.501895 0.872832
vt 4.6446e-05 0.963114
vt 0.00335439 0.963114
vt 0.00667856 0.963114
vt 0.0100261 0.963114
vt 0.0134057 0.963114
vt 0.0168278 0.963114
vt 0.0205298 0.963114
vt 0.0241002 0.963114
vt 0.0274876 0.963114
vt 0.0308154 0.963114
vt 0.0341135 0.963114
vt 0.0374089 0.963114
vt 0.0407256 0.963114
vt 0.0440838 0.963114
vt 0.0475003 0.963114
vt 0.0509882 0.963114
vt 0.0547347 0.963114
vt 0.0584588 0.963114
vt 0.0621643 0.963114
vt 0.0658548 0.963114
vt 0.0695338 0.963114
vt 0.0732042 0.963114
vt 0.0768689 0.963114
vt 0.0805304 0.963114
vt 0.0841911 0.963114
vt 0.0878531 0.963114
vt 0.0915179 0.963114
vt 0.0951873 0.963114
vt 0.0988625 0.963114
vt 0.102545 0.963114
vt 0.106234 0.963114
vt 0.109932 0.963114
vt 0.119875 0.963114
vt 0.121348 0.963114
vt 0.122704 0.963114
vt 0.124035 0.963114
vt 0.125358 0.963114
vt 0.126683 0.963114
vt 0.12802 0.963114
vt 0.129379 0.963114
vt 0.130762 0.963114
vt 0.133899 0.963114
vt 0.136939 0.963114
vt 0.139906 0.963114
vt 0.14282 0.963114
vt 0.145699 0.963114
vt 0.148557 0.963114
vt 0.151409 0.963114
vt 0.154267 0.963114
vt 0.156206 0.963114
vt 0.158157 0.963114
vt 0.160127 0.963114
vt 0.162118 0.963114
vt 0.164138 0.963114
vt 0.166192 0.963114
vt 0.168287 0.963114
vt 0.170432 0.963114
vt 0.182367 0.963114
vt 0.20265 0.963114
vt 0.208734 0.963114
vt 0.2148 0.963114
vt 0.22085 0.963114
vt 0.226886 0.963114
vt 0.232911 0.963114
vt 0.238928 0.963114
vt 0.24494 0.963114
vt 0.250948 0.963114
vt 0.256956 0.963114
vt 0.262967 0.963114
vt 0.268983 0.963114
vt 0.275007 0.963114
vt 0.281042 0.963114
vt 0.287091 0.963114
vt 0.293157 0.963114
vt 0.299244 0.963114
vt 0.305972 0.963114
vt 0.30842 0.963114
vt 0.310876 0.963114
vt 0.313342 0.963114
vt 0.315814 0.963114
vt 0.318294 0.963114
vt 0.320781 0.963114
vt 0.323279 0.963114
vt 0.325789 0.963114
vt 0.327909 0.963114
vt 0.33001 0.963114
vt 0.332096 0.963114
vt 0.33417 0.963114
vt 0.336232 0.963114
vt 0.338287 0.963114
vt 0.340334 0.963114
vt 0.342375 0.963114
vt 0.344412 0.963114
vt 0.346446 0.963114
vt 0.348478 0.963114
vt 0.350509 0.963114
vt 0.352539 0.963114
vt 0.35457 0.963114
vt 0.356602 0.963114
vt 0.358636 0.963114
vt 0.36217 0.963114
vt 0.365719 0.963114
vt 0.369289 0.963114
vt 0.372887 0.963114
vt 0.376524 0.963114
vt 0.380212 0.963114
vt 0.383966 0.963114
vt 0.387801 0.963114
vt 0.391466 0.963114
vt 0.395042 0.963114
vt 0.398556 0.963114
vt 0.40204 0.963114
vt 0.405526 0.963114
vt 0.409047 0.963114
vt 0.412636 0.963114
vt 0.416324 0.963114
vt 0.422909 0.963114
vt 0.429466 0.963114
vt 0.436 0.963114
vt 0.442514 0.963114
vt 0.449012 0.963114
vt 0.455498 0.963114
vt 0.461975 0.963114
vt 0.468448 0.963114
vt 0.47492 0.963114
vt 0.481394 0.963114
vt 0.487876 0.963114
vt 0.494367 0.963114
vt 0.500873 0.963114
vt 0.507397 0.963114
vt 0.508552 0.872832
vt 0.515098 0.872832
vt 0.52167 0.872832
vt 0.531345 0.872832
vt 0.534038 0.872832
vt 0.536727 0.872832
vt 0.539413 0.872832
vt 0.542098 0.872832
vt 0.544782 0.872832
vt 0.547469 0.872832
vt 0.550164 0.872832
vt 0.552877 0.872832
vt 0.555679 0.872832
vt 0.558401 0.872832
vt 0.561079 0.872832
vt 0.563741 0.872832
vt 0.566611 0.872832
vt 0.569509 0.872832
vt 0.572449 0.872832
vt 0.575437 0.872832
vt 0.576784 0.872832
vt 0.57814 0.872832
vt 0.579502 0.872832
vt 0.580867 0.872832
vt 0.58223 0.872832
vt 0.58359 0.872832
vt 0.584945 0.872832
vt 0.586292 0.872832
vt 0.587633 0.872832
vt 0.588966 0.872832
vt 0.590295 0.872832
vt 0.591621 0.872832
vt 0.592949 0.872832
vt 0.594285 0.872832
vt 0.595635 0.872832
vt 0.597008 0.872832
vt 0.612089 0.872832
vt 0.616543 0.872832
vt 0.620013 0.872832
vt 0.623465 0.872832
vt 0.626902 0.872832
vt 0.630327 0.872832
vt 0.633744 0.872832
vt 0.637155 0.872832
vt 0.640564 0.872832
vt 0.643971 0.872832
vt 0.64738 0.872832
vt 0.650792 0.872832
vt 0.654209 0.872832
vt 0.657631 0.872832
vt 0.661059 0.872832
vt 0.664495 0.872832
vt 0.667938 0.872832
vt 0.671388 0.872832
vt 0.681517 0.872832
vt 0.688322 0.872832
vt 0.691502 0.872832
vt 0.694733 0.872832
vt 0.696981 0.872832
vt 0.699244 0.872832
vt 0.701516 0.872832
vt 0.703788 0.872832
vt 0.70605 0.872832
vt 0.708291 0.872832
vt 0.7105 0.872832
vt 0.712665 0.872832
vt 0.714997 0.872832
vt 0.717311 0.872832
vt 0.719608 0.872832
vt 0.721891 0.872832
vt 0.72416 0.872832
vt 0.726416 0.872832
vt 0.72866 0.872832
vt 0.730892 0.872832
vt 0.733112 0.872832
vt 0.735321 0.872832
vt 0.737518 0.872832
vt 0.739705 0.872832
vt 0.74188 0.872832
vt 0.744045 0.872832
vt 0.7462 0.872832
vt 0.748347 0.872832
vt 0.750523 0.872832
vt 0.752667 0.872832
vt 0.754783 0.872832
vt 0.756873 0.872832
vt 0.760632 0.872832
vt 0.764339 0.872832
vt 0.768011 0.872832
vt 0.771669 0.872832
vt 0.775331 0.872832
vt 0.779013 0.872832
vt 0.782732 0.872832
vt 0.786504 0.872832
vt 0.79072 0.872832
vt 0.794843 0.872832
vt 0.798896 0.872832
vt 0.802897 0.872832
vt 0.806862 0.872832
vt 0.810805 0.872832
vt 0.814739 0.872832
vt 0.818675 0.872832
vt 0.821726 0.872832
vt 0.824789 0.872832
vt 0.827869 0.872832
vt 0.830972 0.872832
vt 0.834102 0.872832
vt 0.837265 0.872832
vt 0.840469 0.872832
vt 0.843719 0.872832
vt 0.847361 0.872832
vt 0.850988 0.872832
vt 0.854601 0.872832
vt 0.858203 0.872832
vt 0.861798 0.872832
vt 0.865387 0.872832
vt 0.868973 0.872832
vt 0.872558 0.872832
vt 0.876144 0.872832
vt 0.879733 0.872832
vt 0.883327 0.872832
vt 0.886929 0.872832
vt 0.890539 0.872832
vt 0.89416 0.872832
vt 0.897793 0.872832
vt 0.901439 0.872832
vt 0.919761 0.872832
vt 0.929923 0.872832
vt 0.93401 0.872832
vt 0.939812 0.872832
vt 0.945558 0.872832
vt 0.95127 0.872832
vt 0.956965 0.872832
vt 0.962659 0.872832
vt 0.968367 0.872832
vt 0.9741 0.872832
vt 0.979867 0.872832
vt 0.982811 0.872832
vt 0.985722 0.872832
vt 0.988607 0.872832
vt 0.991472 0.872832
vt 0.994323 0.872832
vt 0.997164 0.872832
vt 1 0.872832
vt 0.00144365 0.560165
vt 0.00434683 0.560165
vt 0.00732192 0.560165
vt 0.0103037 0.560165
vt 0.0132956 0.560165
vt 0.016301 0.560165
vt 0.0193238 0.560165
vt 0.0223683 0.560165
vt 0.0254391 0.560165
vt 0.02845 0.560165
vt 0.0313411 0.560165
vt 0.0341932 0.560165
vt 0.0371048 0.560165
vt 0.0401551 0.560165
vt 0.0433516 0.560165
vt 0.0466522 0.560165
vt 0.0500211 0.560165
vt 0.0534181 0.560165
vt 0.0568021 0.560165
vt 0.0601319 0.560165
vt 0.0633693 0.560165
vt 0.0662149 0.560165
vt 0.0691858 0.560165
vt 0.0725898 0.560165
vt 0.0759459 0.560165
vt 0.0792731 0.560165
vt 0.0825921 0.560165
vt 0.0859247 0.560165
vt 0.0892937 0.560165
vt 0.0927222 0.560165
vt 0.0988228 0.560165
vt 0.104034 0.560165
vt 0.105702 0.560165
vt 0.107337 0.560165
vt 0.108949 0.560165
vt 0.110546 0.560165
vt 0.112136 0.560165
vt 0.113724 0.560165
vt 0.115315 0.560165
vt 0.116911 0.560165
vt 0.118514 0.560165
vt 0.120127 0.560165
vt 0.121749 0.560165
vt 0.123381 0.560165
vt 0.125022 0.560165
vt 0.12667 0.560165
vt 0.128326 0.560165
vt 0.132101 0.560165
vt 0.137977 0.560165
vt 0.143825 0.560165
vt 0.14965 0.560165
vt 0.155455 0.560165
vt 0.161246 0.560165
vt 0.167026 0.560165
vt 0.172799 0.560165
vt 0.178569 0.560165
vt 0.18434 0.560165
vt 0.190116 0.560165
vt 0.1959 0.560165
vt 0.201696 0.560165
vt 0.207508 0.560165
vt 0.21334 0.560165
vt 0.219195 0.560165
vt 0.232081 0.560165
vt 0.244663 0.560165
vt 0.249902 0.560165
vt 0.25512 0.560165
vt 0.260347 0.560165
vt 0.264165 0.560165
vt 0.266533 0.560165
vt 0.268859 0.560165
vt 0.271165 0.560165
vt 0.273428 0.560165
vt 0.275653 0.560165
vt 0.277745 0.560165
vt 0.279677 0.560165
vt 0.281558 0.560165
vt 0.283398 0.560165
vt 0.285204 0.560165
vt 0.286985 0.560165
vt 0.288748 0.560165
vt 0.290501 0.560165
vt 0.29225 0.560165
vt 0.294002 0.560165
vt 0.295762 0.560165
vt 0.297535 0.560165
vt 0.299327 0.560165
vt 0.301142 0.560165
vt 0.302985 0.560165
vt 0.30486 0.560165
vt 0.306708 0.560165
vt 0.307935 0.560165
vt 0.308892 0.560165
vt 0.310158 0.560165
vt 0.311426 0.560165
vt 0.312707 0.560165
vt 0.313974 0.560165
vt 0.315256 0.560165
vt 0.319316 0.560165
vt 0.324512 0.560165
vt 0.328101 0.560165
vt 0.331677 0.560165
vt 0.335242 0.560165
vt 0.338797 0.560165
vt 0.342345 0.560165
vt 0.345888 0.560165
vt 0.349427 0.560165
vt 0.352965 0.560165
vt 0.356505 0.560165
vt 0.360047 0.560165
vt 0.363595 0.560165
vt 0.367151 0.560165
vt 0.370717 0.560165
vt 0.374296 0.560165
vt 0.37789 0.560165
vt 0.380724 0.560165
vt 0.382779 0.560165
vt 0.384816 0.560165
vt 0.386843 0.560165
vt 0.388866 0.560165
vt 0.390891 0.560165
vt 0.392921 0.560165
vt 0.394958 0.560165
vt 0.396932 0.560165
vt 0.398849 0.560165
vt 0.400782 0.560165
vt 0.40273 0.560165
vt 0.405381 0.560165
vt 0.408743 0.560165
vt 0.41213 0.560165
vt 0.415526 0.560165
vt 0.418917 0.560165
vt 0.422285 0.560165
vt 0.425613 0.560165
vt 0.428887 0.560165
vt 0.431623 0.560165
vt 0.43385 0.560165
vt 0.436072 0.560165
vt 0.43829 0.560165
vt 0.440503 0.560165
vt 0.442713 0.560165
vt 0.444918 0.560165
vt 0.447118 0.560165
vt 0.449315 0.560165
vt 0.451507 0.560165
vt 0.453695 0.560165
vt 0.455881 0.560165
vt 0.458064 0.560165
vt 0.460246 0.560165
vt 0.46243 0.560165
vt 0.464617 0.560165
vt 0.467489 0.560165
vt 0.47059 0.560165
vt 0.473221 0.560165
vt 0.475825 0.560165
vt 0.478406 0.560165
vt 0.480967 0.560165
vt 0.483513 0.560165
vt 0.486048 0.560165
vt 0.488577 0.560165
vt 0.491102 0.560165
vt 0.49363 0.560165
vt 0.496165 0.560165
vt 0.498711 0.560165
vt 0.501275 0.560165
vt 0.00130171 0.650448
vt 0.00391523 0.650448
vt 0.00656238 0.650448
vt 0.00899293 0.650448
vt 0.0111883 0.650448
vt 0.013383 0.650448
vt 0.0155763 0.650448
vt 0.0177682 0.650448
vt 0.0199587 0.650448
vt 0.0221484 0.650448
vt 0.0243384 0.650448
vt 0.0268724 0.650448
vt 0.0297554 0.650448
vt 0.0323117 0.650448
vt 0.0345185 0.650448
vt 0.0366952 0.650448
vt 0.0388522 0.650448
vt 0.0410016 0.650448
vt 0.0431575 0.650448
vt 0.045336 0.650448
vt 0.0475546 0.650448
vt 0.0505504 0.650448
vt 0.0542891 0.650448
vt 0.0580099 0.650448
vt 0.0617155 0.650448
vt 0.0654085 0.650448
vt 0.0690917 0.650448
vt 0.0727679 0.650448
vt 0.0764401 0.650448
vt 0.0801113 0.650448
vt 0.0837846 0.650448
vt 0.0874631 0.650448
vt 0.0911502 0.650448
vt 0.0948491 0.650448
vt 0.0985632 0.650448
vt 0.102296 0.650448
vt 0.10605 0.650448
vt 0.116936 0.650448
vt 0.126693 0.650448
vt 0.12815 0.650448
vt 0.129546 0.650448
vt 0.130928 0.650448
vt 0.132301 0.650448
vt 0.133668 0.650448
vt 0.13503 0.650448
vt 0.136389 0.650448
vt 0.137745 0.650448
vt 0.139097 0.650448
vt 0.140444 0.650448
vt 0.141784 0.650448
vt 0.143115 0.650448
vt 0.144436 0.650448
vt 0.145743 0.650448
vt 0.147034 0.650448
vt 0.148877 0.650448
vt 0.15124 0.650448
vt 0.153534 0.650448
vt 0.155778 0.650448
vt 0.157737 0.650448
vt 0.159429 0.650448
vt 0.161118 0.650448
vt 0.162812 0.650448
vt 0.164517 0.650448
vt 0.166239 0.650448
vt 0.167985 0.650448
vt 0.169759 0.650448
vt 0.177417 0.650448
vt 0.18857 0.650448
vt 0.19462 0.650448
vt 0.197894 0.650448
vt 0.201131 0.650448
vt 0.204431 0.650448
vt 0.209018 0.650448
vt 0.214825 0.650448
vt 0.220617 0.650448
vt 0.226398 0.650448
vt 0.232169 0.650448
vt 0.237934 0.650448
vt 0.243694 0.650448
vt 0.249453 0.650448
vt 0.255211 0.650448
vt 0.260971 0.650448
vt 0.266736 0.650448
vt 0.272507 0.650448
vt 0.278287 0.650448
vt 0.284076 0.650448
vt 0.289878 0.650448
vt 0.295694 0.650448
vt 0.303967 0.650448
vt 0.310976 0.650448
vt 0.314253 0.650448
vt 0.317496 0.650448
vt 0.320714 0.650448
vt 0.323914 0.650448
vt 0.327101 0.650448
vt 0.33028 0.650448
vt 0.333454 0.650448
vt 0.336627 0.650448
vt 0.339802 0.650448
vt 0.342982 0.650448
vt 0.346171 0.650448
vt 0.349371 0.650448
vt 0.352588 0.650448
vt 0.355827 0.650448
vt 0.359093 0.650448
vt 0.361896 0.650448
vt 0.364213 0.650448
vt 0.366769 0.650448
vt 0.36956 0.650448
vt 0.372339 0.650448
vt 0.375106 0.650448
vt 0.377863 0.650448
vt 0.380609 0.650448
vt 0.383347 0.650448
vt 0.386079 0.650448
vt 0.388805 0.650448
vt 0.391529 0.650448
vt 0.394253 0.650448
vt 0.396982 0.650448
vt 0.399721 0.650448
vt 0.402474 0.650448
vt 0.405249 0.650448
vt 0.408054 0.650448
vt 0.410745 0.650448
vt 0.413291 0.650448
vt 0.415809 0.650448
vt 0.418304 0.650448
vt 0.420777 0.650448
vt 0.423232 0.650448
vt 0.425672 0.650448
vt 0.4281 0.650448
vt 0.430671 0.650448
vt 0.433388 0.650448
vt 0.436104 0.650448
vt 0.438826 0.650448
vt 0.441559 0.650448
vt 0.44431 0.650448
vt 0.447088 0.650448
vt 0.449898 0.650448
vt 0.453739 0.650448
vt 0.458563 0.650448
vt 0.463337 0.650448
vt 0.468079 0.650448
vt 0.472807 0.650448
vt 0.477547 0.650448
vt 0.482323 0.650448
vt 0.487166 0.650448
vt 0.491 0.650448
vt 0.493784 0.650448
vt 0.496565 0.650448
vt 0.499343 0.650448
vt 0.502117 0.650448
vt 0.00143736 0.74073
vt 0.00421806 0.74073
vt 0.00701517 0.74073
vt 0.0153763 0.74073
vt 0.0235379 0.74073
vt 0.0259459 0.74073
vt 0.0283549 0.74073
vt 0.0307686 0.74073
vt 0.0331837 0.74073
vt 0.0355922 0.74073
vt 0.0379823 0.74073
vt 0.0403402 0.74073
vt 0.0424522 0.74073
vt 0.0443138 0.74073
vt 0.0461305 0.74073
vt 0.0479095 0.74073
vt 0.0496575 0.74073
vt 0.0513812 0.74073
vt 0.0530869 0.74073
vt 0.0547807 0.74073
vt 0.056626 0.74073
vt 0.0586289 0.74073
vt 0.0606389 0.74073
vt 0.0626631 0.74073
vt 0.064708 0.74073
vt 0.0667794 0.74073
vt 0.0688825 0.74073
vt 0.0710222 0.74073
vt 0.074832 0.74073
vt 0.0802869 0.74073
vt 0.0857307 0.74073
vt 0.0911645 0.74073
vt 0.0965897 0.74073
vt 0.102008 0.74073
vt 0.10742 0.74073
vt 0.112829 0.74073
vt 0.118237 0.74073
vt 0.123645 0.74073
vt 0.129058 0.74073
vt 0.134477 0.74073
vt 0.139906 0.74073
vt 0.145349 0.74073
vt 0.150809 0.74073
vt 0.156291 0.74073
vt 0.161568 0.74073
vt 0.166615 0.74073
vt 0.171635 0.74073
vt 0.176634 0.74073
vt 0.181623 0.74073
vt 0.186611 0.74073
vt 0.191613 0.74073
vt 0.196644 0.74073
vt 0.201038 0.74073
vt 0.204745 0.74073
vt 0.208396 0.74073
vt 0.212001 0.74073
vt 0.215566 0.74073
vt 0.219101 0.74073
vt 0.222611 0.74073
vt 0.226105 0.74073
vt 0.229591 0.74073
vt 0.233078 0.74073
vt 0.236576 0.74073
vt 0.240094 0.74073
vt 0.243645 0.74073
vt 0.247241 0.74073
vt 0.250897 0.74073
vt 0.254629 0.74073
vt 0.257165 0.74073
vt 0.258426 0.74073
vt 0.259795 0.74073
vt 0.261366 0.74073
vt 0.263978 0.74073
vt 0.267543 0.74073
vt 0.271053 0.74073
vt 0.274519 0.74073
vt 0.277952 0.74073
vt 0.28136 0.74073
vt 0.284752 0.74073
vt 0.288135 0.74073
vt 0.291516 0.74073
vt 0.294901 0.74073
vt 0.298297 0.74073
vt 0.301711 0.74073
vt 0.305149 0.74073
vt 0.308619 0.74073
vt 0.312129 0.74073
vt 0.315689 0.74073
vt 0.318741 0.74073
vt 0.321182 0.74073
vt 0.323087 0.74073
vt 0.32455 0.74073
vt 0.326062 0.74073
vt 0.32766 0.74073
vt 0.329445 0.74073
vt 0.331376 0.74073
vt 0.333324 0.74073
vt 0.335282 0.74073
vt 0.337248 0.74073
vt 0.339222 0.74073
vt 0.341204 0.74073
vt 0.343204 0.74073
vt 0.346459 0.74073
vt 0.350946 0.74073
vt 0.355405 0.74073
vt 0.359838 0.74073
vt 0.364248 0.74073
vt 0.368638 0.74073
vt 0.373009 0.74073
vt 0.377363 0.74073
vt 0.381702 0.74073
vt 0.386029 0.74073
vt 0.390346 0.74073
vt 0.394652 0.74073
vt 0.398952 0.74073
vt 0.403245 0.74073
vt 0.407534 0.74073
vt 0.41182 0.74073
vt 0.416021 0.74073
vt 0.420139 0.74073
vt 0.424258 0.74073
vt 0.428381 0.74073
vt 0.432508 0.74073
vt 0.436642 0.74073
vt 0.440783 0.74073
vt 0.444934 0.74073
vt 0.449096 0.74073
vt 0.453272 0.74073
vt 0.457463 0.74073
vt 0.461671 0.74073
vt 0.465899 0.74073
vt 0.47015 0.74073
vt 0.474425 0.74073
vt 0.478727 0.74073
vt 0.482108 0.74073
vt 0.484524 0.74073
vt 0.486894 0.74073
vt 0.489235 0.74073
vt 0.491565 0.74073
vt 0.493901 0.74073
vt 0.496259 0.74073
vt 0.498655 0.74073
vt 0.501333 0.74073
vt 0.00139606 0.831012
vt 0.00413564 0.831012
vt 0.00699849 0.831012
vt 0.0103441 0.831012
vt 0.0140402 0.831012
vt 0.0176795 0.831012
vt 0.0212725 0.831012
vt 0.0248285 0.831012
vt 0.0283552 0.831012
vt 0.0318596 0.831012
vt 0.0353476 0.831012
vt 0.038825 0.831012
vt 0.0422973 0.831012
vt 0.0457704 0.831012
vt 0.0492509 0.831012
vt 0.0527462 0.831012
vt 0.0562651 0.831012
vt 0.0598177 0.831012
vt 0.063416 0.831012
vt 0.0663053 0.831012
vt 0.0684726 0.831012
vt 0.0714403 0.831012
vt 0.0751638 0.831012
vt 0.0788308 0.831012
vt 0.0824545 0.831012
vt 0.0860457 0.831012
vt 0.0896139 0.831012
vt 0.0931671 0.831012
vt 0.0967122 0.831012
vt 0.100256 0.831012
vt 0.103803 0.831012
vt 0.107361 0.831012
vt 0.110936 0.831012
vt 0.114535 0.831012
vt 0.118168 0.831012
vt 0.121844 0.831012
vt 0.125575 0.831012
vt 0.129064 0.831012
vt 0.13213 0.831012
vt 0.135025 0.831012
vt 0.137884 0.831012
vt 0.140723 0.831012
vt 0.143559 0.831012
vt 0.146405 0.831012
vt 0.149275 0.831012
vt 0.15218 0.831012
vt 0.155178 0.831012
vt 0.158272 0.831012
vt 0.161412 0.831012
vt 0.164593 0.831012
vt 0.167808 0.831012
vt 0.171051 0.831012
vt 0.174315 0.831012
vt 0.177594 0.831012
vt 0.180879 0.831012
vt 0.184163 0.831012
vt 0.187438 0.831012
vt 0.190696 0.831012
vt 0.19393 0.831012
vt 0.197131 0.831012
vt 0.200291 0.831012
vt 0.203401 0.831012
vt 0.208465 0.831012
vt 0.213554 0.831012
vt 0.216653 0.831012
vt 0.219886 0.831012
vt 0.223331 0.831012
vt 0.226457 0.831012
vt 0.229192 0.831012
vt 0.23188 0.831012
vt 0.234534 0.831012
vt 0.237157 0.831012
vt 0.239748 0.831012
vt 0.242301 0.831012
vt 0.244808 0.831012
vt 0.247541 0.831012
vt 0.250497 0.831012
vt 0.253404 0.831012
vt 0.25627 0.831012
vt 0.259069 0.831012
vt 0.261814 0.831012
vt 0.264552 0.831012
vt 0.267302 0.831012
vt 0.270784 0.831012
vt 0.274969 0.831012
vt 0.279128 0.831012
vt 0.283295 0.831012
vt 0.295336 0.831012
vt 0.307926 0.831012
vt 0.313192 0.831012
vt 0.318442 0.831012
vt 0.323679 0.831012
vt 0.328905 0.831012
vt 0.334123 0.831012
vt 0.339335 0.831012
vt 0.344544 0.831012
vt 0.349751 0.831012
vt 0.35496 0.831012
vt 0.360173 0.831012
vt 0.365391 0.831012
vt 0.370618 0.831012
vt 0.375856 0.831012
vt 0.381108 0.831012
vt 0.386375 0.831012
vt 0.392325 0.831012
vt 0.396667 0.831012
vt 0.398722 0.831012
vt 0.400767 0.831012
vt 0.402805 0.831012
vt 0.404839 0.831012
vt 0.406873 0.831012
vt 0.408913 0.831012
vt 0.410967 0.831012
vt 0.41368 0.831012
vt 0.417003 0.831012
vt 0.420254 0.831012
vt 0.423448 0.831012
vt 0.426596 0.831012
vt 0.42971 0.831012
vt 0.432803 0.831012
vt 0.435885 0.831012
vt 0.438967 0.831012
vt 0.44206 0.831012
vt 0.445173 0.831012
vt 0.448315 0.831012
vt 0.451494 0.831012
vt 0.45472 0.831012
vt 0.457999 0.831012
vt 0.461339 0.831012
vt 0.464126 0.831012
vt 0.46695 0.831012
vt 0.470373 0.831012
vt 0.473758 0.831012
vt 0.477115 0.831012
vt 0.480449 0.831012
vt 0.483766 0.831012
vt 0.48707 0.831012
vt 0.490367 0.831012
vt 0.493659 0.831012
vt 0.496951 0.831012
vt 0.500246 0.831012
vt 0.00170042 0.921294
vt 0.00501648 0.921294
vt 0.00835234 0.921294
vt 0.0117159 0.921294
vt 0.0151167 0.921294
vt 0.0186788 0.921294
vt 0.022315 0.921294
vt 0.0257939 0.921294
vt 0.0291515 0.921294
vt 0.0324644 0.921294
vt 0.0357612 0.921294
vt 0.0390672 0.921294
vt 0.0424047 0.921294
vt 0.045792 0.921294
vt 0.0492442 0.921294
vt 0.0528615 0.921294
vt 0.0565967 0.921294
vt 0.0603115 0.921294
vt 0.0640096 0.921294
vt 0.0676943 0.921294
vt 0.071369 0.921294
vt 0.0750365 0.921294
vt 0.0786996 0.921294
vt 0.0823608 0.921294
vt 0.0860221 0.921294
vt 0.0896855 0.921294
vt 0.0933526 0.921294
vt 0.0970249 0.921294
vt 0.100704 0.921294
vt 0.104389 0.921294
vt 0.108083 0.921294
vt 0.114904 0.921294
vt 0.120612 0.921294
vt 0.122026 0.921294
vt 0.12337 0.921294
vt 0.124696 0.921294
vt 0.12602 0.921294
vt 0.127352 0.921294
vt 0.128699 0.921294
vt 0.13007 0.921294
vt 0.132331 0.921294
vt 0.135419 0.921294
vt 0.138423 0.921294
vt 0.141363 0.921294
vt 0.144259 0.921294
vt 0.147128 0.921294
vt 0.149983 0.921294
vt 0.152838 0.921294
vt 0.155236 0.921294
vt 0.157182 0.921294
vt 0.159142 0.921294
vt 0.161122 0.921294
vt 0.163128 0.921294
vt 0.165165 0.921294
vt 0.167239 0.921294
vt 0.169359 0.921294
vt 0.1764 0.921294
vt 0.192509 0.921294
vt 0.205692 0.921294
vt 0.211767 0.921294
vt 0.217825 0.921294
vt 0.223868 0.921294
vt 0.229899 0.921294
vt 0.23592 0.921294
vt 0.241934 0.921294
vt 0.247944 0.921294
vt 0.253952 0.921294
vt 0.259962 0.921294
vt 0.265975 0.921294
vt 0.271995 0.921294
vt 0.278024 0.921294
vt 0.284066 0.921294
vt 0.290124 0.921294
vt 0.296201 0.921294
vt 0.302608 0.921294
vt 0.307196 0.921294
vt 0.309648 0.921294
vt 0.312109 0.921294
vt 0.314578 0.921294
vt 0.317054 0.921294
vt 0.319538 0.921294
vt 0.32203 0.921294
vt 0.324534 0.921294
vt 0.326849 0.921294
vt 0.328959 0.921294
vt 0.331053 0.921294
vt 0.333133 0.921294
vt 0.335201 0.921294
vt 0.33726 0.921294
vt 0.33931 0.921294
vt 0.341354 0.921294
vt 0.343394 0.921294
vt 0.345429 0.921294
vt 0.347462 0.921294
vt 0.349493 0.921294
vt 0.351524 0.921294
vt 0.353554 0.921294
vt 0.355586 0.921294
vt 0.357619 0.921294
vt 0.360403 0.921294
vt 0.363945 0.921294
vt 0.367504 0.921294
vt 0.371088 0.921294
vt 0.374706 0.921294
vt 0.378368 0.921294
vt 0.382089 0.921294
vt 0.385883 0.921294
vt 0.389634 0.921294
vt 0.393254 0.921294
vt 0.396799 0.921294
vt 0.400298 0.921294
vt 0.403783 0.921294
vt 0.407287 0.921294
vt 0.410842 0.921294
vt 0.41448 0.921294
vt 0.419617 0.921294
vt 0.426188 0.921294
vt 0.432733 0.921294
vt 0.439257 0.921294
vt 0.445763 0.921294
vt 0.452255 0.921294
vt 0.458736 0.921294
vt 0.465211 0.921294
vt 0.471684 0.921294
vt 0.478157 0.921294
vt 0.484635 0.921294
vt 0.491121 0.921294
vt 0.49762 0.921294
vt 0.504135 0.921294
vt 0.511825 0.831012
vt 0.518384 0.831012
vt 0.526508 0.831012
vt 0.532692 0.831012
vt 0.535383 0.831012
vt 0.53807 0.831012
vt 0.540755 0.831012
vt 0.54344 0.831012
vt 0.546125 0.831012
vt 0.548816 0.831012
vt 0.55152 0.831012
vt 0.554278 0.831012
vt 0.55704 0.831012
vt 0.55974 0.831012
vt 0.56241 0.831012
vt 0.565176 0.831012
vt 0.56806 0.831012
vt 0.570979 0.831012
vt 0.573943 0.831012
vt 0.576111 0.831012
vt 0.577462 0.831012
vt 0.578821 0.831012
vt 0.580185 0.831012
vt 0.581548 0.831012
vt 0.58291 0.831012
vt 0.584267 0.831012
vt 0.585618 0.831012
vt 0.586962 0.831012
vt 0.588299 0.831012
vt 0.589631 0.831012
vt 0.590958 0.831012
vt 0.592285 0.831012
vt 0.593617 0.831012
vt 0.59496 0.831012
vt 0.596321 0.831012
vt 0.604549 0.831012
vt 0.614316 0.831012
vt 0.618278 0.831012
vt 0.621739 0.831012
vt 0.625184 0.831012
vt 0.628615 0.831012
vt 0.632036 0.831012
vt 0.63545 0.831012
vt 0.63886 0.831012
vt 0.642268 0.831012
vt 0.645676 0.831012
vt 0.649086 0.831012
vt 0.652501 0.831012
vt 0.65592 0.831012
vt 0.659345 0.831012
vt 0.662777 0.831012
vt 0.666216 0.831012
vt 0.669663 0.831012
vt 0.676453 0.831012
vt 0.68492 0.831012
vt 0.689912 0.831012
vt 0.693117 0.831012
vt 0.695857 0.831012
vt 0.698112 0.831012
vt 0.70038 0.831012
vt 0.702652 0.831012
vt 0.704919 0.831012
vt 0.707171 0.831012
vt 0.709396 0.831012
vt 0.711583 0.831012
vt 0.713831 0.831012
vt 0.716154 0.831012
vt 0.718459 0.831012
vt 0.720749 0.831012
vt 0.723025 0.831012
vt 0.725288 0.831012
vt 0.727538 0.831012
vt 0.729776 0.831012
vt 0.732002 0.831012
vt 0.734216 0.831012
vt 0.73642 0.831012
vt 0.738612 0.831012
vt 0.740792 0.831012
vt 0.742963 0.831012
vt 0.745123 0.831012
vt 0.747274 0.831012
vt 0.749435 0.831012
vt 0.751595 0.831012
vt 0.753725 0.831012
vt 0.755828 0.831012
vt 0.758753 0.831012
vt 0.762485 0.831012
vt 0.766175 0.831012
vt 0.76984 0.831012
vt 0.7735 0.831012
vt 0.777172 0.831012
vt 0.780873 0.831012
vt 0.784618 0.831012
vt 0.788612 0.831012
vt 0.792781 0.831012
vt 0.79687 0.831012
vt 0.800896 0.831012
vt 0.804879 0.831012
vt 0.808833 0.831012
vt 0.812772 0.831012
vt 0.816707 0.831012
vt 0.8202 0.831012
vt 0.823257 0.831012
vt 0.826329 0.831012
vt 0.82942 0.831012
vt 0.832537 0.831012
vt 0.835683 0.831012
vt 0.838867 0.831012
vt 0.842094 0.831012
vt 0.84554 0.831012
vt 0.849175 0.831012
vt 0.852794 0.831012
vt 0.856402 0.831012
vt 0.860001 0.831012
vt 0.863593 0.831012
vt 0.86718 0.831012
vt 0.870765 0.831012
vt 0.874351 0.831012
vt 0.877938 0.831012
vt 0.88153 0.831012
vt 0.885128 0.831012
vt 0.888734 0.831012
vt 0.89235 0.831012
vt 0.895976 0.831012
vt 0.899616 0.831012
vt 0.9106 0.831012
vt 0.924842 0.831012
vt 0.931966 0.831012
vt 0.936911 0.831012
vt 0.942685 0.831012
vt 0.948414 0.831012
vt 0.954117 0.831012
vt 0.959812 0.831012
vt 0.965513 0.831012
vt 0.971233 0.831012
vt 0.976983 0.831012
vt 0.981339 0.831012
vt 0.984266 0.831012
vt 0.987164 0.831012
vt 0.99004 0.831012
vt 0.992898 0.831012
vt 0.995744 0.831012
vt 0.998582 0.831012


# Vertex Surface Normals: 
vn 0 0 1
vn 0 0 -1
vn 0.999359 -0.0358015 2.8527e-21
vn 0.997424 -0.0717314 1.83108e-16
vn 1 0.000795647 1.93818e-16
vn 1 0.000795647 -1.9381e-16
vn 0.997424 -0.0717314 -1.83233e-16
vn 0.999301 0.0373917 -1.10386e-20
vn 0.997213 0.0746114 -3.92126e-16
vn 0.997213 0.0746114 3.92079e-16
vn 0.993739 0.111727 5.51068e-20
vn 0.988901 0.148574 -5.85938e-16
vn 0.988901 0.148574 5.86003e-16
vn 0.982698 0.185216 -1.19122e-19
vn 0.975145 0.221566 -1.93882e-16
vn 0.975145 0.221566 1.93857e-16
vn 0.966248 0.257612 1.44811e-19
vn 0.956008 0.293339 1.86278e-16
vn 0.956008 0.293339 -1.86321e-16
vn 0.944448 0.328661 -9.91773e-20
vn 0.931545 0.363625 3.28194e-16
vn 0.931545 0.363625 -3.27752e-16
vn 0.917349 0.398084 -3.45316e-19
vn 0.901813 0.432127 -3.24073e-17
vn 0.901813 0.432127 3.28008e-17
vn 0.885013 0.465565 -3.80506e-20
vn 0.866884 0.498509 -6.98653e-17
vn 0.866884 0.498509 6.98058e-17
vn 0.84753 0.530748 9.61787e-20
vn 0.824683 0.565595 3.21772e-16
vn 0.824683 0.565595 -3.21802e-16
vn 0.800405 0.599459 -6.73957e-20
vn 0.773529 0.633761 1.51249e-16
vn 0.773529 0.633761 -1.51276e-16
vn 0.745184 0.666859 9.78362e-20
vn 0.720694 0.693254 5.09116e-18
vn 0.720694 0.693254 -4.83932e-18
vn 0.695269 0.71875 -3.6263e-19
vn 0.677006 0.735977 -1.32863e-16
vn 0.677006 0.735977 1.33388e-16
vn 0.658317 0.752741 4.74471e-19
vn 0.631267 0.775565 -4.01312e-16
vn 0.631267 0.775565 4.01423e-16
vn 0.603427 0.797418 3.31061e-20
vn 0.563928 0.825824 -2.81024e-16
vn 0.563928 0.825824 2.81021e-16
vn 0.523094 0.852275 -2.87311e-20
vn 0.485572 0.874197 -1.7175e-16
vn 0.485572 0.874197 1.715e-16
vn 0.447134 0.894467 2.91202e-19
vn 0.410666 0.911786 7.67065e-17
vn 0.410666 0.911786 -7.71667e-17
vn 0.373529 0.927618 1.65659e-19
vn 0.336974 0.941514 1.05525e-16
vn 0.336974 0.941514 -1.06173e-16
vn 0.299904 0.953969 4.80721e-19
vn 0.261953 0.965081 -1.03162e-16
vn 0.261953 0.965081 1.02651e-16
vn 0.223592 0.974683 3.29187e-20
vn 0.182728 0.983163 -1.13521e-16
vn 0.182728 0.983163 1.13474e-16
vn 0.141546 0.989932 4.70067e-21
vn 0.095971 0.995384 1.89154e-17
vn 0.095971 0.995384 -1.89309e-17
vn 0.0501933 0.99874 1.6751e-20
vn 0.00284261 0.999996 8.85024e-17
vn 0.00284261 0.999996 -8.85095e-17
vn -0.0445145 0.999009 -8.6507e-21
vn -0.0860341 0.996292 7.23724e-17
vn -0.0860341 0.996292 -7.23195e-17
vn -0.127405 0.991851 -4.84291e-20
vn -0.164444 0.986386 1.51413e-16
vn -0.164444 0.986386 -1.51565e-16
vn -0.201252 0.979539 2.048e-19
vn -0.239453 0.970908 1.33851e-16
vn -0.239453 0.970908 -1.33698e-16
vn -0.277287 0.960787 -3.54421e-19
vn -0.315979 0.948766 3.24688e-17
vn -0.315979 0.948766 -3.18939e-17
vn -0.354151 0.935188 3.40861e-19
vn -0.392556 0.919728 -1.83582e-17
vn -0.392556 0.919728 1.85254e-17
vn -0.430288 0.902692 6.42936e-20
vn -0.46759 0.883945 -9.52663e-17
vn -0.46759 0.883945 9.51845e-17
vn -0.504078 0.863658 5.84549e-21
vn -0.539505 0.841982 -2.12223e-16
vn -0.539505 0.841982 2.11984e-16
vn -0.574002 0.818854 2.35026e-19
vn -0.606902 0.794777 -3.6989e-17
vn -0.606902 0.794777 3.73905e-17
vn -0.638794 0.769378 -6.406e-19
vn -0.705959 0.708253 1.36219e-16
vn -0.705959 0.708253 -1.35717e-16
vn -0.767302 0.641286 2.31621e-19
vn -0.778127 0.628107 -1.50079e-18
vn -0.778127 0.628107 1.18701e-18
vn -0.788725 0.614746 -5.9879e-21
vn -0.809031 0.587766 -6.11589e-17
vn -0.809031 0.587766 6.11586e-17
vn -0.828415 0.560115 8.24453e-21
vn -0.84622 0.532833 -5.02295e-17
vn -0.84622 0.532833 5.02642e-17
vn -0.863128 0.504985 -4.49154e-20
vn -0.878308 0.478096 1.27676e-16
vn -0.878308 0.478096 -1.27677e-16
vn -0.89265 0.450751 4.74338e-20
vn -0.905239 0.424903 2.17489e-16
vn -0.905239 0.424903 -2.17547e-16
vn -0.91708 0.398704 1.39517e-20
vn -0.927245 0.374454 3.9491e-17
vn -0.927245 0.374454 -3.97206e-17
vn -0.93677 0.349945 2.12437e-19
vn -0.94477 0.327733 2.2016e-16
vn -0.94477 0.327733 -2.20321e-16
vn -0.952244 0.305339 -5.40752e-20
vn -0.958384 0.285482 2.20255e-16
vn -0.958384 0.285482 -2.20199e-16
vn -0.96411 0.265503 9.50484e-22
vn -0.968706 0.24821 2.16825e-16
vn -0.968706 0.24821 -2.16856e-16
vn -0.972992 0.230838 2.90779e-20
vn -0.976343 0.216228 4.17818e-17
vn -0.976343 0.216228 -4.16966e-17
vn -0.979474 0.20157 3.22575e-20
vn -0.981843 0.189693 -3.88789e-16
vn -0.981843 0.189693 3.88905e-16
vn -0.984069 0.177789 -3.96334e-21
vn -0.985675 0.168654 -4.10435e-16
vn -0.985675 0.168654 4.1046e-16
vn -0.987197 0.159504 -2.14249e-20
vn -0.988212 0.153089 -4.08265e-16
vn -0.988212 0.153089 4.08287e-16
vn -0.989186 0.146667 1.64083e-22
vn -0.989732 0.142938 -2.11619e-16
vn -0.989732 0.142938 2.11554e-16
vn -0.990263 0.139208 6.57198e-20
vn -0.990414 0.13813 1.36748e-17
vn -0.990414 0.13813 -1.36633e-17
vn -0.990564 0.137051 -7.77971e-20
vn -0.99035 0.138587 2.24901e-16
vn -0.99035 0.138587 -2.24752e-16
vn -0.990134 0.140123 6.95406e-20
vn -0.988566 0.150791 2.11349e-16
vn -0.988566 0.150791 -2.10989e-16
vn -0.986882 0.161442 -2.88569e-19
vn -0.983757 0.179504 1.98302e-16
vn -0.983757 0.179504 -1.98421e-16
vn -0.980302 0.197505 -2.34465e-19
vn -0.976506 0.215489 1.9814e-16
vn -0.976506 0.215489 -1.98583e-16
vn -0.972381 0.2334 4.33003e-20
vn -0.967918 0.251266 1.85503e-16
vn -0.967918 0.251266 -1.85969e-16
vn -0.963127 0.269047 4.25245e-19
vn -0.958003 0.286758 1.85783e-16
vn -0.958003 0.286758 -1.85689e-16
vn -0.952554 0.304371 -5.22194e-19
vn -0.946778 0.321888 1.8174e-16
vn -0.946778 0.321888 -1.80885e-16
vn -0.94068 0.339295 -3.4319e-19
vn -0.934264 0.356582 1.63982e-16
vn -0.934264 0.356582 -1.63277e-16
vn -0.92753 0.373748 -3.82808e-19
vn -0.920489 0.390769 -1.94144e-16
vn -0.920489 0.390769 1.93429e-16
vn -0.913135 0.407657 1.13159e-18
vn -0.905485 0.424379 -3.6028e-16
vn -0.905485 0.424379 3.59232e-16
vn -0.897528 0.440957 1.21149e-18
vn -0.889288 0.457348 -1.72371e-16
vn -0.889288 0.457348 1.72359e-16
vn -0.880749 0.473584 1.08832e-19
vn -0.87194 0.489612 1.77365e-16
vn -0.87194 0.489612 -1.77531e-16
vn -0.86284 0.505477 2.18568e-20
vn -0.853486 0.521115 1.79212e-16
vn -0.853486 0.521115 -1.79638e-16
vn -0.843849 0.536581 3.97783e-19
vn -0.833974 0.551803 1.29321e-17
vn -0.833974 0.551803 -1.35966e-17
vn -0.823825 0.566844 2.96915e-19
vn -0.813455 0.581628 -7.32459e-18
vn -0.813455 0.581628 7.23232e-18
vn -0.80282 0.596221 -1.95972e-19
vn -0.791983 0.610543 -1.60142e-16
vn -0.791983 0.610543 1.59832e-16
vn -0.78089 0.624669 5.22528e-19
vn -0.769612 0.638511 -2.25115e-16
vn -0.769612 0.638511 2.2427e-16
vn -0.75809 0.65215 2.8292e-19
vn -0.73298 0.680251 -1.32212e-16
vn -0.73298 0.680251 1.34043e-16
vn -0.706828 0.707385 -2.23159e-18
vn -0.691988 0.721909 -6.90874e-17
vn -0.691988 0.721909 7.15317e-17
vn -0.676849 0.736122 -5.20445e-20
vn -0.648662 0.761076 -1.29464e-16
vn -0.648662 0.761076 1.28978e-16
vn -0.619556 0.784952 5.19463e-19
vn -0.594927 0.80378 -1.20818e-16
vn -0.594927 0.80378 1.19088e-16
vn -0.569726 0.821835 1.20119e-18
vn -0.549935 0.835208 -5.1949e-17
vn -0.549935 0.835208 5.01199e-17
vn -0.52983 0.848104 6.50889e-19
vn -0.490639 0.871363 -7.37612e-17
vn -0.490639 0.871363 7.31623e-17
vn -0.45043 0.892812 -7.62701e-20
vn -0.385872 0.922552 -1.43542e-17
vn -0.385872 0.922552 1.44334e-17
vn -0.319365 0.947632 -5.53932e-21
vn -0.254324 0.967119 2.67761e-17
vn -0.254324 0.967119 -2.66806e-17
vn -0.188111 0.982148 -8.60645e-20
vn -0.124927 0.992166 1.87581e-17
vn -0.124927 0.992166 -1.86357e-17
vn -0.0612311 0.998124 -3.69152e-20
vn -0.00221125 0.999998 1.91871e-17
vn -0.00221125 0.999998 -1.91523e-17
vn 0.0568163 0.998385 1.45799e-21
vn 0.111266 0.993791 1.91247e-17
vn 0.111266 0.993791 -1.92051e-17
vn 0.165384 0.986229 7.95322e-20
vn 0.211647 0.977346 4.94715e-17
vn 0.211647 0.977346 -4.95779e-17
vn 0.257441 0.966294 2.42023e-20
vn 0.298217 0.954498 1.57171e-17
vn 0.298217 0.954498 -1.59741e-17
vn 0.338457 0.940982 2.35096e-19
vn 0.378878 0.925447 -9.79309e-17
vn 0.378878 0.925447 9.77345e-17
vn 0.418588 0.908176 -3.61941e-20
vn 0.458064 0.888919 -1.47403e-17
vn 0.458064 0.888919 1.49587e-17
vn 0.496657 0.867947 -1.88142e-19
vn 0.53461 0.845099 2.87452e-17
vn 0.53461 0.845099 -2.88401e-17
vn 0.571515 0.820592 2.89147e-19
vn 0.607408 0.79439 -3.97959e-17
vn 0.607408 0.79439 3.96425e-17
vn 0.642101 0.76662 -1.35583e-19
vn 0.675466 0.737391 -8.95908e-17
vn 0.675466 0.737391 8.97408e-17
vn 0.707501 0.706712 -1.739e-20
vn 0.737956 0.674849 2.2018e-17
vn 0.737956 0.674849 -2.18172e-17
vn 0.766976 0.641676 -1.78943e-19
vn 0.794236 0.60761 1.077e-17
vn 0.794236 0.60761 -1.0467e-17
vn 0.819984 0.572387 -1.30418e-19
vn 0.843861 0.536562 -6.91752e-17
vn 0.843861 0.536562 6.92758e-17
vn 0.866173 0.499743 2.98974e-20
vn 0.886569 0.462596 -8.81886e-17
vn 0.886569 0.462596 8.81622e-17
vn 0.905372 0.424619 -3.46497e-21
vn 0.922264 0.386561 -1.0064e-16
vn 0.922264 0.386561 1.00781e-16
vn 0.937557 0.347833 -1.34324e-19
vn 0.950983 0.309242 -3.29325e-18
vn 0.950983 0.309242 3.39734e-18
vn 0.962823 0.270134 2.98678e-20
vn 0.972871 0.231348 -3.36969e-18
vn 0.972871 0.231348 3.32069e-18
vn 0.981358 0.19219 1.95391e-20
vn 0.988147 0.153508 -1.40777e-18
vn 0.988147 0.153508 1.38353e-18
vn 0.993413 0.11459 3.83729e-21
vn 0.997087 0.0762744 -9.20587e-19
vn 0.997087 0.0762744 9.12313e-19
vn 0.999284 0.0378461 5.02692e-21
vn 0.999999 0.00131834 9.99337e-17
vn 0.999999 0.00131834 -9.9957e-17
vn 0.99938 -0.0352112 1.85448e-20
vn 0.999402 -0.0345836 9.95993e-17
vn 0.999402 -0.0345836 -9.96267e-17
vn 0.999423 -0.0339559 8.84043e-21
vn 0.999957 0.00930958 -9.99525e-17
vn 0.999957 0.00930958 9.99307e-17
vn 0.998618 0.0525576 1.28472e-20
vn 0.996441 0.0842965 -1.00093e-16
vn 0.996441 0.0842965 1.00131e-16
vn 0.993255 0.11595 -5.02871e-20
vn 0.993296 0.115603 -3.50192e-19
vn 0.993296 0.115603 3.73678e-19
vn 0.993336 0.115256 2.68452e-20
vn 0.996509 0.0834816 9.94786e-17
vn 0.996509 0.0834816 -9.95103e-17
vn 0.998667 0.0516223 4.59807e-21
vn 0.999979 -0.0064555 1.00014e-16
vn 0.999979 -0.0064555 -1.00032e-16
vn 0.997917 -0.0645115 1.40484e-20
vn 0.990178 -0.139814 2.30449e-19
vn 0.990178 -0.139814 -2.09974e-19
vn 0.976765 -0.214315 -3.45804e-20
vn 0.991254 -0.131966 -1.72207e-20
vn 0.991254 -0.131966 4.73337e-20
vn 0.998814 -0.0486941 1.0937e-20
vn 0.99628 -0.0861758 -1.60716e-18
vn 0.99628 -0.0861758 1.58126e-18
vn 0.99234 -0.123536 1.63698e-21
vn 0.990382 -0.138364 -9.65842e-17
vn 0.990382 -0.138364 9.65306e-17
vn 0.988201 -0.15316 5.93983e-20
vn 0.985774 -0.168078 -9.06891e-17
vn 0.985774 -0.168078 9.05698e-17
vn 0.983121 -0.182957 5.66912e-20
vn 0.980214 -0.197942 9.51256e-17
vn 0.980214 -0.197942 -9.51136e-17
vn 0.977078 -0.212881 -6.19944e-20
vn 0.973683 -0.227907 8.45151e-17
vn 0.973683 -0.227907 -8.45385e-17
vn 0.970056 -0.24288 8.68422e-20
vn 0.966166 -0.257923 -1.26934e-17
vn 0.966166 -0.257923 1.27877e-17
vn 0.962041 -0.272903 -1.87049e-19
vn 0.95765 -0.287934 1.02231e-18
vn 0.95765 -0.287934 -7.50583e-19
vn 0.953024 -0.302895 -9.18646e-20
vn 0.948129 -0.317885 -7.6852e-17
vn 0.948129 -0.317885 7.67694e-17
vn 0.942999 -0.332796 1.78616e-19
vn 0.9376 -0.347716 -8.45536e-17
vn 0.9376 -0.347716 8.42126e-17
vn 0.931965 -0.362548 1.65869e-19
vn 0.926064 -0.377367 -7.11043e-17
vn 0.926064 -0.377367 7.09026e-17
vn 0.919927 -0.39209 -4.92679e-19
vn 0.913528 -0.406776 -5.05135e-17
vn 0.913528 -0.406776 5.02747e-17
vn 0.906894 -0.421359 2.06753e-19
vn 0.900004 -0.435882 1.08194e-16
vn 0.900004 -0.435882 -1.08298e-16
vn 0.892881 -0.450293 -1.05937e-19
vn 0.885509 -0.464621 1.11063e-16
vn 0.885509 -0.464621 -1.1122e-16
vn 0.877908 -0.47883 2.61622e-19
vn 0.870067 -0.492933 -6.11472e-17
vn 0.870067 -0.492933 6.10036e-17
vn 0.862 -0.506908 -1.1752e-19
vn 0.853705 -0.520757 -8.41345e-17
vn 0.853705 -0.520757 8.50261e-17
vn 0.845188 -0.534469 -7.73964e-19
vn 0.836457 -0.548033 -1.07858e-16
vn 0.836457 -0.548033 1.08944e-16
vn 0.827507 -0.561455 -3.0946e-19
vn 0.832003 -0.554771 -1.08291e-16
vn 0.832003 -0.554771 1.08489e-16
vn 0.836445 -0.548051 1.0815e-19
vn 0.85303 -0.521862 -2.47008e-17
vn 0.85303 -0.521862 2.46854e-17
vn 0.868795 -0.495171 -8.95674e-20
vn 0.882672 -0.469989 8.65594e-17
vn 0.882672 -0.469989 -8.62971e-17
vn 0.89582 -0.444418 -1.7886e-19
vn 0.907156 -0.420793 2.559e-19
vn 0.907156 -0.420793 -2.31015e-20
vn 0.91787 -0.39688 4.1137e-19
vn 0.926924 -0.375249 -1.11032e-16
vn 0.926924 -0.375249 1.10898e-16
vn 0.935468 -0.353411 1.84579e-19
vn 0.942542 -0.334089 -1.57437e-17
vn 0.942542 -0.334089 1.55574e-17
vn 0.949216 -0.314625 2.48804e-21
vn 0.954622 -0.297821 7.96563e-17
vn 0.954622 -0.297821 -7.97104e-17
vn 0.95973 -0.280924 5.16494e-20
vn 0.963762 -0.266763 9.53741e-17
vn 0.963762 -0.266763 -9.52829e-17
vn 0.967585 -0.252544 -1.43758e-19
vn 0.973104 -0.230368 -1.17864e-16
vn 0.973104 -0.230368 1.179e-16
vn 0.978114 -0.208072 -1.38216e-19
vn 0.984232 -0.176881 -1.17935e-16
vn 0.984232 -0.176881 1.17887e-16
vn 0.989356 -0.145512 -5.91455e-20
vn 0.993303 -0.115543 5.14456e-20
vn 0.993303 -0.115543 5.14456e-20
vn 0.996341 -0.0854678 -4.36987e-20
vn 0.99839 -0.0567207 2.80691e-18
vn 0.99839 -0.0567207 -2.76638e-18
vn 0.99961 -0.0279264 2.84966e-21
vn 0.99996 0.00891475 1.01014e-16
vn 0.99996 0.00891475 -1.01005e-16
vn 0.998953 0.0457438 -1.29844e-20
vn 0.995985 0.0895157 1.11402e-16
vn 0.995985 0.0895157 -1.11423e-16
vn 0.991101 0.133115 3.14719e-20
vn 0.984664 0.174461 3.44412e-17
vn 0.984664 0.174461 -3.4288e-17
vn 0.976504 0.215501 -1.81506e-19
vn 0.966931 0.25504 5.02437e-17
vn 0.966931 0.25504 -5.00655e-17
vn 0.955757 0.294156 2.5698e-21
vn 0.943102 0.332505 1.20234e-16
vn 0.943102 0.332505 -1.20117e-16
vn 0.928908 0.370311 -1.24093e-19
vn 0.912962 0.408044 9.12182e-17
vn 0.912962 0.408044 -9.1232e-17
vn 0.895484 0.445093 1.44131e-19
vn 0.875784 0.482703 5.09201e-17
vn 0.875784 0.482703 -5.10077e-17
vn 0.854505 0.519443 -4.88106e-20
vn 0.83032 0.557287 -2.81314e-17
vn 0.83032 0.557287 2.85217e-17
vn 0.80446 0.594007 -3.53319e-19
vn 0.781891 0.623415 -3.71148e-18
vn 0.781891 0.623415 4.059e-18
vn 0.758248 0.651966 1.61993e-20
vn 0.74053 0.672024 6.81416e-18
vn 0.74053 0.672024 -6.67068e-18
vn 0.722281 0.6916 -1.64285e-19
vn 0.703647 0.710549 -1.40836e-16
vn 0.703647 0.710549 1.41207e-16
vn 0.684517 0.728997 -2.04138e-19
vn 0.66499 0.746852 3.34131e-18
vn 0.66499 0.746852 -3.19624e-18
vn 0.644998 0.764184 5.97149e-20
vn 0.624588 0.780954 1.54724e-16
vn 0.624588 0.780954 -1.54717e-16
vn 0.603742 0.79718 -7.02397e-20
vn 0.582447 0.812869 1.61323e-16
vn 0.582447 0.812869 -1.61002e-16
vn 0.560745 0.827989 -2.51165e-19
vn 0.538556 0.84259 -8.76769e-17
vn 0.538556 0.84259 8.79962e-17
vn 0.515988 0.856596 -6.78849e-20
vn 0.492891 0.870091 -2.57378e-16
vn 0.492891 0.870091 2.57571e-16
vn 0.469441 0.882964 -1.27987e-19
vn 0.445418 0.895323 -1.77254e-16
vn 0.445418 0.895323 1.77501e-16
vn 0.421071 0.907028 -1.2096e-19
vn 0.396105 0.918205 -8.99346e-17
vn 0.396105 0.918205 8.97744e-17
vn 0.370843 0.928696 2.85344e-19
vn 0.344921 0.938632 9.37312e-17
vn 0.344921 0.938632 -9.41331e-17
vn 0.318734 0.947844 1.19838e-19
vn 0.291852 0.956464 1.8958e-16
vn 0.291852 0.956464 -1.89592e-16
vn 0.264737 0.964321 -1.11004e-19
vn 0.236903 0.971533 9.575e-17
vn 0.236903 0.971533 -9.55575e-17
vn 0.208874 0.977943 -8.20711e-20
vn 0.180115 0.983646 9.24898e-20
vn 0.180115 0.983646 9.24898e-20
vn 0.151202 0.988503 -1.02829e-19
vn 0.121568 0.992583 1.97645e-16
vn 0.121568 0.992583 -1.97592e-16
vn 0.0918249 0.995775 4.87839e-20
vn 0.0613931 0.998114 9.84205e-17
vn 0.0613931 0.998114 -9.84911e-17
vn 0.0309042 0.999522 2.2699e-20
vn -0.00998825 0.99995 -1.97307e-16
vn -0.00998825 0.99995 1.97271e-16
vn -0.050864 0.998706 1.40646e-20
vn -0.0914729 0.995808 6.39832e-18
vn -0.0914729 0.995808 -6.51576e-18
vn -0.13193 0.991259 -7.43509e-20
vn -0.162071 0.986779 9.48969e-17
vn -0.162071 0.986779 -9.49761e-17
vn -0.192062 0.981383 -2.5853e-20
vn -0.222195 0.975002 8.62928e-17
vn -0.222195 0.975002 -8.62142e-17
vn -0.252117 0.967697 -5.42518e-20
vn -0.282103 0.959384 1.9507e-18
vn -0.282103 0.959384 -1.8156e-18
vn -0.311815 0.950143 -7.84774e-20
vn -0.341506 0.939879 -9.39768e-17
vn -0.341506 0.939879 9.39026e-17
vn -0.370861 0.928688 1.54716e-19
vn -0.400106 0.916469 1.106e-16
vn -0.400106 0.916469 -1.1058e-16
vn -0.428949 0.903329 1.91018e-19
vn -0.45759 0.889163 1.9731e-16
vn -0.45759 0.889163 -1.97045e-16
vn -0.485764 0.87409 -8.87587e-20
vn -0.513639 0.858006 1.13139e-16
vn -0.513639 0.858006 -1.12966e-16
vn -0.540982 0.841034 -9.24932e-20
vn -0.567926 0.823079 -5.30238e-17
vn -0.567926 0.823079 5.28556e-17
vn -0.594275 0.804262 2.65195e-19
vn -0.620125 0.784503 -3.67381e-18
vn -0.620125 0.784503 3.36491e-18
vn -0.645318 0.763914 3.94749e-20
vn -0.669911 0.742442 7.56064e-17
vn -0.669911 0.742442 -7.61654e-17
vn -0.693789 0.720178 5.30541e-19
vn -0.71697 0.697104 -4.17241e-19
vn -0.71697 0.697104 -4.17241e-19
vn -0.739384 0.673284 3.03495e-19
vn -0.761008 0.648743 -1.00671e-16
vn -0.761008 0.648743 1.00228e-16
vn -0.781817 0.623508 1.49772e-19
vn -0.801753 0.597656 -4.42086e-17
vn -0.801753 0.597656 4.37101e-17
vn -0.820833 0.571168 3.38149e-19
vn -0.838968 0.544181 -1.58835e-17
vn -0.838968 0.544181 1.52495e-17
vn -0.856215 0.51662 2.97093e-19
vn -0.872457 0.488692 -7.24442e-17
vn -0.872457 0.488692 7.16678e-17
vn -0.887788 0.460253 4.77194e-19
vn -0.900833 0.434166 -3.90545e-19
vn -0.900833 0.434166 -3.90545e-19
vn -0.913112 0.407709 3.03565e-19
vn -0.923576 0.383416 3.54138e-17
vn -0.923576 0.383416 -3.58069e-17
vn -0.933394 0.358855 8.90137e-20
vn -0.942664 0.333742 6.61913e-17
vn -0.942664 0.333742 -6.62319e-17
vn -0.95126 0.308391 -4.8228e-20
vn -0.95929 0.282422 5.6034e-17
vn -0.95929 0.282422 -5.59743e-17
vn -0.966612 0.256245 -1.06183e-20
vn -0.973335 0.229389 1.21872e-18
vn -0.973335 0.229389 -1.15551e-18
vn -0.979312 0.202357 -5.07066e-20
vn -0.98464 0.174596 -4.87149e-17
vn -0.98464 0.174596 4.87242e-17
vn -0.989182 0.146696 3.99947e-20
vn -0.99301 0.118029 -2.45415e-17
vn -0.99301 0.118029 2.44657e-17
vn -0.996008 0.0892636 3.47689e-20
vn -0.998215 0.0597155 -2.78036e-17
vn -0.998215 0.0597155 2.77513e-17
vn -0.999546 0.030115 -9.39067e-21
vn -0.999987 -0.00509118 -4.84759e-17
vn -0.999987 -0.00509118 4.84446e-17
vn -0.999188 -0.040291 1.41941e-20
vn -0.996683 -0.0813829 -8.63871e-18
vn -0.996683 -0.0813829 8.60481e-18
vn -0.992489 -0.122337 2.03442e-20
vn -0.9884 -0.151873 -5.9664e-18
vn -0.9884 -0.151873 5.89098e-18
vn -0.983433 -0.181273 5.45096e-20
vn -0.979631 -0.200808 -1.79686e-17
vn -0.979631 -0.200808 1.79915e-17
vn -0.975441 -0.220263 -7.75659e-20
vn -0.970075 -0.242804 1.3127e-17
vn -0.970075 -0.242804 -1.32106e-17
vn -0.964189 -0.265215 1.60654e-19
vn -0.95689 -0.290451 -2.48121e-18
vn -0.95689 -0.290451 2.45699e-18
vn -0.94893 -0.315486 -1.36508e-19
vn -0.939365 -0.342919 -3.38495e-17
vn -0.939365 -0.342919 3.42104e-17
vn -0.929007 -0.370063 -2.22933e-19
vn -0.916943 -0.399017 2.98654e-18
vn -0.916943 -0.399017 -2.72186e-18
vn -0.903978 -0.427579 -4.35148e-20
vn -0.889346 -0.457235 2.12772e-17
vn -0.889346 -0.457235 -2.12158e-17
vn -0.873741 -0.486391 -1.67833e-20
vn -0.856671 -0.515863 -6.11079e-18
vn -0.856671 -0.515863 6.26037e-18
vn -0.838607 -0.544737 -1.29825e-19
vn -0.833406 -0.552661 -6.08256e-18
vn -0.833406 -0.552661 6.28198e-18
vn -0.828131 -0.560534 -7.24815e-20
vn -0.836659 -0.547725 3.58613e-19
vn -0.836659 -0.547725 3.58613e-19
vn -0.844988 -0.534786 -6.4466e-19
vn -0.853232 -0.521532 -4.17347e-17
vn -0.853232 -0.521532 4.25849e-17
vn -0.861268 -0.50815 -2.02773e-19
vn -0.869197 -0.494466 -1.87649e-17
vn -0.869197 -0.494466 1.84014e-17
vn -0.876908 -0.480658 5.62302e-19
vn -0.884489 -0.466561 2.3432e-17
vn -0.884489 -0.466561 -2.37218e-17
vn -0.891843 -0.452344 -2.71461e-19
vn -0.899045 -0.437857 2.38684e-17
vn -0.899045 -0.437857 -2.35216e-17
vn -0.906011 -0.423255 -7.28438e-20
vn -0.912802 -0.408403 2.36635e-17
vn -0.912802 -0.408403 -2.37267e-17
vn -0.91935 -0.393442 1.3353e-19
vn -0.925702 -0.378254 4.54813e-17
vn -0.925702 -0.378254 -4.57752e-17
vn -0.931803 -0.362963 1.57455e-19
vn -0.93769 -0.347472 9.17602e-17
vn -0.93769 -0.347472 -9.1806e-17
vn -0.94332 -0.331885 -1.13851e-19
vn -0.948717 -0.316127 5.37596e-17
vn -0.948717 -0.316127 -5.33324e-17
vn -0.953851 -0.300281 -3.09935e-19
vn -0.958737 -0.284293 -3.95637e-17
vn -0.958737 -0.284293 3.97938e-17
vn -0.963356 -0.268226 9.04604e-20
vn -0.967714 -0.252051 3.60213e-19
vn -0.967714 -0.252051 -4.09734e-19
vn -0.9718 -0.235805 -5.99841e-20
vn -0.975616 -0.219484 4.24638e-17
vn -0.975616 -0.219484 -4.25627e-17
vn -0.979158 -0.203102 1.67036e-19
vn -0.982421 -0.186681 -4.98332e-18
vn -0.982421 -0.186681 4.89996e-18
vn -0.985408 -0.170207 -8.16368e-20
vn -0.988113 -0.153729 4.86191e-17
vn -0.988113 -0.153729 -4.84764e-17
vn -0.990542 -0.137209 -6.01317e-20
vn -0.992687 -0.12072 9.79273e-17
vn -0.992687 -0.12072 -9.79818e-17
vn -0.994557 -0.104198 1.11522e-19
vn -0.998497 -0.0547973 5.71726e-18
vn -0.998497 -0.0547973 -5.84762e-18
vn -0.999986 -0.00526206 1.8415e-20
vn -0.999842 0.0178017 6.18469e-18
vn -0.999842 0.0178017 -6.20058e-18
vn -0.999165 0.040856 1.75418e-22
vn -0.996369 0.0851383 4.82793e-17
vn -0.996369 0.0851383 -4.82691e-17
vn -0.991612 0.129253 -1.11628e-20
vn -0.985319 0.170722 4.98629e-17
vn -0.985319 0.170722 -4.97972e-17
vn -0.977294 0.21189 -5.50105e-20
vn -0.967883 0.2514 4.77834e-17
vn -0.967883 0.2514 -4.7725e-17
vn -0.956876 0.290495 -1.50883e-21
vn -0.944768 0.327739 3.82221e-17
vn -0.944768 0.327739 -3.8342e-17
vn -0.931211 0.36448 1.20719e-19
vn -0.916821 0.399298 7.60919e-17
vn -0.916821 0.399298 -7.62537e-17
vn -0.90113 0.433549 4.2718e-20
vn -0.884835 0.465905 7.75754e-17
vn -0.884835 0.465905 -7.74196e-17
vn -0.867379 0.497648 -2.01318e-19
vn -0.849495 0.527597 8.47872e-17
vn -0.849495 0.527597 -8.44999e-17
vn -0.830577 0.556904 -8.69546e-20
vn -0.811346 0.584566 4.14592e-17
vn -0.811346 0.584566 -4.12898e-17
vn -0.791195 0.611564 -8.03453e-20
vn -0.770785 0.637095 1.6661e-17
vn -0.770785 0.637095 -1.63339e-17
vn -0.749552 0.661945 -2.46012e-19
vn -0.728057 0.685516 1.65127e-17
vn -0.728057 0.685516 -1.64814e-17
vn -0.705821 0.70839 2.14072e-19
vn -0.683266 0.73017 -1.41519e-17
vn -0.683266 0.73017 1.42598e-17
vn -0.660039 0.751232 2.53168e-20
vn -0.636384 0.771373 -1.39738e-17
vn -0.636384 0.771373 1.44377e-17
vn -0.612115 0.790769 -1.36323e-19
vn -0.587263 0.809396 2.0781e-17
vn -0.587263 0.809396 -2.06685e-17
vn -0.561846 0.827242 2.26139e-20
vn -0.535647 0.844442 2.06759e-17
vn -0.535647 0.844442 -2.0774e-17
vn -0.508922 0.860812 7.67385e-20
vn -0.481175 0.876624 -2.79147e-20
vn -0.481175 0.876624 -2.79147e-20
vn -0.452938 0.891542 -2.09374e-20
vn -0.414879 0.909877 -2.30265e-17
vn -0.414879 0.909877 2.28813e-17
vn -0.37608 0.926587 1.65965e-19
vn -0.325982 0.945376 -6.06991e-17
vn -0.325982 0.945376 6.03266e-17
vn -0.274952 0.961458 -1.9486e-19
vn -0.22165 0.975126 -6.21058e-17
vn -0.22165 0.975126 6.18515e-17
vn -0.167678 0.985842 4.3622e-20
vn -0.112231 0.993682 3.25208e-19
vn -0.112231 0.993682 -3.56941e-19
vn -0.0564314 0.998406 -1.02538e-20
vn -0.00652769 0.999979 2.58513e-17
vn -0.00652769 0.999979 -2.5847e-17
vn 0.0433923 0.999058 5.60865e-21
vn 0.0866591 0.996238 1.05666e-18
vn 0.0866591 0.996238 -1.11422e-18
vn 0.129763 0.991545 5.17818e-20
vn 0.172281 0.985048 2.42921e-17
vn 0.172281 0.985048 -2.43749e-17
vn 0.214481 0.976728 3.09123e-20
vn 0.255726 0.966749 4.06938e-17
vn 0.255726 0.966749 -4.07045e-17
vn 0.296511 0.95503 -1.82433e-20
vn 0.336035 0.94185 3.01769e-17
vn 0.336035 0.94185 -3.00653e-17
vn 0.374975 0.927035 1.78573e-19
vn 0.41242 0.910994 -1.96597e-17
vn 0.41242 0.910994 1.98523e-17
vn 0.449181 0.893441 -9.67206e-20
vn 0.484284 0.874911 -1.22334e-17
vn 0.484284 0.874911 1.22347e-17
vn 0.518624 0.855003 9.38261e-20
vn 0.551212 0.834365 4.12271e-17
vn 0.551212 0.834365 -4.16541e-17
vn 0.58298 0.812487 3.34073e-19
vn 0.59818 0.801361 1.4426e-17
vn 0.59818 0.801361 -1.44493e-17
vn 0.613169 0.789952 -1.42164e-19
vn 0.641032 0.767514 -7.7909e-18
vn 0.641032 0.767514 7.20685e-18
vn 0.668075 0.744094 5.82468e-19
vn 0.67379 0.738923 -1.24034e-17
vn 0.67379 0.738923 1.16505e-17
vn 0.679465 0.733708 1.50686e-19
vn 0.690654 0.723186 -1.01962e-17
vn 0.690654 0.723186 1.03033e-17
vn 0.701679 0.712493 -2.64708e-19
vn 0.711566 0.70262 1.88069e-19
vn 0.711566 0.70262 1.15971e-20
vn 0.721313 0.692609 7.28733e-20
vn 0.729117 0.684389 1.92165e-18
vn 0.729117 0.684389 -1.95957e-18
vn 0.736827 0.676081 -3.10274e-20
vn 0.745966 0.665984 1.12448e-17
vn 0.745966 0.665984 -1.13976e-17
vn 0.754966 0.655763 2.06339e-19
vn 0.766738 0.64196 7.05514e-18
vn 0.766738 0.64196 -7.52444e-18
vn 0.778258 0.627944 2.55056e-19
vn 0.789488 0.613766 1.1026e-17
vn 0.789488 0.613766 -1.14774e-17
vn 0.80046 0.599387 1.76518e-19
vn 0.811136 0.584858 1.33787e-17
vn 0.811136 0.584858 -1.34839e-17
vn 0.821549 0.570138 -7.80256e-20
vn 0.831662 0.555282 -2.07377e-17
vn 0.831662 0.555282 2.06428e-17
vn 0.841507 0.540245 1.36237e-19
vn 0.851051 0.525084 2.10464e-19
vn 0.851051 0.525084 -2.65299e-19
vn 0.86032 0.509754 -2.77997e-20
vn 0.869286 0.494309 -2.71004e-18
vn 0.869286 0.494309 2.12935e-18
vn 0.877975 0.478707 6.15528e-19
vn 0.886358 0.463001 1.89712e-17
vn 0.886358 0.463001 -1.9726e-17
vn 0.89446 0.447148 7.49615e-20
vn 0.902256 0.431201 4.23012e-17
vn 0.902256 0.431201 -4.30915e-17
vn 0.909767 0.415118 7.55455e-19
vn 0.916972 0.398951 -4.54861e-17
vn 0.916972 0.398951 4.37744e-17
vn 0.92389 0.382658 9.48933e-19
vn 0.930501 0.366289 -4.5062e-17
vn 0.930501 0.366289 4.41984e-17
vn 0.936822 0.349806 -7.83892e-20
vn 0.942837 0.333255 -1.51039e-17
vn 0.942837 0.333255 1.50306e-17
vn 0.948559 0.316601 1.33492e-19
vn 0.953975 0.299886 -1.49649e-17
vn 0.953975 0.299886 1.51695e-17
vn 0.959097 0.283079 -3.19771e-19
vn 0.963913 0.266219 -4.65777e-17
vn 0.963913 0.266219 4.70196e-17
vn 0.968432 0.249277 -1.32221e-19
vn 0.972646 0.23229 -8.33302e-17
vn 0.972646 0.23229 8.32963e-17
vn 0.976563 0.215232 1.84897e-19
vn 0.980175 0.198136 -3.67353e-17
vn 0.980175 0.198136 3.6294e-17
vn 0.983487 0.18098 2.477e-19
vn 0.987481 0.15774 1.23228e-17
vn 0.987481 0.15774 -1.23215e-17
vn 0.990925 0.134412 -2.24962e-19
vn 0.984487 0.175459 -5.69874e-17
vn 0.984487 0.175459 5.71759e-17
vn 0.976348 0.216204 1.00641e-20
vn 0.966381 0.257115 -4.0353e-17
vn 0.966381 0.257115 4.00372e-17
vn 0.9547 0.297571 3.11754e-19
vn 0.941492 0.337034 7.45417e-17
vn 0.941492 0.337034 -7.47559e-17
vn 0.926655 0.375914 -1.1082e-19
vn 0.910433 0.413657 4.54464e-17
vn 0.910433 0.413657 -4.54155e-17
vn 0.892675 0.450702 8.92548e-20
vn 0.873665 0.486527 5.14924e-17
vn 0.873665 0.486527 -5.13725e-17
vn 0.853219 0.521552 -2.12461e-19
vn 0.831635 0.555323 9.12365e-17
vn 0.831635 0.555323 -9.10656e-17
vn 0.808715 0.588201 4.00545e-20
vn 0.784742 0.619823 -1.38828e-17
vn 0.784742 0.619823 1.35016e-17
vn 0.759533 0.650468 3.49331e-19
vn 0.733328 0.679875 -1.85077e-17
vn 0.733328 0.679875 1.82056e-17
vn 0.705985 0.708227 -4.33121e-20
vn 0.677672 0.735364 -8.21065e-18
vn 0.677672 0.735364 7.9164e-18
vn 0.648318 0.76137 -2.55799e-19
vn 0.618 0.786178 -1.23286e-16
vn 0.618 0.786178 1.22626e-16
vn 0.586733 0.80978 3.26206e-19
vn 0.554494 0.832188 -2.15438e-16
vn 0.554494 0.832188 2.1504e-16
vn 0.5214 0.853313 -5.19601e-19
vn 0.48732 0.873224 -4.75566e-17
vn 0.48732 0.873224 4.73452e-17
vn 0.45248 0.891774 1.36158e-19
vn 0.416649 0.909067 5.02619e-17
vn 0.416649 0.909067 -5.06262e-17
vn 0.380159 0.924921 2.3077e-19
vn 0.342692 0.939448 -3.7593e-17
vn 0.342692 0.939448 3.74225e-17
vn 0.304671 0.952458 -5.66231e-20
vn 0.265724 0.964049 -9.57335e-17
vn 0.265724 0.964049 9.59085e-17
vn 0.226337 0.974049 -1.21223e-19
vn 0.186118 0.982527 -1.93092e-16
vn 0.186118 0.982527 1.93236e-16
vn 0.145585 0.989346 -2.07775e-20
vn 0.112076 0.9937 -9.72783e-17
vn 0.112076 0.9937 9.73499e-17
vn 0.0784399 0.996919 -4.95082e-20
vn 0.0523042 0.998631 2.85978e-20
vn 0.0523042 0.998631 2.85978e-20
vn 0.0261327 0.999658 -7.66776e-21
vn -0.00276341 0.999996 3.12856e-18
vn -0.00276341 0.999996 -3.10615e-18
vn -0.0316572 0.999499 -1.5107e-20
vn -0.0632703 0.997996 1.01469e-16
vn -0.0632703 0.997996 -1.01415e-16
vn -0.0948201 0.995494 -3.91831e-20
vn -0.126282 0.991994 8.08745e-19
vn -0.126282 0.991994 -8.48523e-19
vn -0.157617 0.9875 7.76157e-20
vn -0.188893 0.981998 2.04088e-17
vn -0.188893 0.981998 -2.07872e-17
vn -0.219978 0.975505 -3.65952e-20
vn -0.251031 0.967979 1.8503e-16
vn -0.251031 0.967979 -1.85036e-16
vn -0.281829 0.959465 4.61417e-20
vn -0.312617 0.949879 -2.57761e-17
vn -0.312617 0.949879 2.6039e-17
vn -0.34308 0.939306 3.14958e-20
vn -0.373546 0.927611 -2.63096e-16
vn -0.373546 0.927611 2.63e-16
vn -0.403615 0.914929 6.41687e-20
vn -0.433681 0.901066 -1.24205e-16
vn -0.433681 0.901066 1.24071e-16
vn -0.463272 0.886216 8.08205e-20
vn -0.492835 0.870123 7.89475e-17
vn -0.492835 0.870123 -7.88765e-17
vn -0.52184 0.853043 5.21686e-19
vn -0.550767 0.834659 -1.28329e-16
vn -0.550767 0.834659 1.28637e-16
vn -0.579046 0.815295 -1.33354e-19
vn -0.607168 0.794574 -3.55774e-17
vn -0.607168 0.794574 3.59362e-17
vn -0.634548 0.772883 -2.26566e-19
vn -0.661661 0.749803 5.40728e-17
vn -0.661661 0.749803 -5.36008e-17
vn -0.687935 0.725773 -2.51167e-19
vn -0.713802 0.700348 -7.13525e-17
vn -0.713802 0.700348 7.21382e-17
vn -0.73873 0.674001 -5.35162e-19
vn -0.763089 0.646294 -1.62194e-17
vn -0.763089 0.646294 1.70305e-17
vn -0.786409 0.617707 -2.73497e-19
vn -0.808977 0.58784 -7.18326e-17
vn -0.808977 0.58784 7.1655e-17
vn -0.830413 0.557149 4.5273e-19
vn -0.850909 0.525313 -1.79116e-17
vn -0.850909 0.525313 1.73972e-17
vn -0.870186 0.492724 6.73835e-20
vn -0.886103 0.463488 -8.95572e-18
vn -0.886103 0.463488 8.59662e-18
vn -0.901039 0.433738 -8.0351e-20
vn -0.913177 0.407562 -4.62817e-17
vn -0.913177 0.407562 4.61757e-17
vn -0.924556 0.381047 -1.82224e-19
vn -0.935274 0.353924 3.22482e-17
vn -0.935274 0.353924 -3.22956e-17
vn -0.945197 0.3265 2.31211e-19
vn -0.954412 0.298492 -6.30133e-17
vn -0.954412 0.298492 6.27538e-17
vn -0.962797 0.270226 3.22107e-20
vn -0.970425 0.241405 -9.52432e-17
vn -0.970425 0.241405 9.507e-17
vn -0.97719 0.212369 1.35259e-19
vn -0.983147 0.182815 -1.47681e-19
vn -0.983147 0.182815 -1.47681e-19
vn -0.988212 0.153094 1.59969e-19
vn -0.992419 0.122898 -9.86867e-17
vn -0.992419 0.122898 9.85319e-17
vn -0.995705 0.0925876 -5.52842e-21
vn -0.998085 0.0618534 -9.86265e-17
vn -0.998085 0.0618534 9.85941e-17
vn -0.999518 0.0310604 3.82657e-20
vn -0.999998 -0.00206541 -6.00126e-21
vn -0.999998 -0.00206541 -6.00126e-21
vn -0.999381 -0.0351889 -2.62698e-20
vn -0.997504 -0.0706155 1.04965e-17
vn -0.997504 -0.0706155 -1.04381e-17
vn -0.994371 -0.105953 -3.19626e-20
vn -0.989935 -0.141521 -6.92167e-17
vn -0.989935 -0.141521 6.93972e-17
vn -0.984228 -0.176907 2.50889e-20
vn -0.977188 -0.212377 -2.00003e-16
vn -0.977188 -0.212377 2.00129e-16
vn -0.96887 -0.247569 1.92059e-20
vn -0.959214 -0.28268 -2.13845e-16
vn -0.959214 -0.28268 2.14067e-16
vn -0.948286 -0.317417 -2.39229e-19
vn -0.936041 -0.351891 6.9801e-17
vn -0.936041 -0.351891 -6.92816e-17
vn -0.922543 -0.385895 5.69605e-20
vn -0.907779 -0.419449 1.40951e-16
vn -0.907779 -0.419449 -1.40806e-16
vn -0.891796 -0.452438 1.35488e-19
vn -0.874633 -0.484785 -2.16902e-16
vn -0.874633 -0.484785 2.16572e-16
vn -0.856298 -0.516482 1.92641e-19
vn -0.849181 -0.528102 -2.75938e-16
vn -0.849181 -0.528102 2.7611e-16
vn -0.841907 -0.539623 -3.57608e-19
vn -0.847935 -0.5301 -5.6532e-17
vn -0.847935 -0.5301 5.68163e-17
vn -0.853855 -0.52051 8.75711e-20
vn -0.861247 -0.508187 -5.94955e-17
vn -0.861247 -0.508187 5.90471e-17
vn -0.868461 -0.495758 3.50324e-19
vn -0.876958 -0.480568 -8.47462e-17
vn -0.876958 -0.480568 8.39076e-17
vn -0.885189 -0.465232 4.80485e-19
vn -0.894442 -0.447183 -1.76094e-16
vn -0.894442 -0.447183 1.75078e-16
vn -0.903328 -0.42895 5.43147e-19
vn -0.912914 -0.408152 -1.94718e-16
vn -0.912914 -0.408152 1.94276e-16
vn -0.922021 -0.38714 -1.02359e-19
vn -0.931466 -0.36383 7.2541e-17
vn -0.931466 -0.36383 -7.2666e-17
vn -0.940321 -0.340289 2.29667e-19
vn -0.949144 -0.314842 8.46794e-17
vn -0.949144 -0.314842 -8.46766e-17
vn -0.957279 -0.289166 -2.55401e-19
vn -0.96095 -0.276722 -6.6935e-18
vn -0.96095 -0.276722 6.96588e-18
vn -0.964459 -0.264232 -2.25156e-21
vn -0.964864 -0.262751 -6.59971e-18
vn -0.964864 -0.262751 6.42696e-18
vn -0.965266 -0.26127 1.77837e-19
vn -0.966955 -0.254946 -6.5775e-18
vn -0.966955 -0.254946 6.44943e-18
vn -0.968603 -0.248612 -5.26111e-20
vn -0.971417 -0.237378 9.61353e-17
vn -0.971417 -0.237378 -9.60256e-17
vn -0.974101 -0.226112 -6.08101e-20
vn -0.977728 -0.209878 -5.3734e-18
vn -0.977728 -0.209878 5.45729e-18
vn -0.981083 -0.193586 -1.99319e-20
vn -0.985046 -0.172291 -3.93049e-18
vn -0.985046 -0.172291 3.98954e-18
vn -0.988547 -0.150915 -4.09639e-20
vn -0.992207 -0.124603 1.94706e-16
vn -0.992207 -0.124603 -1.94617e-16
vn -0.995166 -0.0982021 -4.61595e-20
vn -0.997746 -0.0671102 1.96023e-16
vn -0.997746 -0.0671102 -1.95979e-16
vn -0.999353 -0.035953 3.02492e-21
vn -0.99982 -0.0189659 8.57632e-18
vn -0.99982 -0.0189659 -8.58319e-18
vn -0.999998 -0.0019733 3.578e-21
vn -0.996596 0.0824379 7.47374e-18
vn -0.996596 0.0824379 -7.41925e-18
vn -0.986082 0.166261 -5.56762e-20
vn -0.973545 0.228494 9.77735e-17
vn -0.973545 0.228494 -9.79881e-17
vn -0.957085 0.289807 2.67449e-19
vn -0.938436 0.345453 1.766e-16
vn -0.938436 0.345453 -1.76818e-16
vn -0.916555 0.399909 -5.39947e-20
vn -0.893423 0.449217 2.62883e-16
vn -0.893423 0.449217 -2.62481e-16
vn -0.867641 0.497192 -3.43329e-19
vn -0.841096 0.540886 9.33377e-17
vn -0.841096 0.540886 -9.31223e-17
vn -0.812353 0.583166 1.28138e-19
vn -0.782906 0.62214 8.98003e-17
vn -0.782906 0.62214 -8.99787e-17
vn -0.751591 0.659629 4.06508e-20
vn -0.719256 0.694746 1.50803e-16
vn -0.719256 0.694746 -1.50503e-16
vn -0.685281 0.728279 -3.28449e-19
vn -0.649629 0.760251 1.28765e-16
vn -0.649629 0.760251 -1.28543e-16
vn -0.612487 0.79048 1.00946e-19
vn -0.578313 0.815815 1.68797e-16
vn -0.578313 0.815815 -1.68682e-16
vn -0.543093 0.839673 -2.11751e-19
vn -0.511671 0.859181 8.61274e-17
vn -0.511671 0.859181 -8.60912e-17
vn -0.47955 0.877515 1.7841e-19
vn -0.446111 0.894978 -6.31259e-17
vn -0.446111 0.894978 6.29371e-17
vn -0.412037 0.911167 5.05881e-21
vn -0.37686 0.92627 -6.44829e-17
vn -0.37686 0.92627 6.43753e-17
vn -0.341131 0.940016 1.02931e-19
vn -0.304554 0.952495 -2.33183e-17
vn -0.304554 0.952495 2.34058e-17
vn -0.267523 0.963552 -1.89404e-19
vn -0.229927 0.973208 -1.90369e-17
vn -0.229927 0.973208 1.92287e-17
vn -0.191985 0.981398 -2.51678e-21
vn -0.153775 0.988106 -1.91174e-17
vn -0.153775 0.988106 1.91482e-17
vn -0.115333 0.993327 -2.79391e-20
vn -0.0769173 0.997037 2.48942e-17
vn -0.0769173 0.997037 -2.48807e-17
vn -0.0383868 0.999263 1.44192e-20
vn 0.00339422 0.999994 1.58998e-17
vn 0.00339422 0.999994 -1.592e-17
vn 0.0451693 0.998979 5.73119e-21
vn 0.0897605 0.995963 -9.00635e-18
vn 0.0897605 0.995963 8.95734e-18
vn 0.134172 0.990958 4.32685e-20
vn 0.177449 0.98413 -2.18833e-17
vn 0.177449 0.98413 2.19772e-17
vn 0.220384 0.975413 -1.37864e-19
vn 0.261931 0.965087 -2.18301e-17
vn 0.261931 0.965087 2.20285e-17
vn 0.302998 0.952991 -5.96269e-20
vn 0.342503 0.939517 2.27806e-17
vn 0.342503 0.939517 -2.30293e-17
vn 0.381411 0.924405 3.09954e-19
vn 0.418658 0.908144 4.59942e-17
vn 0.418658 0.908144 -4.63243e-17
vn 0.455213 0.890383 2.19488e-20
vn 0.490064 0.871686 -2.87819e-17
vn 0.490064 0.871686 2.88772e-17
vn 0.524149 0.851626 -1.22298e-19
vn 0.556534 0.830825 -3.18584e-17
vn 0.556534 0.830825 3.21937e-17
vn 0.588094 0.808793 -2.10998e-19
vn 0.609241 0.792985 7.16853e-17
vn 0.609241 0.792985 -7.11769e-17
vn 0.629964 0.776624 -3.26793e-19
vn 0.641745 0.766918 5.18297e-17
vn 0.641745 0.766918 -5.0913e-17
vn 0.653377 0.757033 -5.60838e-19
vn 0.66502 0.746825 1.46336e-19
vn 0.66502 0.746825 1.46336e-19
vn 0.676504 0.736439 2.68201e-19
vn 0.68799 0.725721 -1.35771e-16
vn 0.68799 0.725721 1.35582e-16
vn 0.699305 0.714823 -1.16904e-19
vn 0.710611 0.703585 8.62249e-18
vn 0.710611 0.703585 -8.05847e-18
vn 0.721737 0.692168 -3.70497e-19
vn 0.732839 0.680402 -2.97207e-19
vn 0.732839 0.680402 -3.79814e-20
vn 0.74375 0.668458 6.41357e-19
vn 0.754622 0.65616 4.16713e-18
vn 0.754622 0.65616 -4.11106e-18
vn 0.765291 0.643684 -6.50154e-19
vn 0.775904 0.630851 3.00466e-16
vn 0.775904 0.630851 -2.99479e-16
vn 0.786302 0.617842 -3.9451e-19
vn 0.796626 0.604473 -4.63372e-18
vn 0.796626 0.604473 4.63004e-18
vn 0.806722 0.590931 4.10314e-19
vn 0.816723 0.57703 -3.23489e-16
vn 0.816723 0.57703 3.22946e-16
vn 0.826484 0.56296 1.22135e-19
vn 0.836128 0.548534 -3.43095e-16
vn 0.836128 0.548534 3.43395e-16
vn 0.84552 0.533943 -3.49472e-19
vn 0.854772 0.519004 -9.52492e-18
vn 0.854772 0.519004 9.41083e-18
vn 0.863759 0.503904 4.09135e-19
vn 0.872582 0.488467 3.36695e-16
vn 0.872582 0.488467 -3.37744e-16
vn 0.881129 0.472876 6.50364e-19
vn 0.889486 0.456962 -3.34421e-18
vn 0.889486 0.456962 3.25897e-18
vn 0.897556 0.4409 -5.66875e-19
vn 0.905412 0.424533 -1.53397e-16
vn 0.905412 0.424533 1.54501e-16
vn 0.91297 0.408026 -5.26849e-19
vn 0.92029 0.391238 1.65105e-18
vn 0.92029 0.391238 -1.37499e-18
vn 0.9273 0.374318 2.56642e-19
vn 0.932417 0.361384 -1.82793e-17
vn 0.932417 0.361384 1.80834e-17
vn 0.937353 0.348381 -6.88179e-20
vn 0.94111 0.338101 1.83576e-16
vn 0.94111 0.338101 -1.83484e-16
vn 0.944754 0.32778 -1.92888e-21
vn 0.949005 0.315262 1.30269e-17
vn 0.949005 0.315262 -1.34604e-17
vn 0.95309 0.302688 -3.39383e-19
vn 0.957661 0.287897 -1.70178e-16
vn 0.957661 0.287897 1.70416e-16
vn 0.962003 0.273037 -6.37803e-19
vn 0.966684 0.255972 1.43786e-19
vn 0.966684 0.255972 1.43786e-19
vn 0.971062 0.238826 3.50277e-19
vn 0.975605 0.219532 -1.90219e-16
vn 0.975605 0.219532 1.89978e-16
vn 0.979765 0.200152 -1.04371e-19
vn 0.983897 0.178736 -1.89972e-16
vn 0.983897 0.178736 1.90241e-16
vn 0.987561 0.157236 -1.68749e-19
vn 0.990998 0.133879 -1.05627e-17
vn 0.990998 0.133879 1.08395e-17
vn 0.993882 0.110447 -1.0896e-19
vn 0.992947 0.11856 1.69994e-18
vn 0.992947 0.11856 -1.71519e-18
vn 0.991946 0.126664 1.25517e-19
vn 0.985875 0.167485 2.24578e-16
vn 0.985875 0.167485 -2.24896e-16
vn 0.978124 0.208021 -6.41748e-20
vn 0.968644 0.248451 1.83863e-16
vn 0.968644 0.248451 -1.84355e-16
vn 0.957494 0.288453 2.96815e-19
vn 0.944605 0.328208 -6.45452e-17
vn 0.944605 0.328208 6.40429e-17
vn 0.930067 0.36739 2.11001e-19
vn 0.913787 0.406194 -1.68425e-16
vn 0.913787 0.406194 1.6855e-16
vn 0.895888 0.44428 -3.40666e-19
vn 0.876246 0.481863 3.58804e-17
vn 0.876246 0.481863 -3.55118e-17
vn 0.855029 0.518581 -1.69186e-20
vn 0.832071 0.554669 3.26504e-16
vn 0.832071 0.554669 -3.26686e-16
vn 0.807591 0.589743 1.81269e-19
vn 0.781383 0.624052 9.35579e-17
vn 0.781383 0.624052 -9.40506e-17
vn 0.753718 0.657198 3.28214e-19
vn 0.724353 0.689429 -2.00768e-16
vn 0.724353 0.689429 2.00932e-16
vn 0.693611 0.72035 -4.88963e-19
vn 0.661224 0.750189 -1.3547e-16
vn 0.661224 0.750189 1.36862e-16
vn 0.627555 0.778572 -9.10115e-19
vn 0.592335 0.805692 6.27146e-19
vn 0.592335 0.805692 6.27146e-19
vn 0.555945 0.831219 -3.42937e-19
vn 0.518148 0.855291 9.44286e-17
vn 0.518148 0.855291 -9.4168e-17
vn 0.479312 0.877645 8.95377e-20
vn 0.439273 0.898353 1.62451e-17
vn 0.439273 0.898353 -1.60459e-17
vn 0.398343 0.917237 -2.90538e-19
vn 0.356479 0.934303 -1.71041e-16
vn 0.356479 0.934303 1.71468e-16
vn 0.313887 0.94946 -1.46527e-19
vn 0.270692 0.962666 -9.29274e-17
vn 0.270692 0.962666 9.32727e-17
vn 0.226946 0.973907 -1.92396e-19
vn 0.182978 0.983117 1.81656e-20
vn 0.182978 0.983117 1.81656e-20
vn 0.13864 0.990343 1.56102e-19
vn 0.105332 0.994437 1.42677e-17
vn 0.105332 0.994437 -1.44294e-17
vn 0.0719054 0.997411 5.09049e-21
vn 0.0478926 0.998852 1.09486e-16
vn 0.0478926 0.998852 -1.09492e-16
vn 0.0238521 0.999715 1.49331e-21
vn -0.0011978 0.999999 2.00056e-16
vn -0.0011978 0.999999 -2.00071e-16
vn -0.0262469 0.999655 -5.98112e-21
vn -0.0464667 0.99892 5.52474e-18
vn -0.0464667 0.99892 -5.52977e-18
vn -0.0666674 0.997775 -8.664e-21
vn -0.0948548 0.995491 -7.52461e-17
vn -0.0948548 0.995491 7.53698e-17
vn -0.122966 0.992411 -1.16919e-19
vn -0.166101 0.986109 -3.09421e-17
vn -0.166101 0.986109 3.10318e-17
vn -0.208921 0.977933 3.04307e-20
vn -0.25129 0.967912 -1.869e-17
vn -0.25129 0.967912 1.85511e-17
vn -0.293184 0.956056 1.05076e-19
vn -0.334375 0.94244 2.01207e-16
vn -0.334375 0.94244 -2.01598e-16
vn -0.374936 0.927051 -2.56068e-19
vn -0.414593 0.910007 2.54014e-16
vn -0.414593 0.910007 -2.54114e-16
vn -0.453477 0.891268 -1.86871e-19
vn -0.491302 0.870989 -1.45437e-17
vn -0.491302 0.870989 1.46656e-17
vn -0.528222 0.849106 7.48734e-20
vn -0.563971 0.825795 -6.45469e-17
vn -0.563971 0.825795 6.46109e-17
vn -0.598692 0.800979 -1.43342e-19
vn -0.632162 0.774836 -9.15282e-17
vn -0.632162 0.774836 9.1446e-17
vn -0.664491 0.747296 2.25024e-19
vn -0.695508 0.718518 -2.05716e-16
vn -0.695508 0.718518 2.04954e-16
vn -0.72528 0.688454 5.32934e-19
vn -0.753689 0.657231 7.88482e-17
vn -0.753689 0.657231 -7.92362e-17
vn -0.780755 0.624837 -1.35067e-19
vn -0.806409 0.591358 3.16994e-16
vn -0.806409 0.591358 -3.17267e-16
vn -0.830628 0.556828 4.00896e-19
vn -0.85338 0.521289 1.1577e-16
vn -0.85338 0.521289 -1.15961e-16
vn -0.874612 0.484823 -2.19543e-19
vn -0.894315 0.447438 9.17114e-17
vn -0.894315 0.447438 -9.1261e-17
vn -0.91242 0.409254 3.21668e-19
vn -0.928927 0.370263 1.71725e-16
vn -0.928927 0.370263 -1.71193e-16
vn -0.943768 0.330608 -3.12603e-19
vn -0.956939 0.290289 3.25997e-17
vn -0.956939 0.290289 -3.22837e-17
vn -0.968388 0.249448 -5.49816e-21
vn -0.978103 0.208122 2.10008e-16
vn -0.978103 0.208122 -2.09867e-16
vn -0.986055 0.16642 1.22541e-19
vn -0.990841 0.135035 6.03703e-16
vn -0.990841 0.135035 -6.03539e-16
vn -0.994628 0.103513 -2.18963e-20
vn -0.997393 0.0721547 5.91774e-16
vn -0.997393 0.0721547 -5.91766e-16
vn -0.99917 0.0407253 1.30053e-20
vn -0.999981 0.00611539 1.36257e-18
vn -0.999981 0.00611539 -1.37355e-18
vn -0.999594 -0.0285019 -2.34906e-21
vn -0.998292 -0.0584145 -2.05453e-16
vn -0.998292 -0.0584145 2.05453e-16
vn -0.996096 -0.0882748 3.8251e-21
vn -0.99295 -0.118535 6.01528e-18
vn -0.99295 -0.118535 -5.97185e-18
vn -0.988885 -0.148685 -4.74215e-20
vn -0.984174 -0.177205 4.25346e-16
vn -0.984174 -0.177205 -4.25255e-16
vn -0.978641 -0.205577 9.72453e-20
vn -0.975196 -0.221345 4.10475e-16
vn -0.975196 -0.221345 -4.10257e-16
vn -0.971496 -0.237055 -1.73283e-19
vn -0.969345 -0.245705 1.92182e-16
vn -0.969345 -0.245705 -1.92075e-16
vn -0.967116 -0.254335 6.45453e-20
vn -0.963463 -0.267842 4.10677e-16
vn -0.963463 -0.267842 -4.10814e-16
vn -0.959621 -0.281296 -1.66476e-19
vn -0.954076 -0.299565 -1.42497e-16
vn -0.954076 -0.299565 1.42328e-16
vn -0.948183 -0.317724 -1.42134e-19
vn -0.940202 -0.340616 -1.94018e-16
vn -0.940202 -0.340616 1.93992e-16
vn -0.931669 -0.363309 -7.11345e-20
vn -0.920577 -0.39056 1.67262e-16
vn -0.920577 -0.39056 -1.66928e-16
vn -0.908689 -0.417474 -2.60383e-19
vn -0.893739 -0.448587 2.39734e-17
vn -0.893739 -0.448587 -2.34701e-17
vn -0.877724 -0.479167 -2.39911e-19
vn -0.858198 -0.513318 5.09752e-17
vn -0.858198 -0.513318 -5.07007e-17
vn -0.837345 -0.546675 -3.53921e-20
vn -0.831107 -0.556112 1.59927e-16
vn -0.831107 -0.556112 -1.59827e-16
vn -0.824764 -0.565477 -5.06681e-20
vn -0.835676 -0.549223 1.33032e-16
vn -0.835676 -0.549223 -1.3257e-16
vn -0.846268 -0.532758 -4.26002e-19
vn -0.856522 -0.51611 -2.42449e-17
vn -0.856522 -0.51611 2.44824e-17
vn -0.86645 -0.499265 1.90969e-19
vn -0.876031 -0.482255 -2.47734e-17
vn -0.876031 -0.482255 2.39539e-17
vn -0.885279 -0.465061 6.25859e-19
vn -0.894174 -0.447719 -3.56231e-19
vn -0.894174 -0.447719 -3.56231e-19
vn -0.90273 -0.430208 8.64675e-20
vn -0.910929 -0.412564 -1.79519e-16
vn -0.910929 -0.412564 1.78886e-16
vn -0.918782 -0.394764 5.44549e-19
vn -0.926275 -0.376847 -3.61663e-16
vn -0.926275 -0.376847 3.61259e-16
vn -0.933419 -0.358788 -1.52905e-19
vn -0.940199 -0.340624 -1.30866e-17
vn -0.940199 -0.340624 1.35118e-17
vn -0.946626 -0.322333 -2.49932e-19
vn -0.952688 -0.303949 3.5615e-16
vn -0.952688 -0.303949 -3.55808e-16
vn -0.958393 -0.285452 -9.7436e-20
vn -0.963732 -0.266873 -1.77401e-18
vn -0.963732 -0.266873 2.04024e-18
vn -0.96871 -0.248195 -1.67236e-19
vn -0.973322 -0.229445 -1.88838e-16
vn -0.973322 -0.229445 1.89015e-16
vn -0.97757 -0.210609 -1.44772e-20
vn -0.981452 -0.191711 1.90166e-16
vn -0.981452 -0.191711 -1.90037e-16
vn -0.984967 -0.172741 -1.13502e-19
vn -0.988115 -0.153716 1.90084e-16
vn -0.988115 -0.153716 -1.90119e-16
vn -0.990895 -0.134634 1.48669e-19
vn -0.993307 -0.115505 -3.89162e-16
vn -0.993307 -0.115505 3.89028e-16
vn -0.995349 -0.0963322 -1.31971e-20
vn -0.997022 -0.0771189 -3.89158e-16
vn -0.997022 -0.0771189 3.89226e-16
vn -0.998324 -0.0578769 -5.51801e-20
vn -0.999255 -0.0386008 -7.71142e-20
vn -0.999255 -0.0386008 1.16671e-19
vn -0.999814 -0.0193103 1.50473e-20
vn -1 -0.000370132 1.95368e-16
vn -1 -0.000370132 -1.95399e-16
vn -0.999828 0.0185702 1.61606e-20
vn -0.99931 0.0371525 1.94694e-16
vn -0.99931 0.0371525 -1.94729e-16
vn -0.998446 0.055722 1.85484e-20
vn -0.997236 0.0743041 -7.1021e-19
vn -0.997236 0.0743041 6.30443e-19
vn -0.995679 0.0928604 6.18652e-20
vn -0.993773 0.111422 -1.69457e-18
vn -0.993773 0.111422 1.64991e-18
vn -0.991521 0.129945 -1.16928e-20
vn -0.988917 0.148466 2.39094e-18
vn -0.988917 0.148466 -2.51026e-18
vn -0.985968 0.166935 1.22522e-19
vn -0.982665 0.185393 4.04575e-18
vn -0.982665 0.185393 -4.19994e-18
vn -0.979016 0.203785 3.45963e-20
vn -0.975011 0.222156 -1.18727e-17
vn -0.975011 0.222156 1.16721e-17
vn -0.970662 0.240449 1.6779e-19
vn -0.965955 0.25871 -1.99547e-16
vn -0.965955 0.25871 1.99599e-16
vn -0.960905 0.276879 -2.27675e-19
vn -0.955496 0.295003 -2.03025e-16
vn -0.955496 0.295003 2.03073e-16
vn -0.949746 0.313021 1.82699e-19
vn -0.943637 0.330982 -3.22999e-17
vn -0.943637 0.330982 3.2552e-17
vn -0.937189 0.348823 -4.22705e-19
vn -0.930382 0.366591 1.83333e-18
vn -0.930382 0.366591 -1.5484e-18
vn -0.923239 0.384226 1.21082e-19
vn -0.91574 0.401771 3.73163e-16
vn -0.91574 0.401771 -3.73778e-16
vn -0.907908 0.41917 5.03895e-19
vn -0.899723 0.436461 3.54608e-16
vn -0.899723 0.436461 -3.54597e-16
vn -0.891209 0.453593 -5.18044e-19
vn -0.882348 0.470597 2.89938e-19
vn -0.882348 0.470597 2.89938e-19
vn -0.873162 0.487429 -6.17256e-20
vn -0.863637 0.504114 -2.53331e-17
vn -0.863637 0.504114 2.53913e-17
vn -0.853793 0.520613 9.97539e-22
vn -0.843618 0.536945 -3.50719e-16
vn -0.843618 0.536945 3.50383e-16
vn -0.83313 0.553077 3.3159e-19
vn -0.834777 0.550587 -5.1793e-16
vn -0.834777 0.550587 5.17737e-16
vn -0.836417 0.548093 -1.36302e-19
vn -0.85041 0.526121 -3.88623e-16
vn -0.85041 0.526121 3.8872e-16
vn -0.863825 0.503792 3.6426e-20
vn -0.877025 0.480445 -4.22486e-17
vn -0.877025 0.480445 4.23379e-17
vn -0.889594 0.456752 -1.19503e-19
vn -0.901648 0.43247 1.33548e-16
vn -0.901648 0.43247 -1.33369e-16
vn -0.91304 0.407871 -6.11229e-20
vn -0.923673 0.383182 2.00287e-16
vn -0.923673 0.383182 -2.00163e-16
vn -0.933639 0.358216 3.41293e-19
vn -0.942684 0.333688 6.25498e-17
vn -0.942684 0.333688 -6.26544e-17
vn -0.951084 0.308931 1.68041e-19
vn -0.958493 0.285115 -1.57788e-16
vn -0.958493 0.285115 1.57751e-16
vn -0.965306 0.261121 -1.35186e-19
vn -0.971141 0.238507 -2.13587e-17
vn -0.971141 0.238507 2.14579e-17
vn -0.976446 0.215761 3.76042e-20
vn -0.983101 0.183066 -2.01685e-16
vn -0.983101 0.183066 2.01587e-16
vn -0.988661 0.150166 6.03992e-20
vn -0.994922 0.100653 -3.77921e-16
vn -0.994922 0.100653 3.77807e-16
vn -0.998704 0.0508899 5.06119e-20
vn -0.999998 0.00191778 -3.99645e-16
vn -0.999998 0.00191778 3.99644e-16
vn -0.998892 -0.0470589 -5.01236e-20
vn -0.996408 -0.0846812 -4.09831e-16
vn -0.996408 -0.0846812 4.09991e-16
vn -0.992508 -0.122183 5.059e-20
vn -0.987569 -0.157184 -4.00337e-16
vn -0.987569 -0.157184 4.00311e-16
vn -0.981397 -0.191988 1.29833e-19
vn -0.971899 -0.2354 -2.20117e-16
vn -0.971899 -0.2354 2.1959e-16
vn -0.96048 -0.278347 3.96904e-19
vn -0.947226 -0.320568 -2.74337e-17
vn -0.947226 -0.320568 2.71982e-17
vn -0.932116 -0.362161 -1.61619e-19
vn -0.915276 -0.402827 2.19746e-16
vn -0.915276 -0.402827 -2.19598e-16
vn -0.896664 -0.442713 2.65059e-20
vn -0.87643 -0.48153 5.16621e-17
vn -0.87643 -0.48153 -5.19993e-17
vn -0.854517 -0.519424 2.99808e-19
vn -0.831077 -0.556157 -3.84178e-16
vn -0.831077 -0.556157 3.83759e-16
vn -0.80606 -0.591834 1.35149e-19
vn -0.77959 -0.626291 -1.33044e-16
vn -0.77959 -0.626291 1.32868e-16
vn -0.751648 -0.659565 2.97429e-20
vn -0.722302 -0.691577 -1.9451e-16
vn -0.722302 -0.691577 1.94525e-16
vn -0.691595 -0.722286 -7.30008e-20
vn -0.659511 -0.751695 -1.54371e-16
vn -0.659511 -0.751695 1.55133e-16
vn -0.626178 -0.77968 -6.73674e-19
vn -0.591485 -0.806316 3.14401e-16
vn -0.591485 -0.806316 -3.13567e-16
vn -0.55566 -0.83141 -1.57603e-19
vn -0.518489 -0.855084 1.91262e-16
vn -0.518489 -0.855084 -1.90828e-16
vn -0.480311 -0.877098 -2.70326e-19
vn -0.440819 -0.897596 -6.40767e-20
vn -0.440819 -0.897596 -6.40767e-20
vn -0.400455 -0.916317 3.98353e-19
vn -0.358841 -0.933399 9.2771e-17
vn -0.358841 -0.933399 -9.35213e-17
vn -0.316502 -0.948592 3.54525e-19
vn -0.273034 -0.962004 2.33625e-16
vn -0.273034 -0.962004 -2.33841e-16
vn -0.229 -0.973426 1.2495e-19
vn -0.184025 -0.982922 2.37922e-16
vn -0.184025 -0.982922 -2.37661e-16
vn -0.138661 -0.99034 -1.20167e-19
vn -0.0926209 -0.995701 -9.88568e-17
vn -0.0926209 -0.995701 9.89908e-17
vn -0.0463821 -0.998924 -1.72392e-20
vn -0.0095202 -0.999955 -1.90622e-16
vn -0.0095202 -0.999955 1.90629e-16
vn 0.0273546 -0.999626 1.06337e-20
vn 0.0546491 -0.998506 -2.08561e-16
vn 0.0546491 -0.998506 2.08545e-16
vn 0.0819027 -0.99664 4.88977e-21
vn 0.118791 -0.992919 -2.14016e-16
vn 0.118791 -0.992919 2.14074e-16
vn 0.155516 -0.987833 -6.27662e-20
vn 0.201705 -0.979446 -9.495e-17
vn 0.201705 -0.979446 9.52719e-17
vn 0.247451 -0.9689 -2.56559e-19
vn 0.292373 -0.956304 -9.51224e-17
vn 0.292373 -0.956304 9.5097e-17
vn 0.336659 -0.941627 2.79674e-19
vn 0.37985 -0.925048 -1.71927e-16
vn 0.37985 -0.925048 1.71764e-16
vn 0.422229 -0.906489 -1.18191e-19
vn 0.463323 -0.886189 -2.42803e-16
vn 0.463323 -0.886189 2.42478e-16
vn 0.503445 -0.864028 -7.18355e-20
vn 0.542163 -0.840274 -7.10655e-17
vn 0.542163 -0.840274 7.05288e-17
vn 0.579762 -0.814786 7.80979e-20
vn 0.615892 -0.78783 -2.17853e-19
vn 0.615892 -0.78783 -2.17853e-19
vn 0.650771 -0.759274 3.57166e-19
vn 0.684148 -0.729343 -1.72694e-19
vn 0.684148 -0.729343 -1.72694e-19
vn 0.71615 -0.697946 -1.21257e-20
vn 0.74663 -0.66524 2.14882e-16
vn 0.74663 -0.66524 -2.14391e-16
vn 0.775617 -0.631203 5.80477e-19
vn 0.803059 -0.5959 2.14571e-16
vn 0.803059 -0.5959 -2.14702e-16
vn 0.828895 -0.559405 6.02151e-19
vn 0.853143 -0.521677 -2.36919e-19
vn 0.853143 -0.521677 -2.36919e-19
vn 0.875676 -0.4829 -1.2879e-19
vn 0.896554 -0.442934 -1.4031e-16
vn 0.896554 -0.442934 1.40251e-16
vn 0.91561 -0.402067 1.83541e-19
vn 0.93292 -0.360083 -2.95435e-16
vn 0.93292 -0.360083 2.9539e-16
vn 0.948307 -0.317356 -1.43352e-19
vn 0.961835 -0.273629 -3.68431e-16
vn 0.961835 -0.273629 3.68795e-16
vn 0.973349 -0.229328 -2.09615e-19
vn 0.982887 -0.184209 -2.27057e-16
vn 0.982887 -0.184209 2.27289e-16
vn 0.990335 -0.138697 -1.80911e-20
vn 0.995702 -0.0926189 -2.09603e-16
vn 0.995702 -0.0926189 2.09617e-16
vn 0.998926 -0.0463416 -2.22433e-22
vn 0.999993 -0.00360619 -3.92706e-16
vn 0.999993 -0.00360619 3.92697e-16
vn 0.999234 0.0391358 8.72144e-21
vn 0.997044 0.0768336 1.953e-16
vn 0.997044 0.0768336 -1.95295e-16
vn 0.993432 0.114422 -1.4873e-20
vn 0.988537 0.150978 5.6747e-16
vn 0.988537 0.150978 -5.67346e-16
vn 0.982297 0.187329 -1.10798e-19
vn 0.974758 0.223264 1.49958e-16
vn 0.974758 0.223264 -1.49752e-16
vn 0.965905 0.258897 -9.38186e-20
vn 0.955935 0.293577 -4.15149e-17
vn 0.955935 0.293577 4.18176e-17
vn 0.944721 0.327875 -2.06296e-19
vn 0.932659 0.360758 -1.78307e-16
vn 0.932659 0.360758 1.78186e-16
vn 0.919454 0.393198 3.33025e-19
vn 0.905723 0.42387 -1.84543e-16
vn 0.905723 0.42387 1.84446e-16
vn 0.89097 0.454062 -2.40463e-19
vn 0.876033 0.482251 1.22166e-16
vn 0.876033 0.482251 -1.22251e-16
vn 0.860205 0.509949 -3.27094e-19
vn 0.844519 0.535525 1.16671e-16
vn 0.844519 0.535525 -1.17414e-16
vn 0.828074 0.560619 4.22232e-19
vn 0.825806 0.563955 1.34324e-16
vn 0.825806 0.563955 -1.34623e-16
vn 0.823524 0.567282 -1.29571e-19
vn 0.834456 0.551074 1.61932e-16
vn 0.834456 0.551074 -1.6222e-16
vn 0.84507 0.534655 4.26553e-19
vn 0.85472 0.519089 3.39742e-16
vn 0.85472 0.519089 -3.40645e-16
vn 0.864083 0.503349 4.74503e-19
vn 0.872635 0.488374 1.43267e-16
vn 0.872635 0.488374 -1.43608e-16
vn 0.880927 0.473253 -1.30262e-19
vn 0.888537 0.458805 -1.74786e-16
vn 0.888537 0.458805 1.74827e-16
vn 0.89591 0.444235 8.32128e-20
vn 0.902712 0.430246 -1.77241e-16
vn 0.902712 0.430246 1.77177e-16
vn 0.909295 0.416153 -1.94378e-20
vn 0.915398 0.40255 1.82388e-16
vn 0.915398 0.40255 -1.82626e-16
vn 0.921298 0.388857 -3.09724e-19
vn 0.926797 0.375563 5.64576e-16
vn 0.926797 0.375563 -5.65366e-16
vn 0.932104 0.362191 5.27968e-19
vn 0.937075 0.349128 1.42888e-17
vn 0.937075 0.349128 -1.49092e-17
vn 0.941863 0.335996 8.59489e-20
vn 0.946371 0.323082 -3.55732e-16
vn 0.946371 0.323082 3.55451e-16
vn 0.950702 0.310107 2.07651e-19
vn 0.954797 0.297258 -1.80155e-16
vn 0.954797 0.297258 1.79902e-16
vn 0.958719 0.284354 4.65076e-20
vn 0.962444 0.271481 6.82858e-18
vn 0.962444 0.271481 -6.85974e-18
vn 0.965995 0.258559 -2.28664e-20
vn 0.969379 0.245569 1.97112e-16
vn 0.969379 0.245569 -1.9698e-16
vn 0.972588 0.232535 -1.09246e-19
vn 0.975652 0.219326 2.02233e-16
vn 0.975652 0.219326 -2.02093e-16
vn 0.978536 0.206078 -3.30693e-20
vn 0.981289 0.192541 9.52385e-18
vn 0.981289 0.192541 -9.47924e-18
vn 0.983855 0.178967 -8.28875e-21
vn 0.986297 0.16498 6.29248e-18
vn 0.986297 0.16498 -6.11309e-18
vn 0.98854 0.15096 -1.7008e-19
vn 0.993092 0.117338 -3.78875e-16
vn 0.993092 0.117338 3.79033e-16
vn 0.996501 0.0835816 2.7663e-21
vn 0.997117 0.0758788 -1.84108e-16
vn 0.997117 0.0758788 1.84119e-16
vn 0.997674 0.0681715 -4.82525e-21
vn 0.998885 0.0472154 -4.05535e-19
vn 0.998885 0.0472154 4.15807e-19
vn 0.999656 0.0262385 -6.49252e-21
vn 0.999991 -0.00413803 -3.93345e-16
vn 0.999991 -0.00413803 3.93354e-16
vn 0.999404 -0.0345108 -3.41201e-21
vn 0.997317 -0.0732005 -1.14392e-18
vn 0.997317 -0.0732005 1.19638e-18
vn 0.993733 -0.11178 -4.62319e-20
vn 0.986242 -0.16531 1.94645e-16
vn 0.986242 -0.16531 -1.94873e-16
vn 0.975869 -0.218356 2.71285e-19
vn 0.959559 -0.281507 -1.84539e-16
vn 0.959559 -0.281507 1.84353e-16
vn 0.939167 -0.34346 -8.14992e-20
vn 0.91601 -0.401156 -1.8388e-16
vn 0.91601 -0.401156 1.836e-16
vn 0.889312 -0.457301 3.56409e-19
vn 0.860732 -0.509058 -6.98461e-18
vn 0.860732 -0.509058 6.89405e-18
vn 0.829144 -0.559036 -2.65132e-19
vn 0.796241 -0.60498 1.59722e-16
vn 0.796241 -0.60498 -1.59979e-16
vn 0.760796 -0.648991 5.19288e-19
vn 0.724207 -0.689582 1.66251e-16
vn 0.724207 -0.689582 -1.67292e-16
vn 0.685456 -0.728114 5.23061e-19
vn 0.645328 -0.763905 1.39359e-16
vn 0.645328 -0.763905 -1.39183e-16
vn 0.603335 -0.797488 3.14463e-20
vn 0.559353 -0.82893 1.39511e-16
vn 0.559353 -0.82893 -1.39035e-16
vn 0.513736 -0.857949 2.39418e-19
vn 0.46401 -0.88583 -8.1509e-17
vn 0.46401 -0.88583 8.16114e-17
vn 0.412776 -0.910833 -3.44541e-19
vn 0.357913 -0.933755 -1.77236e-16
vn 0.357913 -0.933755 1.77281e-16
vn 0.301785 -0.953376 -2.03034e-20
vn 0.243758 -0.969836 -1.20011e-16
vn 0.243758 -0.969836 1.198e-16
vn 0.184845 -0.982768 -8.84979e-20
vn 0.124006 -0.992282 -1.17814e-17
vn 0.124006 -0.992282 1.18575e-17
vn 0.0626959 -0.998033 1.5438e-20
vn 0.000268883 -1 2.47163e-17
vn 0.000268883 -1 -2.47129e-17
vn -0.0621592 -0.998066 -1.80809e-20
vn -0.125453 -0.9921 1.23506e-17
vn -0.125453 -0.9921 -1.22864e-17
vn -0.18824 -0.982123 -4.67712e-20
vn -0.252202 -0.967675 -6.21986e-17
vn -0.252202 -0.967675 6.24865e-17
vn -0.31508 -0.949065 -2.39782e-19
vn -0.378348 -0.925663 -8.42436e-17
vn -0.378348 -0.925663 8.46227e-17
vn -0.439894 -0.89805 -1.44969e-19
vn -0.485317 -0.874338 -4.25399e-17
vn -0.485317 -0.874338 4.30061e-17
vn -0.529466 -0.848331 -3.16246e-19
vn -0.557932 -0.829887 -2.05367e-17
vn -0.557932 -0.829887 2.08557e-17
vn -0.585756 -0.810487 -1.25289e-21
vn -0.612129 -0.790758 1.43363e-16
vn -0.612129 -0.790758 -1.43186e-16
vn -0.637838 -0.770171 -1.55684e-19
vn -0.66164 -0.749822 9.18914e-18
vn -0.66164 -0.749822 -9.08614e-18
vn -0.684793 -0.728737 1.13309e-20
vn -0.695611 -0.718419 -1.358e-16
vn -0.695611 -0.718419 1.32357e-16
vn -0.706273 -0.707939 3.45286e-18
vn -0.735199 -0.677852 -2.28931e-18
vn -0.735199 -0.677852 -2.28931e-18
vn -0.762843 -0.646584 1.12177e-18
vn -0.773137 -0.634239 1.58894e-16
vn -0.773137 -0.634239 -1.60201e-16
vn -0.783231 -0.621731 1.57807e-19
vn -0.793143 -0.609035 3.14603e-16
vn -0.793143 -0.609035 -3.1485e-16
vn -0.802849 -0.596182 9.10922e-20
vn -0.812364 -0.583151 1.48797e-16
vn -0.812364 -0.583151 -1.47793e-16
vn -0.821667 -0.569968 -1.0704e-18
vn -0.830768 -0.556618 -6.65835e-18
vn -0.830768 -0.556618 7.11029e-18
vn -0.839653 -0.543123 6.19833e-19
vn -0.848328 -0.529471 1.19185e-17
vn -0.848328 -0.529471 -1.2973e-17
vn -0.856781 -0.51568 4.37922e-19
vn -0.865016 -0.501745 1.21822e-17
vn -0.865016 -0.501745 -1.27093e-17
vn -0.873024 -0.487677 8.5594e-20
vn -0.880807 -0.473476 -2.25523e-17
vn -0.880807 -0.473476 2.24584e-17
vn -0.888358 -0.459151 3.0276e-20
vn -0.895678 -0.444704 -8.90459e-17
vn -0.895678 -0.444704 8.88248e-17
vn -0.902762 -0.43014 -5.51887e-19
vn -0.909608 -0.415467 -4.72773e-17
vn -0.909608 -0.415467 4.68646e-17
vn -0.916216 -0.400685 2.52296e-19
vn -0.92258 -0.385806 9.12665e-17
vn -0.92258 -0.385806 -9.17966e-17
vn -0.928703 -0.370826 2.84657e-19
vn -0.934577 -0.355762 1.37916e-17
vn -0.934577 -0.355762 -1.39953e-17
vn -0.940206 -0.340605 -1.11551e-19
vn -0.945584 -0.325378 -1.65186e-16
vn -0.945584 -0.325378 1.6559e-16
vn -0.950715 -0.310065 -2.66698e-19
vn -0.955591 -0.294696 -1.99785e-16
vn -0.955591 -0.294696 1.99903e-16
vn -0.960219 -0.27925 1.62696e-19
vn -0.964588 -0.26376 -9.28144e-17
vn -0.964588 -0.26376 9.26562e-17
vn -0.968708 -0.248201 -2.54723e-20
vn -0.972569 -0.232613 1.03622e-17
vn -0.972569 -0.232613 -1.03529e-17
vn -0.976179 -0.216965 2.82784e-20
vn -0.982392 -0.186831 1.03184e-17
vn -0.982392 -0.186831 -1.04037e-17
vn -0.987675 -0.156519 4.48309e-20
vn -0.988325 -0.152363 -1.12924e-16
vn -0.988325 -0.152363 1.12891e-16
vn -0.988957 -0.148205 -1.12522e-20
vn -0.989689 -0.14323 -2.25e-16
vn -0.989689 -0.14323 2.24965e-16
vn -0.990397 -0.138252 -6.75586e-20
vn -0.990378 -0.138387 -2.10377e-16
vn -0.990378 -0.138387 2.10341e-16
vn -0.990359 -0.138522 -9.36592e-21
vn -0.989602 -0.143833 -1.96467e-16
vn -0.989602 -0.143833 1.96473e-16
vn -0.988816 -0.14914 2.0352e-21
vn -0.987178 -0.159625 -1.15091e-16
vn -0.987178 -0.159625 1.15047e-16
vn -0.985428 -0.170092 4.19743e-20
vn -0.982615 -0.185655 -1.68178e-17
vn -0.982615 -0.185655 1.69481e-17
vn -0.979556 -0.201172 -1.72047e-19
vn -0.975143 -0.221577 1.20425e-16
vn -0.975143 -0.221577 -1.202e-16
vn -0.970305 -0.241886 1.74934e-19
vn -0.96378 -0.266698 2.15397e-16
vn -0.96378 -0.266698 -2.15301e-16
vn -0.956621 -0.291336 -4.02195e-20
vn -0.946322 -0.323227 6.00365e-17
vn -0.946322 -0.323227 -5.99093e-17
vn -0.934959 -0.354755 -7.79847e-20
vn -0.920336 -0.391129 -2.99171e-17
vn -0.920336 -0.391129 3.02718e-17
vn -0.904298 -0.426902 -2.90392e-19
vn -0.88654 -0.462651 -1.16869e-16
vn -0.88654 -0.462651 1.16914e-16
vn -0.86737 -0.497664 2.55929e-19
vn -0.846535 -0.532333 -1.22076e-16
vn -0.846535 -0.532333 1.21683e-16
vn -0.824315 -0.566131 1.29534e-19
vn -0.800542 -0.599276 1.53991e-19
vn -0.800542 -0.599276 1.53991e-19
vn -0.775437 -0.631425 -4.37259e-19
vn -0.748944 -0.662634 1.42438e-16
vn -0.748944 -0.662634 -1.41792e-16
vn -0.721195 -0.692733 -2.10803e-19
vn -0.692264 -0.721644 1.50637e-16
vn -0.692264 -0.721644 -1.50483e-16
vn -0.662176 -0.749349 6.90747e-20
vn -0.631143 -0.775666 -5.04661e-17
vn -0.631143 -0.775666 5.04651e-17
vn -0.599066 -0.800699 -7.19687e-20
vn -0.5663 -0.824199 -6.52018e-18
vn -0.5663 -0.824199 6.65612e-18
vn -0.532614 -0.846358 -7.87972e-20
vn -0.498497 -0.866892 -1.22273e-16
vn -0.498497 -0.866892 1.22236e-16
vn -0.463589 -0.88605 1.21259e-19
vn -0.4285 -0.903542 -2.13498e-16
vn -0.4285 -0.903542 2.12937e-16
vn -0.392753 -0.919644 4.44186e-19
vn -0.357056 -0.934083 -1.01883e-16
vn -0.357056 -0.934083 1.01657e-16
vn -0.32083 -0.947137 -2.16468e-19
vn -0.284861 -0.958569 1.27615e-16
vn -0.284861 -0.958569 -1.27482e-16
vn -0.248486 -0.968635 8.32627e-20
vn -0.212549 -0.97715 1.73206e-16
vn -0.212549 -0.97715 -1.73361e-16
vn -0.176322 -0.984333 6.66019e-20
vn -0.140683 -0.990055 9.07724e-17
vn -0.140683 -0.990055 -9.07311e-17
vn -0.10486 -0.994487 3.34623e-20
vn -0.0697492 -0.997565 9.91192e-18
vn -0.0697492 -0.997565 -9.80431e-18
vn -0.0345513 -0.999403 2.31585e-21
vn -0.00627327 -0.99998 -9.82528e-17
vn -0.00627327 -0.99998 9.82485e-17
vn 0.0220098 -0.999758 1.47884e-21
vn 0.0544727 -0.998515 8.50695e-18
vn 0.0544727 -0.998515 -8.4967e-18
vn 0.0868781 -0.996219 -1.35799e-20
vn 0.129651 -0.99156 -8.83142e-17
vn 0.129651 -0.99156 8.83009e-17
vn 0.172185 -0.985065 2.61581e-20
vn 0.213974 -0.976839 -1.67989e-18
vn 0.213974 -0.976839 1.82361e-18
vn 0.255375 -0.966842 -1.65549e-19
vn 0.295887 -0.955223 1.7145e-16
vn 0.295887 -0.955223 -1.71198e-16
vn 0.335874 -0.941907 -8.71173e-20
vn 0.374885 -0.927072 7.6224e-17
vn 0.374885 -0.927072 -7.6307e-17
vn 0.413242 -0.910621 1.6915e-19
vn 0.45058 -0.892736 -6.20888e-17
vn 0.45058 -0.892736 6.16306e-17
vn 0.487146 -0.87332 -2.80761e-19
vn 0.522682 -0.852528 -6.19547e-17
vn 0.522682 -0.852528 6.17635e-17
vn 0.557331 -0.83029 -8.90129e-20
vn 0.590952 -0.806706 -1.07584e-16
vn 0.590952 -0.806706 1.07536e-16
vn 0.623577 -0.781762 1.44782e-19
vn 0.655176 -0.755476 -1.45554e-16
vn 0.655176 -0.755476 1.45176e-16
vn 0.685669 -0.727914 2.24805e-19
vn 0.715125 -0.698996 5.69399e-17
vn 0.715125 -0.698996 -5.7326e-17
vn 0.743363 -0.668888 1.66677e-19
vn 0.77053 -0.637403 5.5878e-17
vn 0.77053 -0.637403 -5.60725e-17
vn 0.796365 -0.604816 3.28903e-20
vn 0.821063 -0.570837 -9.17892e-17
vn 0.821063 -0.570837 9.18316e-17
vn 0.844313 -0.53585 -8.03273e-20
vn 0.866327 -0.499478 -9.46089e-17
vn 0.866327 -0.499478 9.45809e-17
vn 0.886775 -0.462202 9.85947e-20
vn 0.905856 -0.423586 -3.9128e-18
vn 0.905856 -0.423586 3.63735e-18
vn 0.923256 -0.384184 1.70601e-19
vn 0.939136 -0.343545 -8.54994e-17
vn 0.939136 -0.343545 8.56339e-17
vn 0.953228 -0.302251 -3.01054e-19
vn 0.965637 -0.259894 -1.44688e-16
vn 0.965637 -0.259894 1.45054e-16
vn 0.976165 -0.217029 -5.93245e-20
vn 0.984646 -0.174562 -1.18534e-16
vn 0.984646 -0.174562 1.18682e-16
vn 0.991281 -0.131768 -8.99663e-20
vn 0.996091 -0.0883294 -4.81734e-17
vn 0.996091 -0.0883294 4.83002e-17
vn 0.998999 -0.0447221 -3.49086e-20
vn 1 -0.000576761 4.90663e-17
vn 1 -0.000576761 -4.90287e-17
vn 0.99905 0.0435697 -2.29631e-21
vn 0.996194 0.0871692 1.28122e-17
vn 0.996194 0.0871692 -1.29249e-17
vn 0.991435 0.130602 1.13956e-19
vn 0.984919 0.173014 3.40737e-17
vn 0.984919 0.173014 -3.41386e-17
vn 0.976591 0.215106 -5.18246e-20
vn 0.966874 0.255252 2.1249e-17
vn 0.966874 0.255252 -2.12242e-17
vn 0.955509 0.294963 3.06547e-20
vn 0.943274 0.332016 1.82215e-17
vn 0.943274 0.332016 -1.80636e-17
vn 0.929603 0.368563 -1.89106e-19
vn 0.915637 0.402005 -4.76591e-17
vn 0.915637 0.402005 4.74374e-17
vn 0.900469 0.434919 -1.43593e-19
vn 0.885556 0.464533 1.94152e-17
vn 0.885556 0.464533 -2.0065e-17
vn 0.869669 0.493636 2.31364e-19
vn 0.8545 0.519451 8.52614e-17
vn 0.8545 0.519451 -8.55653e-17
vn 0.838566 0.544801 7.49826e-20
vn 0.836158 0.548489 1.08535e-16
vn 0.836158 0.548489 -1.08853e-16
vn 0.833733 0.552168 2.34131e-19
vn 0.84396 0.536406 6.70547e-17
vn 0.84396 0.536406 -6.65442e-17
vn 0.85389 0.520454 -7.39545e-19
vn 0.863419 0.504487 -2.27e-17
vn 0.863419 0.504487 2.36443e-17
vn 0.87265 0.488345 8.09781e-19
vn 0.881472 0.472236 8.46787e-17
vn 0.881472 0.472236 -8.47994e-17
vn 0.889997 0.455967 -1.89636e-19
vn 0.898107 0.439776 2.15429e-17
vn 0.898107 0.439776 -2.15574e-17
vn 0.905923 0.423442 -3.02448e-19
vn 0.913327 0.407228 -8.9534e-17
vn 0.913327 0.407228 8.95751e-17
vn 0.92044 0.390884 2.64616e-19
vn 0.927146 0.374701 -4.53497e-17
vn 0.927146 0.374701 4.48625e-17
vn 0.933567 0.358403 2.21523e-19
vn 0.939591 0.3423 -2.89639e-19
vn 0.939591 0.3423 -2.89639e-19
vn 0.945336 0.326097 3.57669e-19
vn 0.950697 0.31012 -4.7272e-17
vn 0.950697 0.31012 4.67858e-17
vn 0.955788 0.294055 1.18718e-19
vn 0.96051 0.278244 2.38634e-19
vn 0.96051 0.278244 -1.95337e-19
vn 0.964971 0.262357 -1.55907e-19
vn 0.96908 0.246747 -6.10919e-18
vn 0.96908 0.246747 6.35611e-18
vn 0.972937 0.231072 -7.73495e-20
vn 0.976462 0.215691 -5.82336e-17
vn 0.976462 0.215691 5.83385e-17
vn 0.979744 0.200256 -4.33809e-20
vn 0.982714 0.185129 -4.87479e-18
vn 0.982714 0.185129 4.74199e-18
vn 0.985451 0.169958 1.81914e-19
vn 0.987898 0.155105 -3.48849e-18
vn 0.987898 0.155105 3.40497e-18
vn 0.990121 0.140217 -9.78183e-20
vn 0.992074 0.125652 -2.13707e-18
vn 0.992074 0.125652 2.16351e-18
vn 0.993814 0.111061 7.45206e-20
vn 0.995304 0.0967963 1.20949e-18
vn 0.995304 0.0967963 -1.38334e-18
vn 0.99659 0.0825118 9.55898e-20
vn 0.999046 0.0436803 -8.29133e-20
vn 0.999046 0.0436803 -1.14945e-20
vn 0.999989 0.00478274 1.85505e-23
vn 0.999821 -0.0188986 -6.22558e-20
vn 0.999821 -0.0188986 8.15677e-20
vn 0.999094 -0.0425693 -2.05282e-20
vn 0.996064 -0.0886378 -2.41825e-20
vn 0.996064 -0.0886378 4.83132e-20
vn 0.990911 -0.134517 -3.64581e-21
vn 0.984158 -0.177296 -9.67071e-17
vn 0.984158 -0.177296 9.68107e-17
vn 0.975558 -0.219742 -9.94228e-20
vn 0.965902 -0.258908 -9.47664e-17
vn 0.965902 -0.258908 9.49414e-17
vn 0.954674 -0.297653 -7.65208e-20
vn 0.943233 -0.332131 -3.0442e-19
vn 0.943233 -0.332131 4.68685e-19
vn 0.930548 -0.366171 -8.70817e-20
vn 0.918505 -0.395409 4.29819e-17
vn 0.918505 -0.395409 -4.28545e-17
vn 0.905545 -0.424251 -4.0522e-20
vn 0.893958 -0.448151 9.49537e-17
vn 0.893958 -0.448151 -9.51045e-17
vn 0.881741 -0.471735 1.92247e-19
vn 0.871436 -0.49051 6.63318e-18
vn 0.871436 -0.49051 -6.93051e-18
vn 0.860731 -0.50906 1.02405e-19
vn 0.839377 -0.543549 -7.60826e-17
vn 0.839377 -0.543549 7.63931e-17
vn 0.816643 -0.577144 -4.06735e-19
vn 0.778062 -0.628187 -3.29409e-17
vn 0.778062 -0.628187 3.34635e-17
vn 0.736296 -0.676659 -1.18564e-19
vn 0.691324 -0.722545 4.45585e-17
vn 0.691324 -0.722545 -4.4568e-17
vn 0.643498 -0.765448 1.34834e-19
vn 0.593094 -0.805133 7.11572e-17
vn 0.593094 -0.805133 -7.10797e-17
vn 0.540249 -0.841505 -2.25174e-19
vn 0.485441 -0.87427 4.90643e-17
vn 0.485441 -0.87427 -4.86605e-17
vn 0.428653 -0.903469 -1.70828e-19
vn 0.370432 -0.92886 -1.05907e-18
vn 0.370432 -0.92886 1.22931e-18
vn 0.310717 -0.950502 -1.58486e-21
vn 0.250001 -0.968246 -2.34439e-17
vn 0.250001 -0.968246 2.34576e-17
vn 0.188284 -0.982115 -1.03714e-20
vn 0.125923 -0.99204 2.15279e-17
vn 0.125923 -0.99204 -2.15126e-17
vn 0.0630588 -0.99801 -4.23621e-21
vn 0.0102029 -0.999948 2.15041e-17
vn 0.0102029 -0.999948 -2.15108e-17
vn -0.0426816 -0.999089 1.0281e-20
vn -0.0853107 -0.996354 6.36662e-18
vn -0.0853107 -0.996354 -6.36595e-18
vn -0.127784 -0.991802 -1.05621e-20
vn -0.17012 -0.985423 -1.80098e-17
vn -0.17012 -0.985423 1.79002e-17
vn -0.212143 -0.977239 1.20623e-19
vn -0.253867 -0.967239 -2.44023e-17
vn -0.253867 -0.967239 2.42405e-17
vn -0.295124 -0.955459 4.01789e-20
vn -0.335891 -0.941901 2.27868e-17
vn -0.335891 -0.941901 -2.30569e-17
vn -0.376038 -0.926604 2.32833e-19
vn -0.415481 -0.909602 2.29601e-17
vn -0.415481 -0.909602 -2.28836e-17
vn -0.454158 -0.890921 -3.12492e-19
vn -0.491901 -0.870651 2.62382e-17
vn -0.491901 -0.870651 -2.596e-17
vn -0.528741 -0.848783 2.93476e-20
vn -0.564411 -0.825494 -3.57262e-18
vn -0.564411 -0.825494 3.59826e-18
vn -0.599057 -0.800707 -4.78785e-20
vn -0.61581 -0.787895 -3.48286e-17
vn -0.61581 -0.787895 3.46819e-17
vn -0.632289 -0.774733 2.49665e-19
vn -0.671446 -0.741053 -1.09058e-19
vn -0.671446 -0.741053 -2.52236e-18
vn -0.708812 -0.705397 1.8619e-18
vn -0.737645 -0.675189 1.44588e-17
vn -0.737645 -0.675189 -1.67417e-17
vn -0.765192 -0.643803 8.87195e-19
vn -0.776946 -0.629567 5.79875e-18
vn -0.776946 -0.629567 -6.59996e-18
vn -0.788435 -0.615118 -5.6035e-20
vn -0.799673 -0.600436 9.12299e-18
vn -0.799673 -0.600436 -8.40997e-18
vn -0.810636 -0.58555 -7.05086e-19
vn -0.821339 -0.57044 1.42144e-17
vn -0.821339 -0.57044 -1.43733e-17
vn -0.831761 -0.555134 8.66745e-19
vn -0.841913 -0.539613 -1.22701e-17
vn -0.841913 -0.539613 1.09716e-17
vn -0.851776 -0.523906 4.63286e-19
vn -0.861362 -0.507992 -2.79626e-17
vn -0.861362 -0.507992 2.63483e-17
vn -0.87065 -0.491903 -1.67574e-19
vn -0.879654 -0.475615 -2.45776e-17
vn -0.879654 -0.475615 2.33661e-17
vn -0.888353 -0.459162 1.6772e-19
vn -0.896759 -0.44252 -5.63172e-18
vn -0.896759 -0.44252 5.91165e-18
vn -0.904853 -0.425723 -4.63474e-19
vn -0.912648 -0.408747 5.87058e-18
vn -0.912648 -0.408747 -4.32785e-18
vn -0.920124 -0.391627 -1.04602e-18
vn -0.927293 -0.374338 7.64822e-19
vn -0.927293 -0.374338 7.64822e-19
vn -0.934136 -0.356917 -4.83359e-19
vn -0.940665 -0.339337 1.95129e-17
vn -0.940665 -0.339337 -1.90475e-17
vn -0.946863 -0.321637 -3.63871e-22
vn -0.952739 -0.303789 5.73425e-18
vn -0.952739 -0.303789 -5.43802e-18
vn -0.958279 -0.285835 -2.83297e-19
vn -0.96349 -0.267745 2.17443e-17
vn -0.96349 -0.267745 -2.16702e-17
vn -0.968359 -0.24956 -4.07167e-19
vn -0.972894 -0.231253 3.55452e-17
vn -0.972894 -0.231253 -3.52576e-17
vn -0.977082 -0.212864 -4.97927e-19
vn -0.980929 -0.194369 -1.68796e-17
vn -0.980929 -0.194369 1.70988e-17
vn -0.984425 -0.175804 2.8588e-19
vn -0.987575 -0.157148 -1.70713e-17
vn -0.987575 -0.157148 1.69071e-17
vn -0.990371 -0.138435 -1.2885e-19
vn -0.988781 -0.149371 1.55311e-17
vn -0.988781 -0.149371 -1.51102e-17
vn -0.98707 -0.160289 -2.89887e-19
vn -0.975374 -0.220556 -3.60103e-17
vn -0.975374 -0.220556 3.63367e-17
vn -0.960003 -0.279991 -3.47431e-20
vn -0.95216 -0.305599 -7.46432e-17
vn -0.95216 -0.305599 7.4767e-17
vn -0.943635 -0.330987 -8.87161e-20
vn -0.934178 -0.356807 -2.32626e-17
vn -0.934178 -0.356807 2.32615e-17
vn -0.924015 -0.382357 8.63325e-20
vn -0.912813 -0.408379 -8.20545e-20
vn -0.912813 -0.408379 -8.20545e-20
vn -0.900878 -0.434073 7.77106e-20
vn -0.88779 -0.460248 1.29659e-19
vn -0.88779 -0.460248 1.29659e-19
vn -0.873942 -0.48603 -3.36918e-19
vn -0.858827 -0.512265 -3.21158e-17
vn -0.858827 -0.512265 3.23862e-17
vn -0.842925 -0.538031 6.77096e-20
vn -0.825649 -0.564183 -3.2054e-17
vn -0.825649 -0.564183 3.24502e-17
vn -0.807563 -0.589781 -4.64844e-19
vn -0.788016 -0.615655 6.39774e-17
vn -0.788016 -0.615655 -6.30721e-17
vn -0.767641 -0.64088 -4.43675e-19
vn -0.747838 -0.663881 -4.06067e-17
vn -0.747838 -0.663881 4.0845e-17
vn -0.727347 -0.68627 2.11261e-19
vn -0.708177 -0.706035 -1.0438e-16
vn -0.708177 -0.706035 1.04096e-16
vn -0.688471 -0.725264 7.01933e-20
vn -0.66838 -0.74382 1.00841e-19
vn -0.66838 -0.74382 1.00841e-19
vn -0.647789 -0.76182 -2.71799e-19
vn -0.626874 -0.779121 1.4423e-19
vn -0.626874 -0.779121 1.4423e-19
vn -0.605497 -0.795848 -1.65553e-20
vn -0.58385 -0.811861 -9.76873e-20
vn -0.58385 -0.811861 -9.76873e-20
vn -0.561781 -0.827286 2.11859e-19
vn -0.53949 -0.841992 2.57468e-17
vn -0.53949 -0.841992 -2.59195e-17
vn -0.516814 -0.856098 -3.38057e-20
vn -0.493958 -0.869486 -6.15538e-17
vn -0.493958 -0.869486 6.16851e-17
vn -0.470756 -0.882264 -1.08102e-19
vn -0.447406 -0.894331 -1.85465e-17
vn -0.447406 -0.894331 1.84113e-17
vn -0.423747 -0.905781 -2.09397e-19
vn -0.399966 -0.91653 1.79523e-16
vn -0.399966 -0.91653 -1.799e-16
vn -0.375914 -0.926655 -3.28772e-19
vn -0.351757 -0.936091 2.20879e-16
vn -0.351757 -0.936091 -2.20974e-16
vn -0.327365 -0.944898 -3.87805e-20
vn -0.302881 -0.953028 1.48503e-17
vn -0.302881 -0.953028 -1.46948e-17
vn -0.278196 -0.960524 -1.15037e-19
vn -0.253426 -0.967355 1.27036e-17
vn -0.253426 -0.967355 -1.24708e-17
vn -0.228489 -0.973547 -1.17114e-19
vn -0.20347 -0.979081 1.08054e-16
vn -0.20347 -0.979081 -1.0795e-16
vn -0.178317 -0.983973 1.21977e-20
vn -0.153082 -0.988213 -9.85425e-17
vn -0.153082 -0.988213 9.851e-17
vn -0.127747 -0.991807 2.08345e-20
vn -0.102327 -0.994751 4.32425e-18
vn -0.102327 -0.994751 -4.31039e-18
vn -0.0768405 -0.997043 2.25332e-20
vn -0.0512669 -0.998685 1.00304e-16
vn -0.0512669 -0.998685 -1.00288e-16
vn -0.0256595 -0.999671 1.94821e-20
vn 0.00951019 -0.999955 9.55621e-17
vn 0.00951019 -0.999955 -9.55472e-17
vn 0.0446682 -0.999002 -3.46567e-20
vn 0.0894813 -0.995989 9.80896e-17
vn 0.0894813 -0.995989 -9.81934e-17
vn 0.134114 -0.990966 1.38526e-19
vn 0.178946 -0.983859 9.56767e-17
vn 0.178946 -0.983859 -9.57358e-17
vn 0.22341 -0.974725 -7.82167e-20
vn 0.26796 -0.96343 2.5182e-18
vn 0.26796 -0.96343 -2.48039e-18
vn 0.311945 -0.9501 3.46257e-20
vn 0.355832 -0.93455 -9.33812e-17
vn 0.355832 -0.93455 9.30429e-17
vn 0.398947 -0.916974 3.07906e-19
vn 0.441702 -0.897162 3.78108e-17
vn 0.441702 -0.897162 -3.8152e-17
vn 0.483476 -0.875357 6.89725e-21
vn 0.524558 -0.851375 -4.28158e-17
vn 0.524558 -0.851375 4.26436e-17
vn 0.564453 -0.825465 1.76534e-19
vn 0.603274 -0.797534 6.9994e-17
vn 0.603274 -0.797534 -6.98287e-17
vn 0.640715 -0.767779 -3.3378e-19
vn 0.673942 -0.738784 8.13914e-17
vn 0.673942 -0.738784 -8.07718e-17
vn 0.705859 -0.708353 -2.78174e-19
vn 0.735306 -0.677736 -6.92695e-17
vn 0.735306 -0.677736 6.97544e-17
vn 0.763426 -0.645895 -2.06585e-19
vn 0.791526 -0.611135 5.64273e-17
vn 0.791526 -0.611135 -5.60873e-17
vn 0.818045 -0.575154 -1.1926e-19
vn 0.843759 -0.536722 5.61495e-17
vn 0.843759 -0.536722 -5.6373e-17
vn 0.867669 -0.497142 3.28742e-19
vn 0.890051 -0.45586 1.29922e-16
vn 0.890051 -0.45586 -1.30416e-16
vn 0.910471 -0.413573 1.59447e-19
vn 0.928813 -0.370548 3.73388e-17
vn 0.928813 -0.370548 -3.74897e-17
vn 0.945124 -0.326711 2.78401e-21
vn 0.959065 -0.283185 -2.11721e-16
vn 0.959065 -0.283185 2.1136e-16
vn 0.971003 -0.239067 -1.60104e-19
vn 0.980554 -0.196252 -1.33978e-16
vn 0.980554 -0.196252 1.33652e-16
vn 0.988217 -0.153058 -4.36302e-20
vn 0.989848 -0.14213 -2.77006e-17
vn 0.989848 -0.14213 2.78622e-17
vn 0.991358 -0.131184 -9.85426e-20
vn 0.988532 -0.151012 8.15296e-17
vn 0.988532 -0.151012 -8.17278e-17
vn 0.985309 -0.17078 2.71783e-19
vn 0.981687 -0.190503 -9.3263e-18
vn 0.981687 -0.190503 9.09984e-18
vn 0.977669 -0.21015 -4.9776e-20
vn 0.973254 -0.229733 -1.15623e-16
vn 0.973254 -0.229733 1.15547e-16
vn 0.968446 -0.249223 1.37537e-19
vn 0.963243 -0.26863 -1.31704e-16
vn 0.963243 -0.26863 1.31035e-16
vn 0.957652 -0.287929 5.08198e-19
vn 0.951669 -0.307126 -2.099e-16
vn 0.951669 -0.307126 2.09488e-16
vn 0.945301 -0.326198 -4.03782e-20
vn 0.938547 -0.345151 -1.85597e-17
vn 0.938547 -0.345151 1.87718e-17
vn 0.931413 -0.363964 -2.19391e-19
vn 0.923897 -0.38264 5.20319e-17
vn 0.923897 -0.38264 -5.22203e-17
vn 0.916008 -0.401161 4.47841e-19
vn 0.907743 -0.419526 -1.98569e-17
vn 0.907743 -0.419526 1.91686e-17
vn 0.899111 -0.437722 2.11773e-19
vn 0.89011 -0.455745 1.07977e-17
vn 0.89011 -0.455745 -1.15473e-17
vn 0.880749 -0.473584 5.5656e-19
vn 0.871028 -0.491234 -7.20911e-17
vn 0.871028 -0.491234 7.15662e-17
vn 0.860953 -0.508685 -9.56299e-20
vn 0.850528 -0.52593 -8.33837e-17
vn 0.850528 -0.52593 8.26186e-17
vn 0.839757 -0.542963 9.05509e-19
vn 0.828646 -0.559773 1.48904e-16
vn 0.828646 -0.559773 -1.50706e-16
vn 0.817198 -0.576357 -2.32538e-19
vn 0.805421 -0.592703 2.25849e-16
vn 0.805421 -0.592703 -2.26136e-16
vn 0.793318 -0.608808 -6.37536e-19
vn 0.780897 -0.62466 2.68446e-18
vn 0.780897 -0.62466 -2.18403e-18
vn 0.76816 -0.640258 1.10536e-19
vn 0.755119 -0.655588 -7.62374e-17
vn 0.755119 -0.655588 7.54411e-17
vn 0.741773 -0.670652 7.06564e-19
vn 0.725998 -0.687697 -3.55839e-18
vn 0.725998 -0.687697 6.1407e-19
vn 0.709832 -0.704371 2.2288e-18
vn 0.68108 -0.732209 -1.34436e-16
vn 0.68108 -0.732209 1.32489e-16
vn 0.651237 -0.758875 -2.79868e-19
vn 0.654768 -0.75583 -1.33398e-16
vn 0.654768 -0.75583 1.33316e-16
vn 0.658285 -0.752769 3.60024e-19
vn 0.658148 -0.752889 -2.54989e-19
vn 0.658148 -0.752889 -2.54989e-19
vn 0.65801 -0.753009 1.49955e-19
vn 0.654204 -0.756318 1.19281e-16
vn 0.654204 -0.756318 -1.19304e-16
vn 0.650382 -0.759607 5.69611e-19
vn 0.642825 -0.766013 -1.54123e-17
vn 0.642825 -0.766013 1.55383e-17
vn 0.635205 -0.772343 1.32032e-20
vn 0.623747 -0.781626 -1.34819e-16
vn 0.623747 -0.781626 1.34742e-16
vn 0.612154 -0.790739 5.20125e-20
vn 0.596612 -0.80253 1.98384e-17
vn 0.596612 -0.80253 -1.99828e-17
vn 0.580843 -0.814015 1.00532e-19
vn 0.561059 -0.827776 -8.72683e-17
vn 0.561059 -0.827776 8.72023e-17
vn 0.540948 -0.841056 -5.37835e-20
vn 0.499874 -0.866098 -1.07361e-16
vn 0.499874 -0.866098 1.07121e-16
vn 0.457643 -0.889136 3.03955e-19
vn 0.39448 -0.918904 -2.02773e-19
vn 0.39448 -0.918904 -2.02773e-19
vn 0.329394 -0.944193 1.00604e-19
vn 0.263646 -0.964619 -9.88087e-20
vn 0.263646 -0.964619 -9.88087e-20
vn 0.196649 -0.980474 9.65456e-20
vn 0.130927 -0.991392 -5.92641e-20
vn 0.130927 -0.991392 -5.92641e-20
vn 0.0646233 -0.99791 2.17196e-20
vn -0.00122871 -0.999999 1.32614e-17
vn -0.00122871 -0.999999 -1.32595e-17
vn -0.0670754 -0.997748 -2.3706e-20
vn -0.1312 -0.991356 1.3288e-17
vn -0.1312 -0.991356 -1.32304e-17
vn -0.19478 -0.980847 -3.36815e-20
vn -0.253855 -0.967242 -6.17244e-17
vn -0.253855 -0.967242 6.16062e-17
vn -0.311998 -0.950083 1.50312e-19
vn -0.365842 -0.930677 -6.1881e-17
vn -0.365842 -0.930677 6.14249e-17
vn -0.418488 -0.908222 3.06425e-19
vn -0.453943 -0.891031 9.74593e-17
vn -0.453943 -0.891031 -9.78521e-17
vn -0.488693 -0.872456 8.65705e-20
vn -0.509374 -0.860545 7.65433e-17
vn -0.509374 -0.860545 -7.63406e-17
vn -0.529766 -0.848144 -2.89824e-19
vn -0.550302 -0.834966 9.29502e-17
vn -0.550302 -0.834966 -9.24916e-17
vn -0.57051 -0.821291 -1.69038e-19
vn -0.591008 -0.806666 1.14019e-16
vn -0.591008 -0.806666 -1.1376e-16
vn -0.611131 -0.791529 -8.96752e-20
vn -0.631661 -0.775245 1.30324e-16
vn -0.631661 -0.775245 -1.30202e-16
vn -0.651756 -0.758429 -3.03856e-20
vn -0.672339 -0.740243 2.68507e-16
vn -0.672339 -0.740243 -2.68509e-16
vn -0.692415 -0.7215 3.01593e-20
vn -0.713018 -0.701146 1.38362e-16
vn -0.713018 -0.701146 -1.38131e-16
vn -0.733023 -0.680204 -2.59838e-19
vn -0.753544 -0.657397 -1.7e-16
vn -0.753544 -0.657397 1.70362e-16
vn -0.773356 -0.633972 -1.00852e-19
vn -0.793613 -0.608424 -1.51499e-17
vn -0.793613 -0.608424 1.49772e-17
vn -0.813025 -0.582229 2.71498e-19
vn -0.832735 -0.553672 1.54925e-16
vn -0.832735 -0.553672 -1.55352e-16
vn -0.851442 -0.524449 1.55249e-19
vn -0.870216 -0.492671 -6.34734e-20
vn -0.870216 -0.492671 -6.34734e-20
vn -0.887804 -0.460222 -2.83887e-20
vn -0.905144 -0.425106 1.84026e-16
vn -0.905144 -0.425106 -1.84119e-16
vn -0.921095 -0.389338 1.21481e-19
vn -0.936406 -0.350919 3.75825e-16
vn -0.936406 -0.350919 -3.76036e-16
vn -0.950115 -0.3119 -8.77225e-20
vn -0.962744 -0.270414 3.86308e-16
vn -0.962744 -0.270414 -3.86409e-16
vn -0.973563 -0.228419 1.28719e-20
vn -0.982862 -0.184341 1.94535e-16
vn -0.982862 -0.184341 -1.94494e-16
vn -0.990167 -0.139889 -5.35488e-20
vn -0.995578 -0.0939421 -1.99684e-16
vn -0.995578 -0.0939421 1.99755e-16
vn -0.998857 -0.0477938 2.5747e-20
vn -0.9997 -0.0245043 -1.9955e-16
vn -0.9997 -0.0245043 1.9957e-16
vn -0.999999 -0.00120148 -2.78749e-21
vn -0.998704 0.0508995 2.51584e-18
vn -0.998704 0.0508995 -2.43138e-18
vn -0.994696 0.102862 -7.90833e-20
vn -0.993695 0.112121 2.41098e-18
vn -0.993695 0.112121 -2.52973e-18
vn -0.992607 0.12137 1.95358e-19
vn -0.990196 0.139682 -1.90092e-16
vn -0.990196 0.139682 1.89989e-16
vn -0.987448 0.157946 -9.3737e-20
vn -0.984414 0.175864 -1.94738e-16
vn -0.984414 0.175864 1.9487e-16
vn -0.981056 0.193725 -3.59991e-20
vn -0.977444 0.211195 -2.01555e-16
vn -0.977444 0.211195 2.01688e-16
vn -0.973521 0.228599 -9.68026e-20
vn -0.969378 0.245573 -7.16399e-18
vn -0.969378 0.245573 7.09248e-18
vn -0.964939 0.262473 1.75556e-19
vn -0.960316 0.278914 2.0472e-18
vn -0.960316 0.278914 -2.17165e-18
vn -0.955413 0.295273 -5.22614e-20
vn -0.950361 0.311149 -1.95445e-16
vn -0.950361 0.311149 1.95836e-16
vn -0.945046 0.326938 -3.45471e-19
vn -0.939617 0.342227 -1.91261e-16
vn -0.939617 0.342227 1.9173e-16
vn -0.933941 0.357426 -1.20883e-19
vn -0.928187 0.372113 -1.83465e-16
vn -0.928187 0.372113 1.83473e-16
vn -0.922202 0.386708 1.1011e-19
vn -0.916172 0.400785 -7.44967e-21
vn -0.916172 0.400785 -7.44967e-21
vn -0.909927 0.414769 -9.52127e-20
vn -0.903667 0.428236 1.54422e-16
vn -0.903667 0.428236 -1.54305e-16
vn -0.897208 0.441608 -2.51641e-20
vn -0.890764 0.454467 -4.20431e-17
vn -0.890764 0.454467 4.23594e-17
vn -0.884135 0.467232 -2.86766e-19
vn -0.877546 0.479493 -4.93014e-17
vn -0.877546 0.479493 4.96962e-17
vn -0.870787 0.491661 -1.14712e-19
vn -0.864091 0.503335 1.72593e-16
vn -0.864091 0.503335 -1.72274e-16
vn -0.857239 0.514918 -2.03829e-19
vn -0.850471 0.526022 -1.13793e-16
vn -0.850471 0.526022 1.13948e-16
vn -0.843559 0.537037 5.30923e-20
vn -0.836748 0.547588 -3.02351e-16
vn -0.836748 0.547588 3.02241e-16
vn -0.829806 0.558052 5.32296e-20
vn -0.865204 0.50142 -2.04188e-16
vn -0.865204 0.50142 2.04937e-16
vn -0.896743 0.442551 -8.20979e-19
vn -0.941054 0.338256 -4.09118e-17
vn -0.941054 0.338256 4.17468e-17
vn -0.973281 0.229617 1.50186e-20
vn -0.980033 0.198836 -1.65505e-17
vn -0.980033 0.198836 1.66291e-17
vn -0.985811 0.167857 -9.0351e-20
vn -0.993864 0.110612 -1.65322e-17
vn -0.993864 0.110612 1.66864e-17
vn -0.998595 0.0529974 -6.6744e-20
vn -0.999956 0.00939919 3.66761e-20
vn -0.999956 0.00939919 3.66761e-20
vn -0.999414 -0.0342169 -6.5385e-21
vn -0.997775 -0.0666649 -9.77427e-18
vn -0.997775 -0.0666649 9.79775e-18
vn -0.995083 -0.0990427 -1.81694e-20
vn -0.991624 -0.12916 1.8592e-16
vn -0.991624 -0.12916 -1.85959e-16
vn -0.987253 -0.159158 5.64631e-20
vn -0.982299 -0.187318 2.11279e-18
vn -0.982299 -0.187318 -2.01647e-18
vn -0.976542 -0.215325 -1.51535e-19
vn -0.970297 -0.241916 -2.62056e-18
vn -0.970297 -0.241916 2.76948e-18
vn -0.963328 -0.268327 3.81802e-22
vn -0.955886 -0.293738 1.59282e-16
vn -0.955886 -0.293738 -1.59381e-16
vn -0.947774 -0.318943 1.00915e-19
vn -0.93913 -0.343561 1.16353e-16
vn -0.93913 -0.343561 -1.16211e-16
vn -0.929847 -0.367945 -2.39569e-19
vn -0.919898 -0.392157 1.48042e-16
vn -0.919898 -0.392157 -1.47748e-16
vn -0.909318 -0.416101 -5.66004e-20
vn -0.897363 -0.441294 -1.75405e-16
vn -0.897363 -0.441294 1.7534e-16
vn -0.884709 -0.466144 1.20706e-19
vn -0.870824 -0.491594 -5.59181e-18
vn -0.870824 -0.491594 5.78781e-18
vn -0.856208 -0.516631 -3.16893e-19
vn -0.841042 -0.54097 2.25704e-16
vn -0.841042 -0.54097 -2.25685e-16
vn -0.825185 -0.564863 2.97945e-19
vn -0.808818 -0.588059 5.57306e-17
vn -0.808818 -0.588059 -5.62838e-17
vn -0.7918 -0.610781 2.55625e-19
vn -0.774302 -0.632817 8.49138e-17
vn -0.774302 -0.632817 -8.52591e-17
vn -0.756191 -0.654351 8.88517e-20
vn -0.737617 -0.67522 1.5391e-16
vn -0.737617 -0.67522 -1.54113e-16
vn -0.718467 -0.695561 1.1627e-19
vn -0.698859 -0.71526 6.89597e-17
vn -0.698859 -0.71526 -6.88911e-17
vn -0.67871 -0.734406 -1.86362e-19
vn -0.658094 -0.752936 1.90744e-20
vn -0.658094 -0.752936 1.90744e-20
vn -0.636972 -0.770887 1.48227e-19
vn -0.615362 -0.788245 7.98669e-17
vn -0.615362 -0.788245 -7.99283e-17
vn -0.593279 -0.804997 -8.88251e-20
vn -0.570677 -0.821175 1.88511e-16
vn -0.570677 -0.821175 -1.88622e-16
vn -0.547634 -0.836718 2.03143e-19
vn -0.524031 -0.851699 1.94404e-16
vn -0.524031 -0.851699 -1.94668e-16
vn -0.500019 -0.866014 6.13669e-20
vn -0.475401 -0.879769 -3.54285e-18
vn -0.475401 -0.879769 3.30902e-18
vn -0.450404 -0.892825 1.73491e-19
vn -0.424751 -0.90531 -7.73664e-17
vn -0.424751 -0.90531 7.75155e-17
vn -0.398751 -0.917059 -3.23848e-19
vn -0.372042 -0.928216 3.67721e-17
vn -0.372042 -0.928216 -3.62513e-17
vn -0.345021 -0.938595 -1.96762e-19
vn -0.317241 -0.948345 -1.65242e-16
vn -0.317241 -0.948345 1.65462e-16
vn -0.289187 -0.957273 -2.3171e-20
vn -0.26033 -0.96552 -1.90034e-16
vn -0.26033 -0.96552 1.89995e-16
vn -0.231239 -0.972897 6.18229e-20
vn -0.204305 -0.978907 3.5061e-17
vn -0.204305 -0.978907 -3.51985e-17
vn -0.177215 -0.984172 7.44358e-20
vn -0.152499 -0.988304 1.84179e-16
vn -0.152499 -0.988304 -1.84225e-16
vn -0.127687 -0.991815 -2.72588e-20
vn -0.102465 -0.994737 2.32749e-16
vn -0.102465 -0.994737 -2.32695e-16
vn -0.077177 -0.997017 2.84049e-20
vn -0.0515514 -0.99867 2.76992e-16
vn -0.0515514 -0.99867 -2.76984e-16
vn -0.0258918 -0.999665 1.84616e-20
vn 0.0107477 -0.999942 9.54754e-17
vn 0.0107477 -0.999942 -9.54741e-17
vn 0.0473729 -0.998877 -1.89077e-20
vn 0.0951271 -0.995465 -7.95219e-19
vn 0.0951271 -0.995465 8.25137e-19
vn 0.142663 -0.989771 -1.49821e-20
vn 0.190148 -0.981755 1.96971e-18
vn 0.190148 -0.981755 -1.86263e-18
vn 0.237191 -0.971463 -9.38413e-20
vn 0.283667 -0.958923 -3.07172e-17
vn 0.283667 -0.958923 3.04088e-17
vn 0.329485 -0.944161 4.07572e-19
vn 0.374261 -0.927323 6.45456e-17
vn 0.374261 -0.927323 -6.48352e-17
vn 0.418181 -0.908364 -1.18863e-19
vn 0.460653 -0.88758 -9.87958e-17
vn 0.460653 -0.88758 9.86181e-17
vn 0.502095 -0.864812 2.8709e-19
vn 0.541768 -0.840528 9.46955e-17
vn 0.541768 -0.840528 -9.53933e-17
vn 0.580269 -0.814425 -5.78051e-19
vn 0.616772 -0.787142 1.93079e-16
vn 0.616772 -0.787142 -1.944e-16
vn 0.651994 -0.758224 8.83408e-19
vn 0.687693 -0.726002 -2.08881e-16
vn 0.687693 -0.726002 2.07943e-16
vn 0.721801 -0.692101 3.62814e-20
vn 0.756666 -0.653802 -3.63236e-16
vn 0.756666 -0.653802 3.62991e-16
vn 0.789501 -0.61375 2.11633e-19
vn 0.820206 -0.572068 -1.54647e-16
vn 0.820206 -0.572068 1.54678e-16
vn 0.848713 -0.528854 -2.29611e-19
vn 0.874833 -0.484425 -3.18754e-19
vn 0.874833 -0.484425 -3.18754e-19
vn 0.898629 -0.43871 8.66272e-19
vn 0.919894 -0.392166 -2.18224e-16
vn 0.919894 -0.392166 2.17022e-16
vn 0.938751 -0.344596 -1.42228e-19
vn 0.955023 -0.296531 -5.97411e-16
vn 0.955023 -0.296531 5.97068e-16
vn 0.968836 -0.247703 1.60187e-20
vn 0.98007 -0.198651 -3.94159e-16
vn 0.98007 -0.198651 3.94221e-16
vn 0.988823 -0.149095 -7.73963e-20
vn 0.995035 -0.0995275 -2.10231e-16
vn 0.995035 -0.0995275 2.10302e-16
vn 0.998764 -0.0497112 6.25967e-21
vn 0.999984 -0.00568216 1.41132e-18
vn 0.999984 -0.00568216 -1.44824e-18
vn 0.999264 0.0383579 3.27708e-20
vn 0.997064 0.0765759 4.04185e-16
vn 0.997064 0.0765759 -4.04109e-16
vn 0.993402 0.114682 4.47786e-20
vn 0.988295 0.152552 2.07192e-16
vn 0.988295 0.152552 -2.07063e-16
vn 0.981745 0.1902 -2.26819e-20
vn 0.973768 0.227542 2.62069e-17
vn 0.973768 0.227542 -2.60787e-17
vn 0.964372 0.264552 -1.09028e-19
vn 0.953569 0.301175 1.94922e-16
vn 0.953569 0.301175 -1.94956e-16
vn 0.941376 0.33736 -4.53331e-19
vn 0.927805 0.373065 1.88607e-16
vn 0.927805 0.373065 -1.88725e-16
vn 0.912881 0.408226 -1.24047e-20
vn 0.896621 0.442799 -2.00317e-16
vn 0.896621 0.442799 2.00044e-16
vn 0.879052 0.476726 -3.05605e-19
vn 0.860208 0.509943 -3.58609e-16
vn 0.860208 0.509943 3.58322e-16
vn 0.84011 0.542416 3.95799e-21
vn 0.834364 0.551214 -3.09314e-18
vn 0.834364 0.551214 3.67583e-18
vn 0.828526 0.55995 4.35608e-19
vn 0.837943 0.545757 3.01681e-16
vn 0.837943 0.545757 -3.00951e-16
vn 0.847118 0.531406 -1.22675e-19
vn 0.856026 0.516933 2.16284e-17
vn 0.856026 0.516933 -2.10796e-17
vn 0.864687 0.502312 5.95433e-19
vn 0.87307 0.487595 2.78676e-17
vn 0.87307 0.487595 -2.77309e-17
vn 0.881203 0.472738 3.01824e-19
vn 0.889049 0.457811 1.94241e-16
vn 0.889049 0.457811 -1.94866e-16
vn 0.896643 0.442754 3.25292e-19
vn 0.903943 0.427653 2.00227e-16
vn 0.903943 0.427653 -2.00484e-16
vn 0.910989 0.412431 -7.4411e-20
vn 0.917736 0.39719 1.78895e-16
vn 0.917736 0.39719 -1.78329e-16
vn 0.924229 0.381838 -4.83175e-19
vn 0.930422 0.366491 1.72791e-17
vn 0.930422 0.366491 -1.72013e-17
vn 0.936359 0.351043 4.04346e-19
vn 0.941997 0.335623 -1.61163e-16
vn 0.941997 0.335623 1.60522e-16
vn 0.94738 0.320111 -2.873e-19
vn 0.952465 0.304649 9.73947e-18
vn 0.952465 0.304649 -1.00294e-17
vn 0.957297 0.289107 6.59189e-20
vn 0.961834 0.273633 3.77493e-16
vn 0.961834 0.273633 -3.77337e-16
vn 0.966121 0.258089 -2.35465e-19
vn 0.970118 0.242633 1.89452e-16
vn 0.970118 0.242633 -1.89444e-16
vn 0.973868 0.227114 2.34401e-19
vn 0.977334 0.211702 1.97135e-16
vn 0.977334 0.211702 -1.97343e-16
vn 0.980557 0.196236 -2.15498e-20
vn 0.983503 0.180892 2.01198e-16
vn 0.983503 0.180892 -2.01357e-16
vn 0.986209 0.165504 1.76802e-19
vn 0.988648 0.150251 -1.90478e-16
vn 0.988648 0.150251 1.90327e-16
vn 0.990851 0.134962 -3.23573e-20
vn 0.992796 0.11982 -1.9445e-16
vn 0.992796 0.11982 1.94432e-16
vn 0.994509 0.104651 5.6181e-20
vn 0.998469 0.0553099 7.76311e-22
vn 0.998469 0.0553099 -7.50799e-20
vn 0.999983 0.00583378 1.60713e-20
vn 0.998264 -0.058902 1.84364e-16
vn 0.998264 -0.058902 -1.84681e-16
vn 0.992358 -0.123391 3.07912e-19
vn 0.986505 -0.163728 1.84119e-16
vn 0.986505 -0.163728 -1.84383e-16
vn 0.979014 -0.203794 -4.87645e-20
vn 0.976017 -0.217695 -1.93069e-16
vn 0.976017 -0.217695 1.9302e-16
vn 0.972822 -0.231553 1.05492e-19
vn 0.965959 -0.258693 -8.00355e-18
vn 0.965959 -0.258693 8.28859e-18
vn 0.95834 -0.285631 -3.9532e-19
vn 0.950268 -0.311434 1.77063e-16
vn 0.950268 -0.311434 -1.76557e-16
vn 0.941501 -0.337009 -1.12552e-19
vn 0.932474 -0.361238 -7.89545e-18
vn 0.932474 -0.361238 8.38374e-18
vn 0.922822 -0.385226 -3.76398e-19
vn 0.913108 -0.407717 1.53899e-16
vn 0.913108 -0.407717 -1.53036e-16
vn 0.902846 -0.429963 8.22427e-19
vn 0.892716 -0.450619 4.94207e-16
vn 0.892716 -0.450619 -4.93135e-16
vn 0.882114 -0.471037 -6.00881e-19
vn 0.871822 -0.489823 3.16246e-16
vn 0.871822 -0.489823 -3.159e-16
vn 0.861131 -0.508384 2.44048e-19
vn 0.850908 -0.525315 1.3819e-16
vn 0.850908 -0.525315 -1.38212e-16
vn 0.840353 -0.54204 -1.65164e-19
vn 0.845564 -0.533875 3.29879e-16
vn 0.845564 -0.533875 -3.30178e-16
vn 0.850695 -0.525659 4.43375e-19
vn 0.870032 -0.492996 3.43077e-16
vn 0.870032 -0.492996 -3.43327e-16
vn 0.888114 -0.459622 -1.8911e-19
vn 0.904797 -0.425843 3.56899e-16
vn 0.904797 -0.425843 -3.56961e-16
vn 0.920195 -0.391459 2.44109e-19
vn 0.934168 -0.356834 1.65514e-16
vn 0.934168 -0.356834 -1.65769e-16
vn 0.946838 -0.321711 1.6793e-20
vn 0.958085 -0.286486 -2.31891e-16
vn 0.958085 -0.286486 2.317e-16
vn 0.968021 -0.250868 1.71579e-19
vn 0.976557 -0.21526 -2.16019e-16
vn 0.976557 -0.21526 2.15711e-16
vn 0.983783 -0.179363 1.35282e-19
vn 0.989642 -0.14356 -1.07673e-17
vn 0.989642 -0.14356 1.05102e-17
vn 0.994198 -0.107568 1.22438e-19


# Faces: 
usemtl material0
f 1344/471/1 1364/491/1 1343/470/1
f 1342/469/1 1370/497/1 1341/468/1
f 1341/468/1 1370/497/1 1329/456/1
f 1330/457/1 1340/467/1 1341/468/1
f 1362/489/1 1344/471/1 1345/472/1
f 1350/477/1 1351/478/1 1352/479/1
f 1350/477/1 1352/479/1 1349/476/1
f 1347/474/1 1348/475/1 1354/481/1
f 1348/475/1 1349/476/1 1353/480/1
f 1346/473/1 1347/474/1 1355/482/1
f 1346/473/1 1355/482/1 1345/472/1
f 1368/495/1 1342/469/1 1343/470/1
f 1333/460/1 1336/463/1 1337/464/1
f 1331/458/1 1332/459/1 1337/464/1
f 1335/462/1 1336/463/1 1334/461/1
f 1334/461/1 1336/463/1 1333/460/1
f 1337/464/1 1332/459/1 1333/460/1
f 1337/464/1 1338/465/1 1331/458/1
f 1331/458/1 1339/466/1 1330/457/1
f 1339/466/1 1331/458/1 1338/465/1
f 1339/466/1 1340/467/1 1330/457/1
f 1341/468/1 1329/456/1 1330/457/1
f 1329/456/1 1372/499/1 1328/455/1
f 1377/504/1 1327/454/1 1328/455/1
f 1327/454/1 1378/505/1 1326/453/1
f 1349/476/1 1352/479/1 1353/480/1
f 1354/481/1 1355/482/1 1347/474/1
f 1356/483/1 1345/472/1 1355/482/1
f 1361/488/1 1356/483/1 1357/484/1
f 1345/472/1 1356/483/1 1361/488/1
f 1357/484/1 1358/485/1 1359/486/1
f 1360/487/1 1361/488/1 1357/484/1
f 1362/489/1 1345/472/1 1361/488/1
f 1344/471/1 1363/490/1 1364/491/1
f 1364/491/1 1365/492/1 1343/470/1
f 1363/490/1 1344/471/1 1362/489/1
f 1357/484/1 1359/486/1 1360/487/1
f 1365/492/1 1366/493/1 1343/470/1
f 1371/498/1 1372/499/1 1329/456/1
f 1368/495/1 1343/470/1 1367/494/1
f 1375/502/1 1376/503/1 1372/499/1
f 1378/505/1 1379/506/1 1326/453/1
f 1327/454/1 1377/504/1 1378/505/1
f 1376/503/1 1377/504/1 1328/455/1
f 1343/470/1 1366/493/1 1367/494/1
f 1342/469/1 1369/496/1 1370/497/1
f 1329/456/1 1370/497/1 1371/498/1
f 1374/501/1 1375/502/1 1373/500/1
f 1373/500/1 1375/502/1 1372/499/1
f 1376/503/1 1328/455/1 1372/499/1
f 1342/469/1 1368/495/1 1369/496/1
f 1354/481/1 1348/475/1 1353/480/1
f 1326/453/1 1379/506/1 1325/452/1
f 1382/509/1 1323/450/1 1324/451/1
f 1383/510/1 1322/449/1 1323/450/1
f 1386/513/1 1320/447/1 1321/448/1
f 1387/514/1 1319/446/1 1320/447/1
f 1321/448/1 1322/449/1 1384/511/1
f 1318/445/1 1388/515/1 1389/516/1
f 1319/446/1 1388/515/1 1318/445/1
f 1318/445/1 1389/516/1 1390/517/1
f 1316/443/1 1317/444/1 1391/518/1
f 1390/517/1 1391/518/1 1317/444/1
f 1317/444/1 1318/445/1 1390/517/1
f 1316/443/1 1391/518/1 1392/519/1
f 1324/451/1 1325/452/1 1381/508/1
f 1395/522/1 1313/440/1 1314/441/1
f 1396/523/1 1312/439/1 1313/440/1
f 1397/524/1 1310/437/1 1311/438/1
f 1310/437/1 1399/526/1 1309/436/1
f 1398/525/1 1399/526/1 1310/437/1
f 1397/524/1 1311/438/1 1312/439/1
f 1314/441/1 1315/442/1 1393/520/1
f 1393/520/1 1394/521/1 1314/441/1
f 1392/519/1 1393/520/1 1315/442/1
f 1397/524/1 1398/525/1 1310/437/1
f 1395/522/1 1396/523/1 1313/440/1
f 1397/524/1 1312/439/1 1396/523/1
f 1394/521/1 1395/522/1 1314/441/1
f 1315/442/1 1316/443/1 1392/519/1
f 1383/510/1 1384/511/1 1322/449/1
f 1382/509/1 1383/510/1 1323/450/1
f 1387/514/1 1388/515/1 1319/446/1
f 1385/512/1 1386/513/1 1321/448/1
f 1387/514/1 1320/447/1 1386/513/1
f 1384/511/1 1385/512/1 1321/448/1
f 1380/507/1 1381/508/1 1325/452/1
f 1217/344/1 1429/556/1 1216/343/1
f 1214/341/1 1430/557/1 1431/558/1
f 1216/343/1 1429/556/1 1430/557/1
f 1431/558/1 1432/559/1 1212/339/1
f 1382/509/1 1324/451/1 1381/508/1
f 1222/349/1 1425/552/1 1221/348/1
f 1424/551/1 1425/552/1 1222/349/1
f 1224/351/1 1422/549/1 1423/550/1
f 1223/350/1 1423/550/1 1424/551/1
f 1424/551/1 1222/349/1 1223/350/1
f 1223/350/1 1224/351/1 1423/550/1
f 1425/552/1 1426/553/1 1221/348/1
f 1219/346/1 1427/554/1 1428/555/1
f 1218/345/1 1429/556/1 1217/344/1
f 1428/555/1 1429/556/1 1218/345/1
f 1221/348/1 1426/553/1 1220/347/1
f 1218/345/1 1219/346/1 1428/555/1
f 1220/347/1 1427/554/1 1219/346/1
f 1220/347/1 1426/553/1 1427/554/1
f 1432/559/1 1433/560/1 1210/337/1
f 1325/452/1 1379/506/1 1380/507/1
f 1452/579/1 1453/580/1 1454/581/1
f 1452/579/1 1454/581/1 1455/582/1
f 1451/578/1 1452/579/1 1455/582/1
f 1450/577/1 1451/578/1 1456/583/1
f 1451/578/1 1455/582/1 1456/583/1
f 1448/575/1 1459/586/1 1460/587/1
f 1445/572/1 1460/587/1 1461/588/1
f 1450/577/1 1457/584/1 1449/576/1
f 1457/584/1 1458/585/1 1449/576/1
f 1448/575/1 1458/585/1 1459/586/1
f 1456/583/1 1457/584/1 1450/577/1
f 1489/616/1 1444/571/1 1461/588/1
f 1442/569/1 1490/617/1 1441/568/1
f 1443/570/1 1490/617/1 1442/569/1
f 1437/564/1 1495/622/1 1436/563/1
f 1491/618/1 1439/566/1 1440/567/1
f 1492/619/1 1438/565/1 1439/566/1
f 1440/567/1 1441/568/1 1491/618/1
f 1447/574/1 1448/575/1 1460/587/1
f 1448/575/1 1449/576/1 1458/585/1
f 1446/573/1 1460/587/1 1445/572/1
f 1447/574/1 1460/587/1 1446/573/1
f 1461/588/1 1444/571/1 1445/572/1
f 1489/616/1 1443/570/1 1444/571/1
f 1494/621/1 1437/564/1 1438/565/1
f 1462/589/1 1489/616/1 1461/588/1
f 1463/590/1 1464/591/1 1487/614/1
f 1465/592/1 1486/613/1 1464/591/1
f 1467/594/1 1486/613/1 1466/593/1
f 1466/593/1 1486/613/1 1465/592/1
f 1467/594/1 1468/595/1 1486/613/1
f 1486/613/1 1469/596/1 1470/597/1
f 1471/598/1 1486/613/1 1470/597/1
f 1480/607/1 1472/599/1 1473/600/1
f 1473/600/1 1474/601/1 1480/607/1
f 1471/598/1 1472/599/1 1481/608/1
f 1468/595/1 1469/596/1 1486/613/1
f 1475/602/1 1480/607/1 1474/601/1
f 1480/607/1 1476/603/1 1477/604/1
f 1471/598/1 1481/608/1 1486/613/1
f 1488/615/1 1489/616/1 1462/589/1
f 1488/615/1 1463/590/1 1487/614/1
f 1487/614/1 1464/591/1 1486/613/1
f 1480/607/1 1477/604/1 1478/605/1
f 1475/602/1 1476/603/1 1480/607/1
f 1481/608/1 1472/599/1 1480/607/1
f 1486/613/1 1481/608/1 1485/612/1
f 1484/611/1 1485/612/1 1482/609/1
f 1482/609/1 1483/610/1 1484/611/1
f 1485/612/1 1481/608/1 1482/609/1
f 1480/607/1 1478/605/1 1479/606/1
f 1488/615/1 1462/589/1 1463/590/1
f 1490/617/1 1443/570/1 1489/616/1
f 1431/558/1 1212/339/1 1213/340/1
f 1207/334/1 1434/561/1 1435/562/1
f 1213/340/1 1214/341/1 1431/558/1
f 1216/343/1 1430/557/1 1215/342/1
f 1215/342/1 1430/557/1 1214/341/1
f 1433/560/1 1434/561/1 1208/335/1
f 1212/339/1 1432/559/1 1211/338/1
f 1211/338/1 1432/559/1 1210/337/1
f 1209/336/1 1433/560/1 1208/335/1
f 1206/333/1 1207/334/1 1435/562/1
f 1208/335/1 1434/561/1 1207/334/1
f 1433/560/1 1209/336/1 1210/337/1
f 1435/562/1 1205/332/1 1206/333/1
f 1204/331/1 1205/332/1 1497/624/1
f 1203/330/1 1204/331/1 1498/625/1
f 1501/628/1 1200/327/1 1201/328/1
f 1503/630/1 1198/325/1 1199/326/1
f 1199/326/1 1200/327/1 1502/629/1
f 1201/328/1 1202/329/1 1500/627/1
f 1197/324/1 1198/325/1 1504/631/1
f 1503/630/1 1504/631/1 1198/325/1
f 1197/324/1 1504/631/1 1505/632/1
f 1197/324/1 1505/632/1 1196/323/1
f 1507/634/1 1195/322/1 1506/633/1
f 1506/633/1 1195/322/1 1196/323/1
f 1505/632/1 1506/633/1 1196/323/1
f 1203/330/1 1499/626/1 1202/329/1
f 1436/563/1 1205/332/1 1435/562/1
f 1205/332/1 1436/563/1 1496/623/1
f 1496/623/1 1436/563/1 1495/622/1
f 1499/626/1 1500/627/1 1202/329/1
f 1497/624/1 1498/625/1 1204/331/1
f 1499/626/1 1203/330/1 1498/625/1
f 1496/623/1 1497/624/1 1205/332/1
f 1493/620/1 1438/565/1 1492/619/1
f 1492/619/1 1439/566/1 1491/618/1
f 1104/231/1 1539/666/1 1540/667/1
f 1105/232/1 1538/665/1 1539/666/1
f 1494/621/1 1438/565/1 1493/620/1
f 1437/564/1 1494/621/1 1495/622/1
f 1502/629/1 1503/630/1 1199/326/1
f 1501/628/1 1502/629/1 1200/327/1
f 1111/238/1 1533/660/1 1534/661/1
f 1534/661/1 1109/236/1 1110/237/1
f 1109/236/1 1534/661/1 1535/662/1
f 1537/664/1 1538/665/1 1106/233/1
f 1536/663/1 1537/664/1 1106/233/1
f 1109/236/1 1535/662/1 1108/235/1
f 1106/233/1 1107/234/1 1536/663/1
f 1535/662/1 1107/234/1 1108/235/1
f 1106/233/1 1538/665/1 1105/232/1
f 1535/662/1 1536/663/1 1107/234/1
f 1540/667/1 1541/668/1 1101/228/1
f 1500/627/1 1501/628/1 1201/328/1
f 1441/568/1 1490/617/1 1491/618/1
f 1534/661/1 1110/237/1 1111/238/1
f 1308/435/1 1309/436/1 1400/527/1
f 1309/436/1 1399/526/1 1400/527/1
f 1307/434/1 1308/435/1 1401/528/1
f 1402/529/1 1306/433/1 1307/434/1
f 1403/530/1 1305/432/1 1306/433/1
f 1400/527/1 1401/528/1 1308/435/1
f 1402/529/1 1403/530/1 1306/433/1
f 1401/528/1 1402/529/1 1307/434/1
f 1305/432/1 1404/531/1 1304/431/1
f 1303/430/1 1405/532/1 1406/533/1
f 1304/431/1 1404/531/1 1405/532/1
f 1403/530/1 1404/531/1 1305/432/1
f 1302/429/1 1406/533/1 1407/534/1
f 1299/426/1 1239/366/1 1298/425/1
f 1298/425/1 1240/367/1 1297/424/1
f 1294/421/1 1245/372/1 1293/420/1
f 1296/423/1 1241/368/1 1295/422/1
f 1295/422/1 1242/369/1 1294/421/1
f 1240/367/1 1296/423/1 1297/424/1
f 1304/431/1 1405/532/1 1303/430/1
f 1408/535/1 1301/428/1 1407/534/1
f 1300/427/1 1408/535/1 1409/536/1
f 1300/427/1 1301/428/1 1408/535/1
f 1303/430/1 1406/533/1 1302/429/1
f 1302/429/1 1407/534/1 1301/428/1
f 1409/536/1 1299/426/1 1300/427/1
f 1299/426/1 1409/536/1 1238/365/1
f 1230/357/1 1419/546/1 1420/547/1
f 1230/357/1 1418/545/1 1419/546/1
f 1232/359/1 1416/543/1 1417/544/1
f 1417/544/1 1418/545/1 1231/358/1
f 1226/353/1 1421/548/1 1422/549/1
f 1226/353/1 1422/549/1 1225/352/1
f 1421/548/1 1229/356/1 1420/547/1
f 1229/356/1 1421/548/1 1228/355/1
f 1227/354/1 1228/355/1 1421/548/1
f 1421/548/1 1226/353/1 1227/354/1
f 1230/357/1 1420/547/1 1229/356/1
f 1237/364/1 1411/538/1 1236/363/1
f 1235/362/1 1412/539/1 1413/540/1
f 1410/537/1 1237/364/1 1238/365/1
f 1234/361/1 1413/540/1 1414/541/1
f 1412/539/1 1236/363/1 1411/538/1
f 1414/541/1 1415/542/1 1233/360/1
f 1237/364/1 1410/537/1 1411/538/1
f 1233/360/1 1416/543/1 1232/359/1
f 1232/359/1 1417/544/1 1231/358/1
f 1235/362/1 1236/363/1 1412/539/1
f 1233/360/1 1234/361/1 1414/541/1
f 1235/362/1 1413/540/1 1234/361/1
f 1233/360/1 1415/542/1 1416/543/1
f 1418/545/1 1230/357/1 1231/358/1
f 1410/537/1 1238/365/1 1409/536/1
f 1225/352/1 1422/549/1 1224/351/1
f 1299/426/1 1238/365/1 1239/366/1
f 1281/408/1 1283/410/1 1284/411/1
f 1280/407/1 1284/411/1 1285/412/1
f 1282/409/1 1283/410/1 1281/408/1
f 1281/408/1 1284/411/1 1280/407/1
f 1280/407/1 1285/412/1 1279/406/1
f 1291/418/1 1292/419/1 1293/420/1
f 1293/420/1 1290/417/1 1291/418/1
f 1287/414/1 1248/375/1 1274/401/1
f 1293/420/1 1289/416/1 1290/417/1
f 1286/413/1 1287/414/1 1277/404/1
f 1286/413/1 1279/406/1 1285/412/1
f 1288/415/1 1293/420/1 1287/414/1
f 1277/404/1 1287/414/1 1276/403/1
f 1286/413/1 1277/404/1 1278/405/1
f 1274/401/1 1275/402/1 1287/414/1
f 1248/375/1 1273/400/1 1274/401/1
f 1275/402/1 1276/403/1 1287/414/1
f 1279/406/1 1286/413/1 1278/405/1
f 1271/398/1 1250/377/1 1270/397/1
f 1249/376/1 1271/398/1 1272/399/1
f 1267/394/1 1268/395/1 1251/378/1
f 1269/396/1 1251/378/1 1268/395/1
f 1267/394/1 1253/380/1 1266/393/1
f 1272/399/1 1273/400/1 1249/376/1
f 1270/397/1 1250/377/1 1269/396/1
f 1293/420/1 1288/415/1 1289/416/1
f 1287/414/1 1293/420/1 1247/374/1
f 1287/414/1 1247/374/1 1248/375/1
f 1251/378/1 1269/396/1 1250/377/1
f 1249/376/1 1250/377/1 1271/398/1
f 1273/400/1 1248/375/1 1249/376/1
f 1247/374/1 1293/420/1 1246/373/1
f 1243/370/1 1294/421/1 1242/369/1
f 1242/369/1 1295/422/1 1241/368/1
f 1293/420/1 1245/372/1 1246/373/1
f 1244/371/1 1245/372/1 1294/421/1
f 1244/371/1 1294/421/1 1243/370/1
f 1251/378/1 1252/379/1 1267/394/1
f 1263/390/1 1258/385/1 1259/386/1
f 1264/391/1 1258/385/1 1263/390/1
f 1261/388/1 1262/389/1 1259/386/1
f 1259/386/1 1260/387/1 1261/388/1
f 1262/389/1 1263/390/1 1259/386/1
f 1264/391/1 1265/392/1 1257/384/1
f 1254/381/1 1255/382/1 1266/393/1
f 1266/393/1 1255/382/1 1265/392/1
f 1264/391/1 1257/384/1 1258/385/1
f 1257/384/1 1265/392/1 1256/383/1
f 1256/383/1 1265/392/1 1255/382/1
f 1266/393/1 1253/380/1 1254/381/1
f 1252/379/1 1253/380/1 1267/394/1
f 1296/423/1 1240/367/1 1241/368/1
f 1298/425/1 1239/366/1 1240/367/1
f 1508/635/1 1509/636/1 1194/321/1
f 1507/634/1 1508/635/1 1194/321/1
f 1510/637/1 1193/320/1 1194/321/1
f 1511/638/1 1192/319/1 1193/320/1
f 1510/637/1 1194/321/1 1509/636/1
f 1511/638/1 1512/639/1 1192/319/1
f 1510/637/1 1511/638/1 1193/320/1
f 1192/319/1 1513/640/1 1191/318/1
f 1191/318/1 1514/641/1 1515/642/1
f 1191/318/1 1513/640/1 1514/641/1
f 1512/639/1 1513/640/1 1192/319/1
f 1189/316/1 1515/642/1 1516/643/1
f 1185/312/1 1186/313/1 1518/645/1
f 1519/646/1 1184/311/1 1185/312/1
f 1181/308/1 1127/254/1 1180/307/1
f 1183/310/1 1125/252/1 1182/309/1
f 1182/309/1 1126/253/1 1181/308/1
f 1124/251/1 1183/310/1 1184/311/1
f 1191/318/1 1515/642/1 1190/317/1
f 1517/644/1 1188/315/1 1516/643/1
f 1515/642/1 1189/316/1 1190/317/1
f 1188/315/1 1517/644/1 1187/314/1
f 1188/315/1 1189/316/1 1516/643/1
f 1518/645/1 1186/313/1 1517/644/1
f 1517/644/1 1186/313/1 1187/314/1
f 1518/645/1 1519/646/1 1185/312/1
f 1117/244/1 1530/657/1 1531/658/1
f 1118/245/1 1529/656/1 1530/657/1
f 1124/251/1 1519/646/1 1520/647/1
f 1528/655/1 1529/656/1 1118/245/1
f 1113/240/1 1532/659/1 1533/660/1
f 1113/240/1 1533/660/1 1112/239/1
f 1532/659/1 1116/243/1 1531/658/1
f 1116/243/1 1532/659/1 1115/242/1
f 1114/241/1 1115/242/1 1532/659/1
f 1532/659/1 1113/240/1 1114/241/1
f 1117/244/1 1531/658/1 1116/243/1
f 1526/653/1 1527/654/1 1119/246/1
f 1522/649/1 1523/650/1 1121/248/1
f 1524/651/1 1525/652/1 1120/247/1
f 1523/650/1 1524/651/1 1120/247/1
f 1526/653/1 1119/246/1 1525/652/1
f 1521/648/1 1522/649/1 1122/249/1
f 1118/245/1 1119/246/1 1527/654/1
f 1118/245/1 1527/654/1 1528/655/1
f 1122/249/1 1123/250/1 1521/648/1
f 1120/247/1 1121/248/1 1523/650/1
f 1122/249/1 1522/649/1 1121/248/1
f 1119/246/1 1120/247/1 1525/652/1
f 1530/657/1 1117/244/1 1118/245/1
f 1521/648/1 1123/250/1 1520/647/1
f 1184/311/1 1519/646/1 1124/251/1
f 1195/322/1 1507/634/1 1194/321/1
f 1520/647/1 1123/250/1 1124/251/1
f 1177/304/1 1171/298/1 1172/299/1
f 1170/297/1 1178/305/1 1169/296/1
f 1169/296/1 1178/305/1 1168/295/1
f 1167/294/1 1168/295/1 1178/305/1
f 1172/299/1 1173/300/1 1176/303/1
f 1170/297/1 1171/298/1 1177/304/1
f 1178/305/1 1170/297/1 1177/304/1
f 1165/292/1 1166/293/1 1178/305/1
f 1176/303/1 1177/304/1 1172/299/1
f 1175/302/1 1173/300/1 1174/301/1
f 1176/303/1 1173/300/1 1175/302/1
f 1178/305/1 1166/293/1 1167/294/1
f 1151/278/1 1164/291/1 1178/305/1
f 1162/289/1 1163/290/1 1155/282/1
f 1164/291/1 1153/280/1 1163/290/1
f 1161/288/1 1162/289/1 1160/287/1
f 1159/286/1 1160/287/1 1162/289/1
f 1159/286/1 1162/289/1 1158/285/1
f 1165/292/1 1178/305/1 1164/291/1
f 1162/289/1 1157/284/1 1158/285/1
f 1162/289/1 1156/283/1 1157/284/1
f 1162/289/1 1155/282/1 1156/283/1
f 1163/290/1 1154/281/1 1155/282/1
f 1153/280/1 1154/281/1 1163/290/1
f 1164/291/1 1152/279/1 1153/280/1
f 1164/291/1 1151/278/1 1152/279/1
f 1178/305/1 1179/306/1 1128/255/1
f 1132/259/1 1128/255/1 1131/258/1
f 1133/260/1 1128/255/1 1132/259/1
f 1135/262/1 1136/263/1 1128/255/1
f 1128/255/1 1134/261/1 1135/262/1
f 1128/255/1 1133/260/1 1134/261/1
f 1128/255/1 1136/263/1 1137/264/1
f 1127/254/1 1179/306/1 1180/307/1
f 1127/254/1 1181/308/1 1126/253/1
f 1129/256/1 1130/257/1 1128/255/1
f 1128/255/1 1130/257/1 1131/258/1
f 1146/273/1 1178/305/1 1128/255/1
f 1128/255/1 1179/306/1 1127/254/1
f 1128/255/1 1137/264/1 1138/265/1
f 1149/276/1 1150/277/1 1178/305/1
f 1178/305/1 1148/275/1 1149/276/1
f 1178/305/1 1147/274/1 1148/275/1
f 1178/305/1 1146/273/1 1147/274/1
f 1128/255/1 1145/272/1 1146/273/1
f 1151/278/1 1178/305/1 1150/277/1
f 1144/271/1 1128/255/1 1139/266/1
f 1144/271/1 1139/266/1 1140/267/1
f 1143/270/1 1144/271/1 1142/269/1
f 1141/268/1 1142/269/1 1144/271/1
f 1144/271/1 1140/267/1 1141/268/1
f 1144/271/1 1145/272/1 1128/255/1
f 1138/265/1 1139/266/1 1128/255/1
f 1182/309/1 1125/252/1 1126/253/1
f 1183/310/1 1124/251/1 1125/252/1
f 1112/239/1 1533/660/1 1111/238/1
f 1557/684/1 1558/685/1 1559/686/1
f 1556/683/1 1557/684/1 1563/690/1
f 1556/683/1 1567/694/1 1555/682/1
f 1571/698/1 1554/681/1 1555/682/1
f 1559/686/1 1560/687/1 1557/684/1
f 1564/691/1 1565/692/1 1556/683/1
f 1565/692/1 1566/693/1 1556/683/1
f 1561/688/1 1562/689/1 1557/684/1
f 1563/690/1 1557/684/1 1562/689/1
f 1563/690/1 1564/691/1 1556/683/1
f 1560/687/1 1561/688/1 1557/684/1
f 1553/680/1 1554/681/1 1582/709/1
f 1547/674/1 1548/675/1 1592/719/1
f 1546/673/1 1093/220/1 1545/672/1
f 1542/669/1 1543/670/1 1097/224/1
f 1095/222/1 1543/670/1 1544/671/1
f 1097/224/1 1543/670/1 1096/223/1
f 1544/671/1 1545/672/1 1094/221/1
f 1590/717/1 1549/676/1 1551/678/1
f 1590/717/1 1552/679/1 1553/680/1
f 1550/677/1 1551/678/1 1549/676/1
f 1098/225/1 1542/669/1 1097/224/1
f 1548/675/1 1549/676/1 1591/718/1
f 1590/717/1 1551/678/1 1552/679/1
f 1546/673/1 1547/674/1 1593/720/1
f 1542/669/1 1098/225/1 1099/226/1
f 1567/694/1 1556/683/1 1566/693/1
f 1571/698/1 1555/682/1 1570/697/1
f 1572/699/1 1554/681/1 1571/698/1
f 1568/695/1 1569/696/1 1555/682/1
f 1555/682/1 1569/696/1 1570/697/1
f 1572/699/1 1573/700/1 1554/681/1
f 1554/681/1 1574/701/1 1581/708/1
f 1575/702/1 1581/708/1 1574/701/1
f 1580/707/1 1576/703/1 1577/704/1
f 1578/705/1 1579/706/1 1577/704/1
f 1575/702/1 1576/703/1 1581/708/1
f 1574/701/1 1554/681/1 1573/700/1
f 1579/706/1 1580/707/1 1577/704/1
f 1582/709/1 1554/681/1 1581/708/1
f 1582/709/1 1590/717/1 1553/680/1
f 1589/716/1 1583/710/1 1584/711/1
f 1584/711/1 1585/712/1 1588/715/1
f 1546/673/1 1593/720/1 1091/218/1
f 1582/709/1 1583/710/1 1590/717/1
f 1576/703/1 1580/707/1 1581/708/1
f 1587/714/1 1588/715/1 1585/712/1
f 1588/715/1 1589/716/1 1584/711/1
f 1590/717/1 1591/718/1 1549/676/1
f 1591/718/1 1592/719/1 1548/675/1
f 1583/710/1 1589/716/1 1590/717/1
f 1585/712/1 1586/713/1 1587/714/1
f 945/72/1 946/73/1 1597/724/1
f 1555/682/1 1567/694/1 1568/695/1
f 947/74/1 1596/723/1 946/73/1
f 1101/228/1 1541/668/1 1100/227/1
f 1100/227/1 1541/668/1 1099/226/1
f 1104/231/1 1540/667/1 1103/230/1
f 1103/230/1 1540/667/1 1102/229/1
f 1102/229/1 1540/667/1 1101/228/1
f 1096/223/1 1543/670/1 1095/222/1
f 1095/222/1 1544/671/1 1094/221/1
f 1093/220/1 1546/673/1 1092/219/1
f 1090/217/1 1091/218/1 952/79/1
f 1546/673/1 1091/218/1 1092/219/1
f 1545/672/1 1093/220/1 1094/221/1
f 1088/215/1 1089/216/1 954/81/1
f 1086/213/1 1087/214/1 955/82/1
f 1084/211/1 1085/212/1 957/84/1
f 1086/213/1 956/83/1 1085/212/1
f 1088/215/1 955/82/1 1087/214/1
f 1082/209/1 1083/210/1 958/85/1
f 1081/208/1 1082/209/1 959/86/1
f 1079/206/1 1080/207/1 961/88/1
f 1077/204/1 1078/205/1 963/90/1
f 1079/206/1 962/89/1 1078/205/1
f 1081/208/1 960/87/1 1080/207/1
f 1084/211/1 958/85/1 1083/210/1
f 1090/217/1 953/80/1 1089/216/1
f 1105/232/1 1539/666/1 1104/231/1
f 952/79/1 1091/218/1 1593/720/1
f 952/79/1 1593/720/1 951/78/1
f 955/82/1 956/83/1 1086/213/1
f 953/80/1 954/81/1 1089/216/1
f 955/82/1 1088/215/1 954/81/1
f 952/79/1 953/80/1 1090/217/1
f 949/76/1 1595/722/1 948/75/1
f 1598/725/1 942/69/1 943/70/1
f 943/70/1 944/71/1 1598/725/1
f 944/71/1 945/72/1 1597/724/1
f 950/77/1 1594/721/1 949/76/1
f 1594/721/1 950/77/1 951/78/1
f 964/91/1 965/92/1 1077/204/1
f 967/94/1 1077/204/1 965/92/1
f 970/97/1 1077/204/1 969/96/1
f 968/95/1 1077/204/1 967/94/1
f 1077/204/1 968/95/1 969/96/1
f 965/92/1 966/93/1 967/94/1
f 964/91/1 1077/204/1 963/90/1
f 958/85/1 959/86/1 1082/209/1
f 957/84/1 958/85/1 1084/211/1
f 960/87/1 961/88/1 1080/207/1
f 962/89/1 1079/206/1 961/88/1
f 959/86/1 960/87/1 1081/208/1
f 963/90/1 1078/205/1 962/89/1
f 956/83/1 957/84/1 1085/212/1
f 948/75/1 1595/722/1 947/74/1
f 1077/204/1 970/97/1 1076/203/1
f 1592/719/1 1593/720/1 1547/674/1
f 1697/824/1 1672/799/1 1673/800/1
f 1697/824/1 1673/800/1 1674/801/1
f 1671/798/1 1707/834/1 1659/786/1
f 1697/824/1 1671/798/1 1672/799/1
f 1687/814/1 1675/802/1 1676/803/1
f 1685/812/1 1681/808/1 1682/809/1
f 1680/807/1 1681/808/1 1685/812/1
f 1678/805/1 1679/806/1 1686/813/1
f 1679/806/1 1680/807/1 1686/813/1
f 1677/804/1 1678/805/1 1686/813/1
f 1677/804/1 1687/814/1 1676/803/1
f 1675/802/1 1696/823/1 1674/801/1
f 1659/786/1 1662/789/1 1663/790/1
f 1659/786/1 1663/790/1 1664/791/1
f 1659/786/1 1660/787/1 1661/788/1
f 1661/788/1 1662/789/1 1659/786/1
f 1664/791/1 1665/792/1 1659/786/1
f 1669/796/1 1670/797/1 1659/786/1
f 1670/797/1 1671/798/1 1659/786/1
f 1667/794/1 1659/786/1 1666/793/1
f 1668/795/1 1669/796/1 1659/786/1
f 1659/786/1 1667/794/1 1668/795/1
f 1666/793/1 1659/786/1 1665/792/1
f 1658/785/1 1659/786/1 1657/784/1
f 1683/810/1 1685/812/1 1682/809/1
f 1696/823/1 1687/814/1 1688/815/1
f 1687/814/1 1696/823/1 1675/802/1
f 1685/812/1 1686/813/1 1680/807/1
f 1687/814/1 1677/804/1 1686/813/1
f 1689/816/1 1696/823/1 1688/815/1
f 1694/821/1 1690/817/1 1691/818/1
f 1693/820/1 1691/818/1 1692/819/1
f 1694/821/1 1695/822/1 1690/817/1
f 1689/816/1 1695/822/1 1696/823/1
f 1691/818/1 1693/820/1 1694/821/1
f 1695/822/1 1689/816/1 1690/817/1
f 1697/824/1 1674/801/1 1696/823/1
f 1659/786/1 1708/835/1 1709/836/1
f 1707/834/1 1671/798/1 1698/825/1
f 1698/825/1 1699/826/1 1705/832/1
f 1709/836/1 1710/837/1 1659/786/1
f 1702/829/1 1700/827/1 1701/828/1
f 1703/830/1 1699/826/1 1700/827/1
f 1671/798/1 1697/824/1 1698/825/1
f 1703/830/1 1704/831/1 1699/826/1
f 1704/831/1 1705/832/1 1699/826/1
f 1707/834/1 1708/835/1 1659/786/1
f 1707/834/1 1698/825/1 1706/833/1
f 1706/833/1 1698/825/1 1705/832/1
f 1700/827/1 1702/829/1 1703/830/1
f 1684/811/1 1685/812/1 1683/810/1
f 1710/837/1 1711/838/1 1659/786/1
f 1596/723/1 947/74/1 1595/722/1
f 1599/726/1 942/69/1 1598/725/1
f 1598/725/1 944/71/1 1597/724/1
f 1597/724/1 946/73/1 1596/723/1
f 1655/782/1 1656/783/1 1714/841/1
f 1654/781/1 1655/782/1 1715/842/1
f 1652/779/1 1653/780/1 1717/844/1
f 1650/777/1 1651/778/1 1719/846/1
f 1652/779/1 1718/845/1 1651/778/1
f 1654/781/1 1716/843/1 1653/780/1
f 1657/784/1 1713/840/1 1656/783/1
f 1600/727/1 1601/728/1 940/67/1
f 1599/726/1 1600/727/1 941/68/1
f 940/67/1 941/68/1 1600/727/1
f 1602/729/1 938/65/1 939/66/1
f 940/67/1 1601/728/1 939/66/1
f 939/66/1 1601/728/1 1602/729/1
f 941/68/1 942/69/1 1599/726/1
f 1604/731/1 938/65/1 1603/730/1
f 937/64/1 1604/731/1 1605/732/1
f 937/64/1 938/65/1 1604/731/1
f 937/64/1 1605/732/1 936/63/1
f 1603/730/1 938/65/1 1602/729/1
f 1650/777/1 1720/847/1 1649/776/1
f 949/76/1 1594/721/1 1595/722/1
f 1721/848/1 1649/776/1 1720/847/1
f 1720/847/1 1650/777/1 1719/846/1
f 1647/774/1 1648/775/1 1722/849/1
f 1721/848/1 1722/849/1 1648/775/1
f 1649/776/1 1721/848/1 1648/775/1
f 1647/774/1 1722/849/1 1646/773/1
f 1651/778/1 1718/845/1 1719/846/1
f 1657/784/1 1712/839/1 1713/840/1
f 1715/842/1 1655/782/1 1714/841/1
f 1718/845/1 1652/779/1 1717/844/1
f 1654/781/1 1715/842/1 1716/843/1
f 1653/780/1 1716/843/1 1717/844/1
f 1713/840/1 1714/841/1 1656/783/1
f 1711/838/1 1712/839/1 1657/784/1
f 1645/772/1 1646/773/1 1723/850/1
f 1644/771/1 1645/772/1 1724/851/1
f 1642/769/1 1643/770/1 1726/853/1
f 1640/767/1 1641/768/1 1728/855/1
f 1642/769/1 1727/854/1 1641/768/1
f 1644/771/1 1725/852/1 1643/770/1
f 1724/851/1 1725/852/1 1644/771/1
f 1723/850/1 1724/851/1 1645/772/1
f 1728/855/1 1729/856/1 1640/767/1
f 1726/853/1 1727/854/1 1642/769/1
f 1728/855/1 1641/768/1 1727/854/1
f 1725/852/1 1726/853/1 1643/770/1
f 1646/773/1 1722/849/1 1723/850/1
f 1659/786/1 1711/838/1 1657/784/1
f 1639/766/1 1640/767/1 1729/856/1
f 1594/721/1 951/78/1 1593/720/1
f 1606/733/1 936/63/1 1605/732/1
f 977/104/1 1071/198/1 1072/199/1
f 978/105/1 1070/197/1 1071/198/1
f 980/107/1 1068/195/1 1069/196/1
f 982/109/1 1067/194/1 1068/195/1
f 1069/196/1 1070/197/1 979/106/1
f 1076/203/1 971/98/1 972/99/1
f 971/98/1 1076/203/1 970/97/1
f 1076/203/1 972/99/1 973/100/1
f 975/102/1 1073/200/1 1074/201/1
f 1074/201/1 1075/202/1 974/101/1
f 973/100/1 1075/202/1 1076/203/1
f 1072/199/1 1073/200/1 976/103/1
f 1066/193/1 1067/194/1 983/110/1
f 1060/187/1 1057/184/1 1058/185/1
f 1056/183/1 1057/184/1 1060/187/1
f 1054/181/1 1055/182/1 1060/187/1
f 1055/182/1 1056/183/1 1060/187/1
f 1053/180/1 1054/181/1 1060/187/1
f 1060/187/1 1058/185/1 1059/186/1
f 984/111/1 1065/192/1 1066/193/1
f 1064/191/1 1065/192/1 985/112/1
f 1053/180/1 1060/187/1 995/122/1
f 1062/189/1 1063/190/1 987/114/1
f 989/116/1 1060/187/1 1061/188/1
f 1064/191/1 986/113/1 1063/190/1
f 1062/189/1 988/115/1 1061/188/1
f 974/101/1 1075/202/1 973/100/1
f 975/102/1 976/103/1 1073/200/1
f 974/101/1 975/102/1 1074/201/1
f 978/105/1 979/106/1 1070/197/1
f 977/104/1 978/105/1 1071/198/1
f 976/103/1 977/104/1 1072/199/1
f 936/63/1 1606/733/1 935/62/1
f 934/61/1 935/62/1 1607/734/1
f 980/107/1 981/108/1 1068/195/1
f 982/109/1 983/110/1 1067/194/1
f 981/108/1 982/109/1 1068/195/1
f 979/106/1 980/107/1 1069/196/1
f 987/114/1 1063/190/1 986/113/1
f 984/111/1 985/112/1 1065/192/1
f 989/116/1 1061/188/1 988/115/1
f 989/116/1 994/121/1 1060/187/1
f 991/118/1 989/116/1 990/117/1
f 988/115/1 1062/189/1 987/114/1
f 992/119/1 993/120/1 989/116/1
f 993/120/1 994/121/1 989/116/1
f 1042/169/1 1053/180/1 995/122/1
f 1005/132/1 995/122/1 996/123/1
f 995/122/1 1060/187/1 994/121/1
f 989/116/1 991/118/1 992/119/1
f 986/113/1 1064/191/1 985/112/1
f 983/110/1 984/111/1 1066/193/1
f 1002/129/1 996/123/1 997/124/1
f 1050/177/1 1051/178/1 1052/179/1
f 1050/177/1 1052/179/1 1049/176/1
f 1052/179/1 1048/175/1 1049/176/1
f 1048/175/1 1052/179/1 1047/174/1
f 1052/179/1 1046/173/1 1047/174/1
f 1052/179/1 1045/172/1 1046/173/1
f 1053/180/1 1045/172/1 1052/179/1
f 1044/171/1 1045/172/1 1053/180/1
f 1013/140/1 1040/167/1 1041/168/1
f 1044/171/1 1053/180/1 1043/170/1
f 1014/141/1 1031/158/1 1040/167/1
f 1042/169/1 1013/140/1 1041/168/1
f 1038/165/1 1034/161/1 1037/164/1
f 1033/160/1 1038/165/1 1039/166/1
f 1036/163/1 1037/164/1 1035/162/1
f 1035/162/1 1037/164/1 1034/161/1
f 1038/165/1 1033/160/1 1034/161/1
f 1039/166/1 1032/159/1 1033/160/1
f 1040/167/1 1032/159/1 1039/166/1
f 1031/158/1 1032/159/1 1040/167/1
f 1014/141/1 1030/157/1 1031/158/1
f 1015/142/1 1029/156/1 1030/157/1
f 1028/155/1 1029/156/1 1016/143/1
f 1018/145/1 1027/154/1 1028/155/1
f 1027/154/1 1021/148/1 1026/153/1
f 1053/180/1 1042/169/1 1043/170/1
f 1006/133/1 1011/138/1 1005/132/1
f 1010/137/1 1006/133/1 1007/134/1
f 1011/138/1 1006/133/1 1010/137/1
f 1009/136/1 1010/137/1 1007/134/1
f 1008/135/1 1009/136/1 1007/134/1
f 1012/139/1 1042/169/1 995/122/1
f 999/126/1 1000/127/1 997/124/1
f 1000/127/1 1001/128/1 997/124/1
f 996/123/1 1003/130/1 1004/131/1
f 1003/130/1 996/123/1 1002/129/1
f 1002/129/1 997/124/1 1001/128/1
f 1004/131/1 1005/132/1 996/123/1
f 1011/138/1 1012/139/1 995/122/1
f 1027/154/1 1020/147/1 1021/148/1
f 1021/148/1 1022/149/1 1026/153/1
f 1025/152/1 1026/153/1 1024/151/1
f 1024/151/1 1026/153/1 1023/150/1
f 1022/149/1 1023/150/1 1026/153/1
f 1027/154/1 1019/146/1 1020/147/1
f 1015/142/1 1030/157/1 1014/141/1
f 1016/143/1 1029/156/1 1015/142/1
f 1027/154/1 1018/145/1 1019/146/1
f 1028/155/1 1017/144/1 1018/145/1
f 1017/144/1 1028/155/1 1016/143/1
f 1013/140/1 1014/141/1 1040/167/1
f 1012/139/1 1013/140/1 1042/169/1
f 1011/138/1 995/122/1 1005/132/1
f 997/124/1 998/125/1 999/126/1
f 1608/735/1 1609/736/1 934/61/1
f 934/61/1 1609/736/1 933/60/1
f 933/60/1 1610/737/1 1611/738/1
f 1610/737/1 933/60/1 1609/736/1
f 932/59/1 933/60/1 1611/738/1
f 1608/735/1 934/61/1 1607/734/1
f 932/59/1 1612/739/1 1613/740/1
f 932/59/1 1611/738/1 1612/739/1
f 931/58/1 1614/741/1 1615/742/1
f 925/52/1 1622/749/1 1735/862/1
f 931/58/1 1613/740/1 1614/741/1
f 930/57/1 1615/742/1 1616/743/1
f 932/59/1 1613/740/1 931/58/1
f 931/58/1 1615/742/1 930/57/1
f 928/55/1 929/56/1 1618/745/1
f 926/53/1 927/54/1 1620/747/1
f 928/55/1 1619/746/1 927/54/1
f 1616/743/1 929/56/1 930/57/1
f 1622/749/1 926/53/1 1621/748/1
f 1620/747/1 1621/748/1 926/53/1
f 1620/747/1 927/54/1 1619/746/1
f 1618/745/1 1619/746/1 928/55/1
f 1622/749/1 925/52/1 926/53/1
f 925/52/1 1735/862/1 924/51/1
f 1618/745/1 929/56/1 1617/744/1
f 929/56/1 1616/743/1 1617/744/1
f 1735/862/1 1622/749/1 1623/750/1
f 1633/760/1 1634/761/1 1731/858/1
f 1632/759/1 1633/760/1 1731/858/1
f 1733/860/1 1628/755/1 1629/756/1
f 1732/859/1 1630/757/1 1631/758/1
f 1732/859/1 1629/756/1 1630/757/1
f 1631/758/1 1632/759/1 1732/859/1
f 1638/765/1 1639/766/1 1730/857/1
f 1637/764/1 1638/765/1 1730/857/1
f 1635/762/1 1636/763/1 1730/857/1
f 1730/857/1 1731/858/1 1635/762/1
f 1636/763/1 1637/764/1 1730/857/1
f 1635/762/1 1731/858/1 1634/761/1
f 1639/766/1 1729/856/1 1730/857/1
f 1732/859/1 1632/759/1 1731/858/1
f 1626/753/1 1627/754/1 1734/861/1
f 1625/752/1 1626/753/1 1734/861/1
f 1733/860/1 1734/861/1 1627/754/1
f 1627/754/1 1628/755/1 1733/860/1
f 1734/861/1 1624/751/1 1625/752/1
f 1624/751/1 1734/861/1 1735/862/1
f 1629/756/1 1732/859/1 1733/860/1
f 1736/863/1 923/50/1 924/51/1
f 1736/863/1 924/51/1 1735/862/1
f 1737/864/1 1738/865/1 922/49/1
f 1740/867/1 919/46/1 1739/866/1
f 1739/866/1 921/48/1 1738/865/1
f 1736/863/1 1737/864/1 923/50/1
f 1624/751/1 1735/862/1 1623/750/1
f 1606/733/1 1607/734/1 935/62/1
f 1744/871/1 1740/867/1 1741/868/1
f 921/48/1 922/49/1 1738/865/1
f 1739/866/1 919/46/1 920/47/1
f 916/43/1 917/44/1 1740/867/1
f 918/45/1 1740/867/1 917/44/1
f 918/45/1 919/46/1 1740/867/1
f 914/41/1 915/42/1 905/32/1
f 916/43/1 905/32/1 915/42/1
f 905/32/1 912/39/1 913/40/1
f 905/32/1 911/38/1 912/39/1
f 905/32/1 913/40/1 914/41/1
f 1740/867/1 905/32/1 916/43/1
f 920/47/1 921/48/1 1739/866/1
f 909/36/1 905/32/1 908/35/1
f 905/32/1 909/36/1 910/37/1
f 906/33/1 907/34/1 905/32/1
f 905/32/1 907/34/1 908/35/1
f 905/32/1 903/30/1 904/31/1
f 910/37/1 911/38/1 905/32/1
f 905/32/1 901/28/1 902/29/1
f 902/29/1 903/30/1 905/32/1
f 905/32/1 900/27/1 901/28/1
f 899/26/1 900/27/1 905/32/1
f 891/18/1 898/25/1 899/26/1
f 898/25/1 892/19/1 897/24/1
f 886/13/1 899/26/1 905/32/1
f 923/50/1 1737/864/1 922/49/1
f 1743/870/1 1744/871/1 1741/868/1
f 905/32/1 878/5/1 879/6/1
f 880/7/1 881/8/1 886/13/1
f 886/13/1 879/6/1 880/7/1
f 905/32/1 879/6/1 886/13/1
f 1744/871/1 1745/872/1 1740/867/1
f 886/13/1 881/8/1 882/9/1
f 874/1/1 1740/867/1 1746/873/1
f 875/2/1 1740/867/1 874/1/1
f 878/5/1 905/32/1 1740/867/1
f 1740/867/1 876/3/1 877/4/1
f 1740/867/1 875/2/1 876/3/1
f 1745/872/1 1746/873/1 1740/867/1
f 890/17/1 891/18/1 886/13/1
f 892/19/1 893/20/1 897/24/1
f 895/22/1 896/23/1 894/21/1
f 894/21/1 896/23/1 897/24/1
f 893/20/1 894/21/1 897/24/1
f 892/19/1 898/25/1 891/18/1
f 885/12/1 883/10/1 884/11/1
f 885/12/1 886/13/1 882/9/1
f 888/15/1 889/16/1 887/14/1
f 887/14/1 889/16/1 890/17/1
f 886/13/1 887/14/1 890/17/1
f 886/13/1 891/18/1 899/26/1
f 883/10/1 885/12/1 882/9/1
f 878/5/1 1740/867/1 877/4/1
f 1741/868/1 1742/869/1 1743/870/1
f 1541/668/1 1542/669/1 1099/226/1
f 491/1364/2 471/1344/2 470/1343/2
f 497/1370/2 469/1342/2 468/1341/2
f 497/1370/2 468/1341/2 456/1329/2
f 467/1340/2 457/1330/2 468/1341/2
f 471/1344/2 489/1362/2 472/1345/2
f 478/1351/2 477/1350/2 479/1352/2
f 479/1352/2 477/1350/2 476/1349/2
f 475/1348/2 474/1347/2 481/1354/2
f 476/1349/2 475/1348/2 480/1353/2
f 474/1347/2 473/1346/2 482/1355/2
f 482/1355/2 473/1346/2 472/1345/2
f 469/1342/2 495/1368/2 470/1343/2
f 463/1336/2 460/1333/2 464/1337/2
f 459/1332/2 458/1331/2 464/1337/2
f 463/1336/2 462/1335/2 461/1334/2
f 463/1336/2 461/1334/2 460/1333/2
f 459/1332/2 464/1337/2 460/1333/2
f 465/1338/2 464/1337/2 458/1331/2
f 466/1339/2 458/1331/2 457/1330/2
f 458/1331/2 466/1339/2 465/1338/2
f 467/1340/2 466/1339/2 457/1330/2
f 456/1329/2 468/1341/2 457/1330/2
f 499/1372/2 456/1329/2 455/1328/2
f 454/1327/2 504/1377/2 455/1328/2
f 505/1378/2 454/1327/2 453/1326/2
f 479/1352/2 476/1349/2 480/1353/2
f 482/1355/2 481/1354/2 474/1347/2
f 472/1345/2 483/1356/2 482/1355/2
f 483/1356/2 488/1361/2 484/1357/2
f 483/1356/2 472/1345/2 488/1361/2
f 485/1358/2 484/1357/2 486/1359/2
f 488/1361/2 487/1360/2 484/1357/2
f 472/1345/2 489/1362/2 488/1361/2
f 490/1363/2 471/1344/2 491/1364/2
f 492/1365/2 491/1364/2 470/1343/2
f 471/1344/2 490/1363/2 489/1362/2
f 486/1359/2 484/1357/2 487/1360/2
f 493/1366/2 492/1365/2 470/1343/2
f 499/1372/2 498/1371/2 456/1329/2
f 470/1343/2 495/1368/2 494/1367/2
f 503/1376/2 502/1375/2 499/1372/2
f 506/1379/2 505/1378/2 453/1326/2
f 504/1377/2 454/1327/2 505/1378/2
f 504/1377/2 503/1376/2 455/1328/2
f 493/1366/2 470/1343/2 494/1367/2
f 496/1369/2 469/1342/2 497/1370/2
f 497/1370/2 456/1329/2 498/1371/2
f 502/1375/2 501/1374/2 500/1373/2
f 502/1375/2 500/1373/2 499/1372/2
f 455/1328/2 503/1376/2 499/1372/2
f 495/1368/2 469/1342/2 496/1369/2
f 475/1348/2 481/1354/2 480/1353/2
f 506/1379/2 453/1326/2 452/1325/2
f 450/1323/2 509/1382/2 451/1324/2
f 449/1322/2 510/1383/2 450/1323/2
f 447/1320/2 513/1386/2 448/1321/2
f 446/1319/2 514/1387/2 447/1320/2
f 449/1322/2 448/1321/2 511/1384/2
f 515/1388/2 445/1318/2 516/1389/2
f 515/1388/2 446/1319/2 445/1318/2
f 516/1389/2 445/1318/2 517/1390/2
f 444/1317/2 443/1316/2 518/1391/2
f 518/1391/2 517/1390/2 444/1317/2
f 445/1318/2 444/1317/2 517/1390/2
f 518/1391/2 443/1316/2 519/1392/2
f 452/1325/2 451/1324/2 508/1381/2
f 440/1313/2 522/1395/2 441/1314/2
f 439/1312/2 523/1396/2 440/1313/2
f 437/1310/2 524/1397/2 438/1311/2
f 526/1399/2 437/1310/2 436/1309/2
f 526/1399/2 525/1398/2 437/1310/2
f 438/1311/2 524/1397/2 439/1312/2
f 442/1315/2 441/1314/2 520/1393/2
f 521/1394/2 520/1393/2 441/1314/2
f 520/1393/2 519/1392/2 442/1315/2
f 525/1398/2 524/1397/2 437/1310/2
f 523/1396/2 522/1395/2 440/1313/2
f 439/1312/2 524/1397/2 523/1396/2
f 522/1395/2 521/1394/2 441/1314/2
f 443/1316/2 442/1315/2 519/1392/2
f 511/1384/2 510/1383/2 449/1322/2
f 510/1383/2 509/1382/2 450/1323/2
f 515/1388/2 514/1387/2 446/1319/2
f 513/1386/2 512/1385/2 448/1321/2
f 447/1320/2 514/1387/2 513/1386/2
f 512/1385/2 511/1384/2 448/1321/2
f 508/1381/2 507/1380/2 452/1325/2
f 556/1429/2 344/1217/2 343/1216/2
f 557/1430/2 341/1214/2 558/1431/2
f 556/1429/2 343/1216/2 557/1430/2
f 559/1432/2 558/1431/2 339/1212/2
f 451/1324/2 509/1382/2 508/1381/2
f 552/1425/2 349/1222/2 348/1221/2
f 552/1425/2 551/1424/2 349/1222/2
f 549/1422/2 351/1224/2 550/1423/2
f 550/1423/2 350/1223/2 551/1424/2
f 349/1222/2 551/1424/2 350/1223/2
f 351/1224/2 350/1223/2 550/1423/2
f 553/1426/2 552/1425/2 348/1221/2
f 554/1427/2 346/1219/2 555/1428/2
f 556/1429/2 345/1218/2 344/1217/2
f 556/1429/2 555/1428/2 345/1218/2
f 553/1426/2 348/1221/2 347/1220/2
f 346/1219/2 345/1218/2 555/1428/2
f 554/1427/2 347/1220/2 346/1219/2
f 553/1426/2 347/1220/2 554/1427/2
f 560/1433/2 559/1432/2 337/1210/2
f 506/1379/2 452/1325/2 507/1380/2
f 580/1453/2 579/1452/2 581/1454/2
f 581/1454/2 579/1452/2 582/1455/2
f 579/1452/2 578/1451/2 582/1455/2
f 578/1451/2 577/1450/2 583/1456/2
f 582/1455/2 578/1451/2 583/1456/2
f 586/1459/2 575/1448/2 587/1460/2
f 587/1460/2 572/1445/2 588/1461/2
f 584/1457/2 577/1450/2 576/1449/2
f 585/1458/2 584/1457/2 576/1449/2
f 585/1458/2 575/1448/2 586/1459/2
f 584/1457/2 583/1456/2 577/1450/2
f 571/1444/2 616/1489/2 588/1461/2
f 617/1490/2 569/1442/2 568/1441/2
f 617/1490/2 570/1443/2 569/1442/2
f 622/1495/2 564/1437/2 563/1436/2
f 566/1439/2 618/1491/2 567/1440/2
f 565/1438/2 619/1492/2 566/1439/2
f 568/1441/2 567/1440/2 618/1491/2
f 575/1448/2 574/1447/2 587/1460/2
f 576/1449/2 575/1448/2 585/1458/2
f 587/1460/2 573/1446/2 572/1445/2
f 587/1460/2 574/1447/2 573/1446/2
f 571/1444/2 588/1461/2 572/1445/2
f 570/1443/2 616/1489/2 571/1444/2
f 564/1437/2 621/1494/2 565/1438/2
f 616/1489/2 589/1462/2 588/1461/2
f 591/1464/2 590/1463/2 614/1487/2
f 613/1486/2 592/1465/2 591/1464/2
f 613/1486/2 594/1467/2 593/1466/2
f 613/1486/2 593/1466/2 592/1465/2
f 595/1468/2 594/1467/2 613/1486/2
f 596/1469/2 613/1486/2 597/1470/2
f 613/1486/2 598/1471/2 597/1470/2
f 599/1472/2 607/1480/2 600/1473/2
f 601/1474/2 600/1473/2 607/1480/2
f 599/1472/2 598/1471/2 608/1481/2
f 596/1469/2 595/1468/2 613/1486/2
f 607/1480/2 602/1475/2 601/1474/2
f 603/1476/2 607/1480/2 604/1477/2
f 608/1481/2 598/1471/2 613/1486/2
f 616/1489/2 615/1488/2 589/1462/2
f 590/1463/2 615/1488/2 614/1487/2
f 591/1464/2 614/1487/2 613/1486/2
f 604/1477/2 607/1480/2 605/1478/2
f 603/1476/2 602/1475/2 607/1480/2
f 599/1472/2 608/1481/2 607/1480/2
f 608/1481/2 613/1486/2 612/1485/2
f 612/1485/2 611/1484/2 609/1482/2
f 610/1483/2 609/1482/2 611/1484/2
f 608/1481/2 612/1485/2 609/1482/2
f 605/1478/2 607/1480/2 606/1479/2
f 589/1462/2 615/1488/2 590/1463/2
f 570/1443/2 617/1490/2 616/1489/2
f 339/1212/2 558/1431/2 340/1213/2
f 561/1434/2 334/1207/2 562/1435/2
f 341/1214/2 340/1213/2 558/1431/2
f 557/1430/2 343/1216/2 342/1215/2
f 557/1430/2 342/1215/2 341/1214/2
f 561/1434/2 560/1433/2 335/1208/2
f 559/1432/2 339/1212/2 338/1211/2
f 559/1432/2 338/1211/2 337/1210/2
f 560/1433/2 336/1209/2 335/1208/2
f 334/1207/2 333/1206/2 562/1435/2
f 561/1434/2 335/1208/2 334/1207/2
f 336/1209/2 560/1433/2 337/1210/2
f 332/1205/2 562/1435/2 333/1206/2
f 332/1205/2 331/1204/2 624/1497/2
f 331/1204/2 330/1203/2 625/1498/2
f 327/1200/2 628/1501/2 328/1201/2
f 325/1198/2 630/1503/2 326/1199/2
f 327/1200/2 326/1199/2 629/1502/2
f 329/1202/2 328/1201/2 627/1500/2
f 325/1198/2 324/1197/2 631/1504/2
f 631/1504/2 630/1503/2 325/1198/2
f 631/1504/2 324/1197/2 632/1505/2
f 632/1505/2 324/1197/2 323/1196/2
f 322/1195/2 634/1507/2 633/1506/2
f 322/1195/2 633/1506/2 323/1196/2
f 633/1506/2 632/1505/2 323/1196/2
f 626/1499/2 330/1203/2 329/1202/2
f 332/1205/2 563/1436/2 562/1435/2
f 563/1436/2 332/1205/2 623/1496/2
f 563/1436/2 623/1496/2 622/1495/2
f 627/1500/2 626/1499/2 329/1202/2
f 625/1498/2 624/1497/2 331/1204/2
f 330/1203/2 626/1499/2 625/1498/2
f 624/1497/2 623/1496/2 332/1205/2
f 565/1438/2 620/1493/2 619/1492/2
f 566/1439/2 619/1492/2 618/1491/2
f 666/1539/2 231/1104/2 667/1540/2
f 665/1538/2 232/1105/2 666/1539/2
f 565/1438/2 621/1494/2 620/1493/2
f 621/1494/2 564/1437/2 622/1495/2
f 630/1503/2 629/1502/2 326/1199/2
f 629/1502/2 628/1501/2 327/1200/2
f 660/1533/2 238/1111/2 661/1534/2
f 236/1109/2 661/1534/2 237/1110/2
f 661/1534/2 236/1109/2 662/1535/2
f 665/1538/2 664/1537/2 233/1106/2
f 664/1537/2 663/1536/2 233/1106/2
f 662/1535/2 236/1109/2 235/1108/2
f 234/1107/2 233/1106/2 663/1536/2
f 234/1107/2 662/1535/2 235/1108/2
f 665/1538/2 233/1106/2 232/1105/2
f 663/1536/2 662/1535/2 234/1107/2
f 668/1541/2 667/1540/2 228/1101/2
f 628/1501/2 627/1500/2 328/1201/2
f 617/1490/2 568/1441/2 618/1491/2
f 237/1110/2 661/1534/2 238/1111/2
f 436/1309/2 435/1308/2 527/1400/2
f 526/1399/2 436/1309/2 527/1400/2
f 435/1308/2 434/1307/2 528/1401/2
f 433/1306/2 529/1402/2 434/1307/2
f 432/1305/2 530/1403/2 433/1306/2
f 528/1401/2 527/1400/2 435/1308/2
f 530/1403/2 529/1402/2 433/1306/2
f 529/1402/2 528/1401/2 434/1307/2
f 531/1404/2 432/1305/2 431/1304/2
f 532/1405/2 430/1303/2 533/1406/2
f 531/1404/2 431/1304/2 532/1405/2
f 531/1404/2 530/1403/2 432/1305/2
f 533/1406/2 429/1302/2 534/1407/2
f 366/1239/2 426/1299/2 425/1298/2
f 367/1240/2 425/1298/2 424/1297/2
f 372/1245/2 421/1294/2 420/1293/2
f 368/1241/2 423/1296/2 422/1295/2
f 369/1242/2 422/1295/2 421/1294/2
f 423/1296/2 367/1240/2 424/1297/2
f 532/1405/2 431/1304/2 430/1303/2
f 428/1301/2 535/1408/2 534/1407/2
f 535/1408/2 427/1300/2 536/1409/2
f 428/1301/2 427/1300/2 535/1408/2
f 533/1406/2 430/1303/2 429/1302/2
f 534/1407/2 429/1302/2 428/1301/2
f 426/1299/2 536/1409/2 427/1300/2
f 536/1409/2 426/1299/2 365/1238/2
f 546/1419/2 357/1230/2 547/1420/2
f 545/1418/2 357/1230/2 546/1419/2
f 543/1416/2 359/1232/2 544/1417/2
f 545/1418/2 544/1417/2 358/1231/2
f 548/1421/2 353/1226/2 549/1422/2
f 549/1422/2 353/1226/2 352/1225/2
f 356/1229/2 548/1421/2 547/1420/2
f 548/1421/2 356/1229/2 355/1228/2
f 355/1228/2 354/1227/2 548/1421/2
f 353/1226/2 548/1421/2 354/1227/2
f 547/1420/2 357/1230/2 356/1229/2
f 538/1411/2 364/1237/2 363/1236/2
f 539/1412/2 362/1235/2 540/1413/2
f 364/1237/2 537/1410/2 365/1238/2
f 540/1413/2 361/1234/2 541/1414/2
f 363/1236/2 539/1412/2 538/1411/2
f 542/1415/2 541/1414/2 360/1233/2
f 537/1410/2 364/1237/2 538/1411/2
f 543/1416/2 360/1233/2 359/1232/2
f 544/1417/2 359/1232/2 358/1231/2
f 363/1236/2 362/1235/2 539/1412/2
f 361/1234/2 360/1233/2 541/1414/2
f 540/1413/2 362/1235/2 361/1234/2
f 542/1415/2 360/1233/2 543/1416/2
f 357/1230/2 545/1418/2 358/1231/2
f 365/1238/2 537/1410/2 536/1409/2
f 549/1422/2 352/1225/2 351/1224/2
f 365/1238/2 426/1299/2 366/1239/2
f 410/1283/2 408/1281/2 411/1284/2
f 411/1284/2 407/1280/2 412/1285/2
f 410/1283/2 409/1282/2 408/1281/2
f 411/1284/2 408/1281/2 407/1280/2
f 412/1285/2 407/1280/2 406/1279/2
f 419/1292/2 418/1291/2 420/1293/2
f 417/1290/2 420/1293/2 418/1291/2
f 375/1248/2 414/1287/2 401/1274/2
f 416/1289/2 420/1293/2 417/1290/2
f 414/1287/2 413/1286/2 404/1277/2
f 406/1279/2 413/1286/2 412/1285/2
f 420/1293/2 415/1288/2 414/1287/2
f 414/1287/2 404/1277/2 403/1276/2
f 404/1277/2 413/1286/2 405/1278/2
f 402/1275/2 401/1274/2 414/1287/2
f 400/1273/2 375/1248/2 401/1274/2
f 403/1276/2 402/1275/2 414/1287/2
f 413/1286/2 406/1279/2 405/1278/2
f 377/1250/2 398/1271/2 397/1270/2
f 398/1271/2 376/1249/2 399/1272/2
f 395/1268/2 394/1267/2 378/1251/2
f 378/1251/2 396/1269/2 395/1268/2
f 380/1253/2 394/1267/2 393/1266/2
f 400/1273/2 399/1272/2 376/1249/2
f 377/1250/2 397/1270/2 396/1269/2
f 415/1288/2 420/1293/2 416/1289/2
f 420/1293/2 414/1287/2 374/1247/2
f 374/1247/2 414/1287/2 375/1248/2
f 396/1269/2 378/1251/2 377/1250/2
f 377/1250/2 376/1249/2 398/1271/2
f 375/1248/2 400/1273/2 376/1249/2
f 420/1293/2 374/1247/2 373/1246/2
f 421/1294/2 370/1243/2 369/1242/2
f 422/1295/2 369/1242/2 368/1241/2
f 372/1245/2 420/1293/2 373/1246/2
f 372/1245/2 371/1244/2 421/1294/2
f 421/1294/2 371/1244/2 370/1243/2
f 379/1252/2 378/1251/2 394/1267/2
f 385/1258/2 390/1263/2 386/1259/2
f 385/1258/2 391/1264/2 390/1263/2
f 389/1262/2 388/1261/2 386/1259/2
f 387/1260/2 386/1259/2 388/1261/2
f 390/1263/2 389/1262/2 386/1259/2
f 392/1265/2 391/1264/2 384/1257/2
f 382/1255/2 381/1254/2 393/1266/2
f 382/1255/2 393/1266/2 392/1265/2
f 384/1257/2 391/1264/2 385/1258/2
f 392/1265/2 384/1257/2 383/1256/2
f 392/1265/2 383/1256/2 382/1255/2
f 380/1253/2 393/1266/2 381/1254/2
f 380/1253/2 379/1252/2 394/1267/2
f 367/1240/2 423/1296/2 368/1241/2
f 366/1239/2 425/1298/2 367/1240/2
f 636/1509/2 635/1508/2 321/1194/2
f 635/1508/2 634/1507/2 321/1194/2
f 320/1193/2 637/1510/2 321/1194/2
f 319/1192/2 638/1511/2 320/1193/2
f 321/1194/2 637/1510/2 636/1509/2
f 639/1512/2 638/1511/2 319/1192/2
f 638/1511/2 637/1510/2 320/1193/2
f 640/1513/2 319/1192/2 318/1191/2
f 641/1514/2 318/1191/2 642/1515/2
f 640/1513/2 318/1191/2 641/1514/2
f 640/1513/2 639/1512/2 319/1192/2
f 642/1515/2 316/1189/2 643/1516/2
f 313/1186/2 312/1185/2 645/1518/2
f 311/1184/2 646/1519/2 312/1185/2
f 254/1127/2 308/1181/2 307/1180/2
f 252/1125/2 310/1183/2 309/1182/2
f 253/1126/2 309/1182/2 308/1181/2
f 310/1183/2 251/1124/2 311/1184/2
f 642/1515/2 318/1191/2 317/1190/2
f 315/1188/2 644/1517/2 643/1516/2
f 316/1189/2 642/1515/2 317/1190/2
f 644/1517/2 315/1188/2 314/1187/2
f 316/1189/2 315/1188/2 643/1516/2
f 313/1186/2 645/1518/2 644/1517/2
f 313/1186/2 644/1517/2 314/1187/2
f 646/1519/2 645/1518/2 312/1185/2
f 657/1530/2 244/1117/2 658/1531/2
f 656/1529/2 245/1118/2 657/1530/2
f 646/1519/2 251/1124/2 647/1520/2
f 656/1529/2 655/1528/2 245/1118/2
f 659/1532/2 240/1113/2 660/1533/2
f 660/1533/2 240/1113/2 239/1112/2
f 243/1116/2 659/1532/2 658/1531/2
f 659/1532/2 243/1116/2 242/1115/2
f 242/1115/2 241/1114/2 659/1532/2
f 240/1113/2 659/1532/2 241/1114/2
f 658/1531/2 244/1117/2 243/1116/2
f 654/1527/2 653/1526/2 246/1119/2
f 650/1523/2 649/1522/2 248/1121/2
f 652/1525/2 651/1524/2 247/1120/2
f 651/1524/2 650/1523/2 247/1120/2
f 246/1119/2 653/1526/2 652/1525/2
f 649/1522/2 648/1521/2 249/1122/2
f 246/1119/2 245/1118/2 654/1527/2
f 654/1527/2 245/1118/2 655/1528/2
f 250/1123/2 249/1122/2 648/1521/2
f 248/1121/2 247/1120/2 650/1523/2
f 649/1522/2 249/1122/2 248/1121/2
f 247/1120/2 246/1119/2 652/1525/2
f 244/1117/2 657/1530/2 245/1118/2
f 250/1123/2 648/1521/2 647/1520/2
f 646/1519/2 311/1184/2 251/1124/2
f 634/1507/2 322/1195/2 321/1194/2
f 250/1123/2 647/1520/2 251/1124/2
f 298/1171/2 304/1177/2 299/1172/2
f 305/1178/2 297/1170/2 296/1169/2
f 305/1178/2 296/1169/2 295/1168/2
f 295/1168/2 294/1167/2 305/1178/2
f 300/1173/2 299/1172/2 303/1176/2
f 298/1171/2 297/1170/2 304/1177/2
f 297/1170/2 305/1178/2 304/1177/2
f 293/1166/2 292/1165/2 305/1178/2
f 304/1177/2 303/1176/2 299/1172/2
f 300/1173/2 302/1175/2 301/1174/2
f 300/1173/2 303/1176/2 302/1175/2
f 293/1166/2 305/1178/2 294/1167/2
f 291/1164/2 278/1151/2 305/1178/2
f 290/1163/2 289/1162/2 282/1155/2
f 280/1153/2 291/1164/2 290/1163/2
f 289/1162/2 288/1161/2 287/1160/2
f 287/1160/2 286/1159/2 289/1162/2
f 289/1162/2 286/1159/2 285/1158/2
f 305/1178/2 292/1165/2 291/1164/2
f 284/1157/2 289/1162/2 285/1158/2
f 283/1156/2 289/1162/2 284/1157/2
f 282/1155/2 289/1162/2 283/1156/2
f 281/1154/2 290/1163/2 282/1155/2
f 281/1154/2 280/1153/2 290/1163/2
f 279/1152/2 291/1164/2 280/1153/2
f 278/1151/2 291/1164/2 279/1152/2
f 306/1179/2 305/1178/2 255/1128/2
f 255/1128/2 259/1132/2 258/1131/2
f 255/1128/2 260/1133/2 259/1132/2
f 263/1136/2 262/1135/2 255/1128/2
f 261/1134/2 255/1128/2 262/1135/2
f 260/1133/2 255/1128/2 261/1134/2
f 263/1136/2 255/1128/2 264/1137/2
f 306/1179/2 254/1127/2 307/1180/2
f 308/1181/2 254/1127/2 253/1126/2
f 257/1130/2 256/1129/2 255/1128/2
f 257/1130/2 255/1128/2 258/1131/2
f 305/1178/2 273/1146/2 255/1128/2
f 306/1179/2 255/1128/2 254/1127/2
f 264/1137/2 255/1128/2 265/1138/2
f 277/1150/2 276/1149/2 305/1178/2
f 275/1148/2 305/1178/2 276/1149/2
f 274/1147/2 305/1178/2 275/1148/2
f 273/1146/2 305/1178/2 274/1147/2
f 272/1145/2 255/1128/2 273/1146/2
f 305/1178/2 278/1151/2 277/1150/2
f 255/1128/2 271/1144/2 266/1139/2
f 266/1139/2 271/1144/2 267/1140/2
f 271/1144/2 270/1143/2 269/1142/2
f 269/1142/2 268/1141/2 271/1144/2
f 267/1140/2 271/1144/2 268/1141/2
f 272/1145/2 271/1144/2 255/1128/2
f 266/1139/2 265/1138/2 255/1128/2
f 252/1125/2 309/1182/2 253/1126/2
f 251/1124/2 310/1183/2 252/1125/2
f 660/1533/2 239/1112/2 238/1111/2
f 685/1558/2 684/1557/2 686/1559/2
f 684/1557/2 683/1556/2 690/1563/2
f 694/1567/2 683/1556/2 682/1555/2
f 681/1554/2 698/1571/2 682/1555/2
f 687/1560/2 686/1559/2 684/1557/2
f 692/1565/2 691/1564/2 683/1556/2
f 693/1566/2 692/1565/2 683/1556/2
f 689/1562/2 688/1561/2 684/1557/2
f 684/1557/2 690/1563/2 689/1562/2
f 691/1564/2 690/1563/2 683/1556/2
f 688/1561/2 687/1560/2 684/1557/2
f 681/1554/2 680/1553/2 709/1582/2
f 675/1548/2 674/1547/2 719/1592/2
f 220/1093/2 673/1546/2 672/1545/2
f 670/1543/2 669/1542/2 224/1097/2
f 670/1543/2 222/1095/2 671/1544/2
f 670/1543/2 224/1097/2 223/1096/2
f 672/1545/2 671/1544/2 221/1094/2
f 676/1549/2 717/1590/2 678/1551/2
f 679/1552/2 717/1590/2 680/1553/2
f 678/1551/2 677/1550/2 676/1549/2
f 669/1542/2 225/1098/2 224/1097/2
f 676/1549/2 675/1548/2 718/1591/2
f 678/1551/2 717/1590/2 679/1552/2
f 674/1547/2 673/1546/2 720/1593/2
f 225/1098/2 669/1542/2 226/1099/2
f 683/1556/2 694/1567/2 693/1566/2
f 682/1555/2 698/1571/2 697/1570/2
f 681/1554/2 699/1572/2 698/1571/2
f 696/1569/2 695/1568/2 682/1555/2
f 696/1569/2 682/1555/2 697/1570/2
f 700/1573/2 699/1572/2 681/1554/2
f 701/1574/2 681/1554/2 708/1581/2
f 708/1581/2 702/1575/2 701/1574/2
f 703/1576/2 707/1580/2 704/1577/2
f 706/1579/2 705/1578/2 704/1577/2
f 703/1576/2 702/1575/2 708/1581/2
f 681/1554/2 701/1574/2 700/1573/2
f 707/1580/2 706/1579/2 704/1577/2
f 681/1554/2 709/1582/2 708/1581/2
f 717/1590/2 709/1582/2 680/1553/2
f 710/1583/2 716/1589/2 711/1584/2
f 712/1585/2 711/1584/2 715/1588/2
f 720/1593/2 673/1546/2 218/1091/2
f 710/1583/2 709/1582/2 717/1590/2
f 707/1580/2 703/1576/2 708/1581/2
f 715/1588/2 714/1587/2 712/1585/2
f 716/1589/2 715/1588/2 711/1584/2
f 718/1591/2 717/1590/2 676/1549/2
f 719/1592/2 718/1591/2 675/1548/2
f 716/1589/2 710/1583/2 717/1590/2
f 713/1586/2 712/1585/2 714/1587/2
f 73/946/2 72/945/2 724/1597/2
f 694/1567/2 682/1555/2 695/1568/2
f 723/1596/2 74/947/2 73/946/2
f 668/1541/2 228/1101/2 227/1100/2
f 668/1541/2 227/1100/2 226/1099/2
f 667/1540/2 231/1104/2 230/1103/2
f 667/1540/2 230/1103/2 229/1102/2
f 667/1540/2 229/1102/2 228/1101/2
f 670/1543/2 223/1096/2 222/1095/2
f 671/1544/2 222/1095/2 221/1094/2
f 673/1546/2 220/1093/2 219/1092/2
f 218/1091/2 217/1090/2 79/952/2
f 218/1091/2 673/1546/2 219/1092/2
f 220/1093/2 672/1545/2 221/1094/2
f 216/1089/2 215/1088/2 81/954/2
f 214/1087/2 213/1086/2 82/955/2
f 212/1085/2 211/1084/2 84/957/2
f 83/956/2 213/1086/2 212/1085/2
f 82/955/2 215/1088/2 214/1087/2
f 210/1083/2 209/1082/2 85/958/2
f 209/1082/2 208/1081/2 86/959/2
f 207/1080/2 206/1079/2 88/961/2
f 205/1078/2 204/1077/2 90/963/2
f 89/962/2 206/1079/2 205/1078/2
f 87/960/2 208/1081/2 207/1080/2
f 85/958/2 211/1084/2 210/1083/2
f 80/953/2 217/1090/2 216/1089/2
f 666/1539/2 232/1105/2 231/1104/2
f 218/1091/2 79/952/2 720/1593/2
f 720/1593/2 79/952/2 78/951/2
f 83/956/2 82/955/2 213/1086/2
f 81/954/2 80/953/2 216/1089/2
f 215/1088/2 82/955/2 81/954/2
f 80/953/2 79/952/2 217/1090/2
f 722/1595/2 76/949/2 75/948/2
f 69/942/2 725/1598/2 70/943/2
f 71/944/2 70/943/2 725/1598/2
f 72/945/2 71/944/2 724/1597/2
f 721/1594/2 77/950/2 76/949/2
f 77/950/2 721/1594/2 78/951/2
f 92/965/2 91/964/2 204/1077/2
f 204/1077/2 94/967/2 92/965/2
f 204/1077/2 97/970/2 96/969/2
f 204/1077/2 95/968/2 94/967/2
f 95/968/2 204/1077/2 96/969/2
f 93/966/2 92/965/2 94/967/2
f 204/1077/2 91/964/2 90/963/2
f 86/959/2 85/958/2 209/1082/2
f 85/958/2 84/957/2 211/1084/2
f 88/961/2 87/960/2 207/1080/2
f 206/1079/2 89/962/2 88/961/2
f 87/960/2 86/959/2 208/1081/2
f 205/1078/2 90/963/2 89/962/2
f 84/957/2 83/956/2 212/1085/2
f 722/1595/2 75/948/2 74/947/2
f 97/970/2 204/1077/2 203/1076/2
f 720/1593/2 719/1592/2 674/1547/2
f 799/1672/2 824/1697/2 800/1673/2
f 800/1673/2 824/1697/2 801/1674/2
f 834/1707/2 798/1671/2 786/1659/2
f 798/1671/2 824/1697/2 799/1672/2
f 802/1675/2 814/1687/2 803/1676/2
f 808/1681/2 812/1685/2 809/1682/2
f 808/1681/2 807/1680/2 812/1685/2
f 806/1679/2 805/1678/2 813/1686/2
f 807/1680/2 806/1679/2 813/1686/2
f 805/1678/2 804/1677/2 813/1686/2
f 814/1687/2 804/1677/2 803/1676/2
f 823/1696/2 802/1675/2 801/1674/2
f 789/1662/2 786/1659/2 790/1663/2
f 790/1663/2 786/1659/2 791/1664/2
f 787/1660/2 786/1659/2 788/1661/2
f 789/1662/2 788/1661/2 786/1659/2
f 792/1665/2 791/1664/2 786/1659/2
f 797/1670/2 796/1669/2 786/1659/2
f 798/1671/2 797/1670/2 786/1659/2
f 786/1659/2 794/1667/2 793/1666/2
f 796/1669/2 795/1668/2 786/1659/2
f 794/1667/2 786/1659/2 795/1668/2
f 786/1659/2 793/1666/2 792/1665/2
f 786/1659/2 785/1658/2 784/1657/2
f 812/1685/2 810/1683/2 809/1682/2
f 814/1687/2 823/1696/2 815/1688/2
f 823/1696/2 814/1687/2 802/1675/2
f 813/1686/2 812/1685/2 807/1680/2
f 804/1677/2 814/1687/2 813/1686/2
f 823/1696/2 816/1689/2 815/1688/2
f 817/1690/2 821/1694/2 818/1691/2
f 818/1691/2 820/1693/2 819/1692/2
f 822/1695/2 821/1694/2 817/1690/2
f 822/1695/2 816/1689/2 823/1696/2
f 820/1693/2 818/1691/2 821/1694/2
f 816/1689/2 822/1695/2 817/1690/2
f 801/1674/2 824/1697/2 823/1696/2
f 835/1708/2 786/1659/2 836/1709/2
f 798/1671/2 834/1707/2 825/1698/2
f 826/1699/2 825/1698/2 832/1705/2
f 837/1710/2 836/1709/2 786/1659/2
f 827/1700/2 829/1702/2 828/1701/2
f 826/1699/2 830/1703/2 827/1700/2
f 824/1697/2 798/1671/2 825/1698/2
f 831/1704/2 830/1703/2 826/1699/2
f 832/1705/2 831/1704/2 826/1699/2
f 835/1708/2 834/1707/2 786/1659/2
f 825/1698/2 834/1707/2 833/1706/2
f 825/1698/2 833/1706/2 832/1705/2
f 829/1702/2 827/1700/2 830/1703/2
f 812/1685/2 811/1684/2 810/1683/2
f 838/1711/2 837/1710/2 786/1659/2
f 74/947/2 723/1596/2 722/1595/2
f 69/942/2 726/1599/2 725/1598/2
f 71/944/2 725/1598/2 724/1597/2
f 73/946/2 724/1597/2 723/1596/2
f 783/1656/2 782/1655/2 841/1714/2
f 782/1655/2 781/1654/2 842/1715/2
f 780/1653/2 779/1652/2 844/1717/2
f 778/1651/2 777/1650/2 846/1719/2
f 845/1718/2 779/1652/2 778/1651/2
f 843/1716/2 781/1654/2 780/1653/2
f 840/1713/2 784/1657/2 783/1656/2
f 728/1601/2 727/1600/2 67/940/2
f 727/1600/2 726/1599/2 68/941/2
f 68/941/2 67/940/2 727/1600/2
f 65/938/2 729/1602/2 66/939/2
f 728/1601/2 67/940/2 66/939/2
f 728/1601/2 66/939/2 729/1602/2
f 69/942/2 68/941/2 726/1599/2
f 65/938/2 731/1604/2 730/1603/2
f 731/1604/2 64/937/2 732/1605/2
f 65/938/2 64/937/2 731/1604/2
f 732/1605/2 64/937/2 63/936/2
f 65/938/2 730/1603/2 729/1602/2
f 847/1720/2 777/1650/2 776/1649/2
f 721/1594/2 76/949/2 722/1595/2
f 776/1649/2 848/1721/2 847/1720/2
f 777/1650/2 847/1720/2 846/1719/2
f 775/1648/2 774/1647/2 849/1722/2
f 849/1722/2 848/1721/2 775/1648/2
f 848/1721/2 776/1649/2 775/1648/2
f 849/1722/2 774/1647/2 773/1646/2
f 845/1718/2 778/1651/2 846/1719/2
f 839/1712/2 784/1657/2 840/1713/2
f 782/1655/2 842/1715/2 841/1714/2
f 779/1652/2 845/1718/2 844/1717/2
f 842/1715/2 781/1654/2 843/1716/2
f 843/1716/2 780/1653/2 844/1717/2
f 841/1714/2 840/1713/2 783/1656/2
f 839/1712/2 838/1711/2 784/1657/2
f 773/1646/2 772/1645/2 850/1723/2
f 772/1645/2 771/1644/2 851/1724/2
f 770/1643/2 769/1642/2 853/1726/2
f 768/1641/2 767/1640/2 855/1728/2
f 854/1727/2 769/1642/2 768/1641/2
f 852/1725/2 771/1644/2 770/1643/2
f 852/1725/2 851/1724/2 771/1644/2
f 851/1724/2 850/1723/2 772/1645/2
f 856/1729/2 855/1728/2 767/1640/2
f 854/1727/2 853/1726/2 769/1642/2
f 768/1641/2 855/1728/2 854/1727/2
f 853/1726/2 852/1725/2 770/1643/2
f 849/1722/2 773/1646/2 850/1723/2
f 838/1711/2 786/1659/2 784/1657/2
f 767/1640/2 766/1639/2 856/1729/2
f 78/951/2 721/1594/2 720/1593/2
f 63/936/2 733/1606/2 732/1605/2
f 198/1071/2 104/977/2 199/1072/2
f 197/1070/2 105/978/2 198/1071/2
f 195/1068/2 107/980/2 196/1069/2
f 194/1067/2 109/982/2 195/1068/2
f 197/1070/2 196/1069/2 106/979/2
f 98/971/2 203/1076/2 99/972/2
f 203/1076/2 98/971/2 97/970/2
f 99/972/2 203/1076/2 100/973/2
f 200/1073/2 102/975/2 201/1074/2
f 202/1075/2 201/1074/2 101/974/2
f 202/1075/2 100/973/2 203/1076/2
f 200/1073/2 199/1072/2 103/976/2
f 194/1067/2 193/1066/2 110/983/2
f 184/1057/2 187/1060/2 185/1058/2
f 184/1057/2 183/1056/2 187/1060/2
f 182/1055/2 181/1054/2 187/1060/2
f 183/1056/2 182/1055/2 187/1060/2
f 181/1054/2 180/1053/2 187/1060/2
f 185/1058/2 187/1060/2 186/1059/2
f 192/1065/2 111/984/2 193/1066/2
f 192/1065/2 191/1064/2 112/985/2
f 187/1060/2 180/1053/2 122/995/2
f 190/1063/2 189/1062/2 114/987/2
f 187/1060/2 116/989/2 188/1061/2
f 113/986/2 191/1064/2 190/1063/2
f 115/988/2 189/1062/2 188/1061/2
f 202/1075/2 101/974/2 100/973/2
f 103/976/2 102/975/2 200/1073/2
f 102/975/2 101/974/2 201/1074/2
f 106/979/2 105/978/2 197/1070/2
f 105/978/2 104/977/2 198/1071/2
f 104/977/2 103/976/2 199/1072/2
f 733/1606/2 63/936/2 62/935/2
f 62/935/2 61/934/2 734/1607/2
f 108/981/2 107/980/2 195/1068/2
f 110/983/2 109/982/2 194/1067/2
f 109/982/2 108/981/2 195/1068/2
f 107/980/2 106/979/2 196/1069/2
f 190/1063/2 114/987/2 113/986/2
f 112/985/2 111/984/2 192/1065/2
f 188/1061/2 116/989/2 115/988/2
f 121/994/2 116/989/2 187/1060/2
f 116/989/2 118/991/2 117/990/2
f 189/1062/2 115/988/2 114/987/2
f 120/993/2 119/992/2 116/989/2
f 121/994/2 120/993/2 116/989/2
f 180/1053/2 169/1042/2 122/995/2
f 122/995/2 132/1005/2 123/996/2
f 187/1060/2 122/995/2 121/994/2
f 118/991/2 116/989/2 119/992/2
f 191/1064/2 113/986/2 112/985/2
f 111/984/2 110/983/2 193/1066/2
f 123/996/2 129/1002/2 124/997/2
f 178/1051/2 177/1050/2 179/1052/2
f 179/1052/2 177/1050/2 176/1049/2
f 175/1048/2 179/1052/2 176/1049/2
f 179/1052/2 175/1048/2 174/1047/2
f 173/1046/2 179/1052/2 174/1047/2
f 172/1045/2 179/1052/2 173/1046/2
f 172/1045/2 180/1053/2 179/1052/2
f 172/1045/2 171/1044/2 180/1053/2
f 167/1040/2 140/1013/2 168/1041/2
f 180/1053/2 171/1044/2 170/1043/2
f 158/1031/2 141/1014/2 167/1040/2
f 140/1013/2 169/1042/2 168/1041/2
f 161/1034/2 165/1038/2 164/1037/2
f 165/1038/2 160/1033/2 166/1039/2
f 164/1037/2 163/1036/2 162/1035/2
f 164/1037/2 162/1035/2 161/1034/2
f 160/1033/2 165/1038/2 161/1034/2
f 159/1032/2 166/1039/2 160/1033/2
f 159/1032/2 167/1040/2 166/1039/2
f 159/1032/2 158/1031/2 167/1040/2
f 157/1030/2 141/1014/2 158/1031/2
f 156/1029/2 142/1015/2 157/1030/2
f 156/1029/2 155/1028/2 143/1016/2
f 154/1027/2 145/1018/2 155/1028/2
f 148/1021/2 154/1027/2 153/1026/2
f 169/1042/2 180/1053/2 170/1043/2
f 138/1011/2 133/1006/2 132/1005/2
f 133/1006/2 137/1010/2 134/1007/2
f 133/1006/2 138/1011/2 137/1010/2
f 137/1010/2 136/1009/2 134/1007/2
f 136/1009/2 135/1008/2 134/1007/2
f 169/1042/2 139/1012/2 122/995/2
f 127/1000/2 126/999/2 124/997/2
f 128/1001/2 127/1000/2 124/997/2
f 130/1003/2 123/996/2 131/1004/2
f 123/996/2 130/1003/2 129/1002/2
f 124/997/2 129/1002/2 128/1001/2
f 132/1005/2 131/1004/2 123/996/2
f 139/1012/2 138/1011/2 122/995/2
f 147/1020/2 154/1027/2 148/1021/2
f 149/1022/2 148/1021/2 153/1026/2
f 153/1026/2 152/1025/2 151/1024/2
f 153/1026/2 151/1024/2 150/1023/2
f 150/1023/2 149/1022/2 153/1026/2
f 146/1019/2 154/1027/2 147/1020/2
f 157/1030/2 142/1015/2 141/1014/2
f 156/1029/2 143/1016/2 142/1015/2
f 145/1018/2 154/1027/2 146/1019/2
f 144/1017/2 155/1028/2 145/1018/2
f 155/1028/2 144/1017/2 143/1016/2
f 141/1014/2 140/1013/2 167/1040/2
f 140/1013/2 139/1012/2 169/1042/2
f 122/995/2 138/1011/2 132/1005/2
f 125/998/2 124/997/2 126/999/2
f 736/1609/2 735/1608/2 61/934/2
f 736/1609/2 61/934/2 60/933/2
f 737/1610/2 60/933/2 738/1611/2
f 60/933/2 737/1610/2 736/1609/2
f 60/933/2 59/932/2 738/1611/2
f 61/934/2 735/1608/2 734/1607/2
f 739/1612/2 59/932/2 740/1613/2
f 738/1611/2 59/932/2 739/1612/2
f 741/1614/2 58/931/2 742/1615/2
f 749/1622/2 52/925/2 862/1735/2
f 740/1613/2 58/931/2 741/1614/2
f 742/1615/2 57/930/2 743/1616/2
f 740/1613/2 59/932/2 58/931/2
f 742/1615/2 58/931/2 57/930/2
f 56/929/2 55/928/2 745/1618/2
f 54/927/2 53/926/2 747/1620/2
f 746/1619/2 55/928/2 54/927/2
f 56/929/2 743/1616/2 57/930/2
f 53/926/2 749/1622/2 748/1621/2
f 748/1621/2 747/1620/2 53/926/2
f 54/927/2 747/1620/2 746/1619/2
f 746/1619/2 745/1618/2 55/928/2
f 52/925/2 749/1622/2 53/926/2
f 862/1735/2 52/925/2 51/924/2
f 56/929/2 745/1618/2 744/1617/2
f 743/1616/2 56/929/2 744/1617/2
f 749/1622/2 862/1735/2 750/1623/2
f 761/1634/2 760/1633/2 858/1731/2
f 760/1633/2 759/1632/2 858/1731/2
f 755/1628/2 860/1733/2 756/1629/2
f 757/1630/2 859/1732/2 758/1631/2
f 756/1629/2 859/1732/2 757/1630/2
f 759/1632/2 758/1631/2 859/1732/2
f 766/1639/2 765/1638/2 857/1730/2
f 765/1638/2 764/1637/2 857/1730/2
f 763/1636/2 762/1635/2 857/1730/2
f 858/1731/2 857/1730/2 762/1635/2
f 764/1637/2 763/1636/2 857/1730/2
f 858/1731/2 762/1635/2 761/1634/2
f 856/1729/2 766/1639/2 857/1730/2
f 759/1632/2 859/1732/2 858/1731/2
f 754/1627/2 753/1626/2 861/1734/2
f 753/1626/2 752/1625/2 861/1734/2
f 861/1734/2 860/1733/2 754/1627/2
f 755/1628/2 754/1627/2 860/1733/2
f 751/1624/2 861/1734/2 752/1625/2
f 861/1734/2 751/1624/2 862/1735/2
f 859/1732/2 756/1629/2 860/1733/2
f 50/923/2 863/1736/2 51/924/2
f 51/924/2 863/1736/2 862/1735/2
f 865/1738/2 864/1737/2 49/922/2
f 46/919/2 867/1740/2 866/1739/2
f 48/921/2 866/1739/2 865/1738/2
f 864/1737/2 863/1736/2 50/923/2
f 862/1735/2 751/1624/2 750/1623/2
f 734/1607/2 733/1606/2 62/935/2
f 867/1740/2 871/1744/2 868/1741/2
f 49/922/2 48/921/2 865/1738/2
f 46/919/2 866/1739/2 47/920/2
f 44/917/2 43/916/2 867/1740/2
f 867/1740/2 45/918/2 44/917/2
f 46/919/2 45/918/2 867/1740/2
f 42/915/2 41/914/2 32/905/2
f 32/905/2 43/916/2 42/915/2
f 39/912/2 32/905/2 40/913/2
f 38/911/2 32/905/2 39/912/2
f 40/913/2 32/905/2 41/914/2
f 32/905/2 867/1740/2 43/916/2
f 48/921/2 47/920/2 866/1739/2
f 32/905/2 36/909/2 35/908/2
f 36/909/2 32/905/2 37/910/2
f 34/907/2 33/906/2 32/905/2
f 34/907/2 32/905/2 35/908/2
f 30/903/2 32/905/2 31/904/2
f 38/911/2 37/910/2 32/905/2
f 28/901/2 32/905/2 29/902/2
f 30/903/2 29/902/2 32/905/2
f 27/900/2 32/905/2 28/901/2
f 27/900/2 26/899/2 32/905/2
f 25/898/2 18/891/2 26/899/2
f 19/892/2 25/898/2 24/897/2
f 26/899/2 13/886/2 32/905/2
f 864/1737/2 50/923/2 49/922/2
f 871/1744/2 870/1743/2 868/1741/2
f 5/878/2 32/905/2 6/879/2
f 8/881/2 7/880/2 13/886/2
f 6/879/2 13/886/2 7/880/2
f 6/879/2 32/905/2 13/886/2
f 872/1745/2 871/1744/2 867/1740/2
f 8/881/2 13/886/2 9/882/2
f 867/1740/2 1/874/2 873/1746/2
f 867/1740/2 2/875/2 1/874/2
f 32/905/2 5/878/2 867/1740/2
f 3/876/2 867/1740/2 4/877/2
f 2/875/2 867/1740/2 3/876/2
f 873/1746/2 872/1745/2 867/1740/2
f 18/891/2 17/890/2 13/886/2
f 20/893/2 19/892/2 24/897/2
f 23/896/2 22/895/2 21/894/2
f 23/896/2 21/894/2 24/897/2
f 21/894/2 20/893/2 24/897/2
f 25/898/2 19/892/2 18/891/2
f 10/883/2 12/885/2 11/884/2
f 13/886/2 12/885/2 9/882/2
f 16/889/2 15/888/2 14/887/2
f 16/889/2 14/887/2 17/890/2
f 14/887/2 13/886/2 17/890/2
f 18/891/2 13/886/2 26/899/2
f 12/885/2 10/883/2 9/882/2
f 867/1740/2 5/878/2 4/877/2
f 869/1742/2 868/1741/2 870/1743/2
f 669/1542/2 668/1541/2 226/1099/2
f 1747/3505/3 1/1747/4 2/1748/5
f 1747/3505/3 2/1748/5 875/2627/6
f 1747/3505/3 875/2627/6 874/2626/7
f 1747/3505/3 874/2626/7 1/1747/4
f 1748/3506/8 2/1748/5 3/1749/9
f 1748/3506/8 3/1749/9 876/2628/10
f 1748/3506/8 876/2628/10 875/2627/6
f 1748/3506/8 875/2627/6 2/1748/5
f 1749/3507/11 3/1749/9 4/1750/12
f 1749/3507/11 4/1750/12 877/2629/13
f 1749/3507/11 877/2629/13 876/2628/10
f 1749/3507/11 876/2628/10 3/1749/9
f 1750/3508/14 4/1750/12 5/1751/15
f 1750/3508/14 5/1751/15 878/2630/16
f 1750/3508/14 878/2630/16 877/2629/13
f 1750/3508/14 877/2629/13 4/1750/12
f 1751/3509/17 5/1751/15 6/1752/18
f 1751/3509/17 6/1752/18 879/2631/19
f 1751/3509/17 879/2631/19 878/2630/16
f 1751/3509/17 878/2630/16 5/1751/15
f 1752/3510/20 6/1752/18 7/1753/21
f 1752/3510/20 7/1753/21 880/2632/22
f 1752/3510/20 880/2632/22 879/2631/19
f 1752/3510/20 879/2631/19 6/1752/18
f 1753/3511/23 7/1753/21 8/1754/24
f 1753/3511/23 8/1754/24 881/2633/25
f 1753/3511/23 881/2633/25 880/2632/22
f 1753/3511/23 880/2632/22 7/1753/21
f 1754/3512/26 8/1754/24 9/1755/27
f 1754/3512/26 9/1755/27 882/2634/28
f 1754/3512/26 882/2634/28 881/2633/25
f 1754/3512/26 881/2633/25 8/1754/24
f 1755/3513/29 9/1755/27 10/1756/30
f 1755/3513/29 10/1756/30 883/2635/31
f 1755/3513/29 883/2635/31 882/2634/28
f 1755/3513/29 882/2634/28 9/1755/27
f 1756/3514/32 10/1756/30 11/1757/33
f 1756/3514/32 11/1757/33 884/2636/34
f 1756/3514/32 884/2636/34 883/2635/31
f 1756/3514/32 883/2635/31 10/1756/30
f 1757/3515/35 11/1757/33 12/1758/36
f 1757/3515/35 12/1758/36 885/2637/37
f 1757/3515/35 885/2637/37 884/2636/34
f 1757/3515/35 884/2636/34 11/1757/33
f 1758/3516/38 12/1758/36 13/1759/39
f 1758/3516/38 13/1759/39 886/2638/40
f 1758/3516/38 886/2638/40 885/2637/37
f 1758/3516/38 885/2637/37 12/1758/36
f 1759/3517/41 13/1759/39 14/1760/42
f 1759/3517/41 14/1760/42 887/2639/43
f 1759/3517/41 887/2639/43 886/2638/40
f 1759/3517/41 886/2638/40 13/1759/39
f 1760/3518/44 14/1760/42 15/1761/45
f 1760/3518/44 15/1761/45 888/2640/46
f 1760/3518/44 888/2640/46 887/2639/43
f 1760/3518/44 887/2639/43 14/1760/42
f 1761/3519/47 15/1761/45 16/1762/48
f 1761/3519/47 16/1762/48 889/2641/49
f 1761/3519/47 889/2641/49 888/2640/46
f 1761/3519/47 888/2640/46 15/1761/45
f 1762/3520/50 16/1762/48 17/1763/51
f 1762/3520/50 17/1763/51 890/2642/52
f 1762/3520/50 890/2642/52 889/2641/49
f 1762/3520/50 889/2641/49 16/1762/48
f 1763/3521/53 17/1763/51 18/1764/54
f 1763/3521/53 18/1764/54 891/2643/55
f 1763/3521/53 891/2643/55 890/2642/52
f 1763/3521/53 890/2642/52 17/1763/51
f 1764/3522/56 18/1764/54 19/1765/57
f 1764/3522/56 19/1765/57 892/2644/58
f 1764/3522/56 892/2644/58 891/2643/55
f 1764/3522/56 891/2643/55 18/1764/54
f 1765/3523/59 19/1765/57 20/1766/60
f 1765/3523/59 20/1766/60 893/2645/61
f 1765/3523/59 893/2645/61 892/2644/58
f 1765/3523/59 892/2644/58 19/1765/57
f 1766/3524/62 20/1766/60 21/1767/63
f 1766/3524/62 21/1767/63 894/2646/64
f 1766/3524/62 894/2646/64 893/2645/61
f 1766/3524/62 893/2645/61 20/1766/60
f 1767/3525/65 21/1767/63 22/1768/66
f 1767/3525/65 22/1768/66 895/2647/67
f 1767/3525/65 895/2647/67 894/2646/64
f 1767/3525/65 894/2646/64 21/1767/63
f 1768/3526/68 22/1768/66 23/1769/69
f 1768/3526/68 23/1769/69 896/2648/70
f 1768/3526/68 896/2648/70 895/2647/67
f 1768/3526/68 895/2647/67 22/1768/66
f 1769/3527/71 23/1769/69 24/1770/72
f 1769/3527/71 24/1770/72 897/2649/73
f 1769/3527/71 897/2649/73 896/2648/70
f 1769/3527/71 896/2648/70 23/1769/69
f 1770/3528/74 24/1770/72 25/1771/75
f 1770/3528/74 25/1771/75 898/2650/76
f 1770/3528/74 898/2650/76 897/2649/73
f 1770/3528/74 897/2649/73 24/1770/72
f 1771/3529/77 25/1771/75 26/1772/78
f 1771/3529/77 26/1772/78 899/2651/79
f 1771/3529/77 899/2651/79 898/2650/76
f 1771/3529/77 898/2650/76 25/1771/75
f 1772/3530/80 26/1772/78 27/1773/81
f 1772/3530/80 27/1773/81 900/2652/82
f 1772/3530/80 900/2652/82 899/2651/79
f 1772/3530/80 899/2651/79 26/1772/78
f 1773/3531/83 27/1773/81 28/1774/84
f 1773/3531/83 28/1774/84 901/2653/85
f 1773/3531/83 901/2653/85 900/2652/82
f 1773/3531/83 900/2652/82 27/1773/81
f 1774/3532/86 28/1774/84 29/1775/87
f 1774/3532/86 29/1775/87 902/2654/88
f 1774/3532/86 902/2654/88 901/2653/85
f 1774/3532/86 901/2653/85 28/1774/84
f 1775/3533/89 29/1775/87 30/1776/90
f 1775/3533/89 30/1776/90 903/2655/91
f 1775/3533/89 903/2655/91 902/2654/88
f 1775/3533/89 902/2654/88 29/1775/87
f 1776/3534/92 30/1776/90 31/1777/93
f 1776/3534/92 31/1777/93 904/2656/94
f 1776/3534/92 904/2656/94 903/2655/91
f 1776/3534/92 903/2655/91 30/1776/90
f 1777/3535/95 31/1777/93 32/1778/96
f 1777/3535/95 32/1778/96 905/2657/97
f 1777/3535/95 905/2657/97 904/2656/94
f 1777/3535/95 904/2656/94 31/1777/93
f 1778/3536/98 32/1778/96 33/1779/99
f 1778/3536/98 33/1779/99 906/2658/100
f 1778/3536/98 906/2658/100 905/2657/97
f 1778/3536/98 905/2657/97 32/1778/96
f 1779/3537/101 33/1779/99 34/1780/102
f 1779/3537/101 34/1780/102 907/2659/103
f 1779/3537/101 907/2659/103 906/2658/100
f 1779/3537/101 906/2658/100 33/1779/99
f 1780/3538/104 34/1780/102 35/1781/105
f 1780/3538/104 35/1781/105 908/2660/106
f 1780/3538/104 908/2660/106 907/2659/103
f 1780/3538/104 907/2659/103 34/1780/102
f 1781/3539/107 35/1781/105 36/1782/108
f 1781/3539/107 36/1782/108 909/2661/109
f 1781/3539/107 909/2661/109 908/2660/106
f 1781/3539/107 908/2660/106 35/1781/105
f 1782/3540/110 36/1782/108 37/1783/111
f 1782/3540/110 37/1783/111 910/2662/112
f 1782/3540/110 910/2662/112 909/2661/109
f 1782/3540/110 909/2661/109 36/1782/108
f 1783/3541/113 37/1783/111 38/1784/114
f 1783/3541/113 38/1784/114 911/2663/115
f 1783/3541/113 911/2663/115 910/2662/112
f 1783/3541/113 910/2662/112 37/1783/111
f 1784/3542/116 38/1784/114 39/1785/117
f 1784/3542/116 39/1785/117 912/2664/118
f 1784/3542/116 912/2664/118 911/2663/115
f 1784/3542/116 911/2663/115 38/1784/114
f 1785/3543/119 39/1785/117 40/1786/120
f 1785/3543/119 40/1786/120 913/2665/121
f 1785/3543/119 913/2665/121 912/2664/118
f 1785/3543/119 912/2664/118 39/1785/117
f 1786/3544/122 40/1786/120 41/1787/123
f 1786/3544/122 41/1787/123 914/2666/124
f 1786/3544/122 914/2666/124 913/2665/121
f 1786/3544/122 913/2665/121 40/1786/120
f 1787/3545/125 41/1787/123 42/1788/126
f 1787/3545/125 42/1788/126 915/2667/127
f 1787/3545/125 915/2667/127 914/2666/124
f 1787/3545/125 914/2666/124 41/1787/123
f 1788/3546/128 42/1788/126 43/1789/129
f 1788/3546/128 43/1789/129 916/2668/130
f 1788/3546/128 916/2668/130 915/2667/127
f 1788/3546/128 915/2667/127 42/1788/126
f 1789/3547/131 43/1789/129 44/1790/132
f 1789/3547/131 44/1790/132 917/2669/133
f 1789/3547/131 917/2669/133 916/2668/130
f 1789/3547/131 916/2668/130 43/1789/129
f 1790/3548/134 44/1790/132 45/1791/135
f 1790/3548/134 45/1791/135 918/2670/136
f 1790/3548/134 918/2670/136 917/2669/133
f 1790/3548/134 917/2669/133 44/1790/132
f 1791/3549/137 45/1791/135 46/1792/138
f 1791/3549/137 46/1792/138 919/2671/139
f 1791/3549/137 919/2671/139 918/2670/136
f 1791/3549/137 918/2670/136 45/1791/135
f 1792/3550/140 46/1792/138 47/1793/141
f 1792/3550/140 47/1793/141 920/2672/142
f 1792/3550/140 920/2672/142 919/2671/139
f 1792/3550/140 919/2671/139 46/1792/138
f 1793/3551/143 47/1793/141 48/1794/144
f 1793/3551/143 48/1794/144 921/2673/145
f 1793/3551/143 921/2673/145 920/2672/142
f 1793/3551/143 920/2672/142 47/1793/141
f 1794/3552/146 48/1794/144 49/1795/147
f 1794/3552/146 49/1795/147 922/2674/148
f 1794/3552/146 922/2674/148 921/2673/145
f 1794/3552/146 921/2673/145 48/1794/144
f 1795/3553/149 49/1795/147 50/1796/150
f 1795/3553/149 50/1796/150 923/2675/151
f 1795/3553/149 923/2675/151 922/2674/148
f 1795/3553/149 922/2674/148 49/1795/147
f 1796/3554/152 50/1796/150 51/1797/153
f 1796/3554/152 51/1797/153 924/2676/154
f 1796/3554/152 924/2676/154 923/2675/151
f 1796/3554/152 923/2675/151 50/1796/150
f 1797/3555/155 51/1797/153 52/1798/156
f 1797/3555/155 52/1798/156 925/2677/157
f 1797/3555/155 925/2677/157 924/2676/154
f 1797/3555/155 924/2676/154 51/1797/153
f 1798/3556/158 52/1798/156 53/1799/159
f 1798/3556/158 53/1799/159 926/2678/160
f 1798/3556/158 926/2678/160 925/2677/157
f 1798/3556/158 925/2677/157 52/1798/156
f 1799/3557/161 53/1799/159 54/1800/162
f 1799/3557/161 54/1800/162 927/2679/163
f 1799/3557/161 927/2679/163 926/2678/160
f 1799/3557/161 926/2678/160 53/1799/159
f 1800/3558/164 54/1800/162 55/1801/165
f 1800/3558/164 55/1801/165 928/2680/166
f 1800/3558/164 928/2680/166 927/2679/163
f 1800/3558/164 927/2679/163 54/1800/162
f 1801/3559/167 55/1801/165 56/1802/168
f 1801/3559/167 56/1802/168 929/2681/169
f 1801/3559/167 929/2681/169 928/2680/166
f 1801/3559/167 928/2680/166 55/1801/165
f 1802/3560/170 56/1802/168 57/1803/171
f 1802/3560/170 57/1803/171 930/2682/172
f 1802/3560/170 930/2682/172 929/2681/169
f 1802/3560/170 929/2681/169 56/1802/168
f 1803/3561/173 57/1803/171 58/1804/174
f 1803/3561/173 58/1804/174 931/2683/175
f 1803/3561/173 931/2683/175 930/2682/172
f 1803/3561/173 930/2682/172 57/1803/171
f 1804/3562/176 58/1804/174 59/1805/177
f 1804/3562/176 59/1805/177 932/2684/178
f 1804/3562/176 932/2684/178 931/2683/175
f 1804/3562/176 931/2683/175 58/1804/174
f 1805/3563/179 59/1805/177 60/1806/180
f 1805/3563/179 60/1806/180 933/2685/181
f 1805/3563/179 933/2685/181 932/2684/178
f 1805/3563/179 932/2684/178 59/1805/177
f 1806/3564/182 60/1806/180 61/1807/183
f 1806/3564/182 61/1807/183 934/2686/184
f 1806/3564/182 934/2686/184 933/2685/181
f 1806/3564/182 933/2685/181 60/1806/180
f 1807/3565/185 61/1807/183 62/1808/186
f 1807/3565/185 62/1808/186 935/2687/187
f 1807/3565/185 935/2687/187 934/2686/184
f 1807/3565/185 934/2686/184 61/1807/183
f 1808/3566/188 62/1808/186 63/1809/189
f 1808/3566/188 63/1809/189 936/2688/190
f 1808/3566/188 936/2688/190 935/2687/187
f 1808/3566/188 935/2687/187 62/1808/186
f 1809/3567/191 63/1809/189 64/1810/192
f 1809/3567/191 64/1810/192 937/2689/193
f 1809/3567/191 937/2689/193 936/2688/190
f 1809/3567/191 936/2688/190 63/1809/189
f 1810/3568/194 64/1810/192 65/1811/195
f 1810/3568/194 65/1811/195 938/2690/196
f 1810/3568/194 938/2690/196 937/2689/193
f 1810/3568/194 937/2689/193 64/1810/192
f 1811/3569/197 65/1811/195 66/1812/198
f 1811/3569/197 66/1812/198 939/2691/199
f 1811/3569/197 939/2691/199 938/2690/196
f 1811/3569/197 938/2690/196 65/1811/195
f 1812/3570/200 66/1812/198 67/1813/201
f 1812/3570/200 67/1813/201 940/2692/202
f 1812/3570/200 940/2692/202 939/2691/199
f 1812/3570/200 939/2691/199 66/1812/198
f 1813/3571/203 67/1813/201 68/1814/204
f 1813/3571/203 68/1814/204 941/2693/205
f 1813/3571/203 941/2693/205 940/2692/202
f 1813/3571/203 940/2692/202 67/1813/201
f 1814/3572/206 68/1814/204 69/1815/207
f 1814/3572/206 69/1815/207 942/2694/208
f 1814/3572/206 942/2694/208 941/2693/205
f 1814/3572/206 941/2693/205 68/1814/204
f 1815/3573/209 69/1815/207 70/1816/210
f 1815/3573/209 70/1816/210 943/2695/211
f 1815/3573/209 943/2695/211 942/2694/208
f 1815/3573/209 942/2694/208 69/1815/207
f 1816/3574/212 70/1816/210 71/1817/213
f 1816/3574/212 71/1817/213 944/2696/214
f 1816/3574/212 944/2696/214 943/2695/211
f 1816/3574/212 943/2695/211 70/1816/210
f 1817/3575/215 71/1817/213 72/1818/216
f 1817/3575/215 72/1818/216 945/2697/217
f 1817/3575/215 945/2697/217 944/2696/214
f 1817/3575/215 944/2696/214 71/1817/213
f 1818/3576/218 72/1818/216 73/1819/219
f 1818/3576/218 73/1819/219 946/2698/220
f 1818/3576/218 946/2698/220 945/2697/217
f 1818/3576/218 945/2697/217 72/1818/216
f 1819/3577/221 73/1819/219 74/1820/222
f 1819/3577/221 74/1820/222 947/2699/223
f 1819/3577/221 947/2699/223 946/2698/220
f 1819/3577/221 946/2698/220 73/1819/219
f 1820/3578/224 74/1820/222 75/1821/225
f 1820/3578/224 75/1821/225 948/2700/226
f 1820/3578/224 948/2700/226 947/2699/223
f 1820/3578/224 947/2699/223 74/1820/222
f 1821/3579/227 75/1821/225 76/1822/228
f 1821/3579/227 76/1822/228 949/2701/229
f 1821/3579/227 949/2701/229 948/2700/226
f 1821/3579/227 948/2700/226 75/1821/225
f 1822/3580/230 76/1822/228 77/1823/231
f 1822/3580/230 77/1823/231 950/2702/232
f 1822/3580/230 950/2702/232 949/2701/229
f 1822/3580/230 949/2701/229 76/1822/228
f 1823/3581/233 77/1823/231 78/1824/234
f 1823/3581/233 78/1824/234 951/2703/235
f 1823/3581/233 951/2703/235 950/2702/232
f 1823/3581/233 950/2702/232 77/1823/231
f 1824/3582/236 78/1824/234 79/1825/237
f 1824/3582/236 79/1825/237 952/2704/238
f 1824/3582/236 952/2704/238 951/2703/235
f 1824/3582/236 951/2703/235 78/1824/234
f 1825/3583/239 79/1825/237 80/1826/240
f 1825/3583/239 80/1826/240 953/2705/241
f 1825/3583/239 953/2705/241 952/2704/238
f 1825/3583/239 952/2704/238 79/1825/237
f 1826/3584/242 80/1826/240 81/1827/243
f 1826/3584/242 81/1827/243 954/2706/244
f 1826/3584/242 954/2706/244 953/2705/241
f 1826/3584/242 953/2705/241 80/1826/240
f 1827/3585/245 81/1827/243 82/1828/246
f 1827/3585/245 82/1828/246 955/2707/247
f 1827/3585/245 955/2707/247 954/2706/244
f 1827/3585/245 954/2706/244 81/1827/243
f 1828/3586/248 82/1828/246 83/1829/249
f 1828/3586/248 83/1829/249 956/2708/250
f 1828/3586/248 956/2708/250 955/2707/247
f 1828/3586/248 955/2707/247 82/1828/246
f 1829/3587/251 83/1829/249 84/1830/252
f 1829/3587/251 84/1830/252 957/2709/253
f 1829/3587/251 957/2709/253 956/2708/250
f 1829/3587/251 956/2708/250 83/1829/249
f 1830/3588/254 84/1830/252 85/1831/255
f 1830/3588/254 85/1831/255 958/2710/256
f 1830/3588/254 958/2710/256 957/2709/253
f 1830/3588/254 957/2709/253 84/1830/252
f 1831/3589/257 85/1831/255 86/1832/258
f 1831/3589/257 86/1832/258 959/2711/259
f 1831/3589/257 959/2711/259 958/2710/256
f 1831/3589/257 958/2710/256 85/1831/255
f 1832/3590/260 86/1832/258 87/1833/261
f 1832/3590/260 87/1833/261 960/2712/262
f 1832/3590/260 960/2712/262 959/2711/259
f 1832/3590/260 959/2711/259 86/1832/258
f 1833/3591/263 87/1833/261 88/1834/264
f 1833/3591/263 88/1834/264 961/2713/265
f 1833/3591/263 961/2713/265 960/2712/262
f 1833/3591/263 960/2712/262 87/1833/261
f 1834/3592/266 88/1834/264 89/1835/267
f 1834/3592/266 89/1835/267 962/2714/268
f 1834/3592/266 962/2714/268 961/2713/265
f 1834/3592/266 961/2713/265 88/1834/264
f 1835/3593/269 89/1835/267 90/1836/270
f 1835/3593/269 90/1836/270 963/2715/271
f 1835/3593/269 963/2715/271 962/2714/268
f 1835/3593/269 962/2714/268 89/1835/267
f 1836/3594/272 90/1836/270 91/1837/273
f 1836/3594/272 91/1837/273 964/2716/274
f 1836/3594/272 964/2716/274 963/2715/271
f 1836/3594/272 963/2715/271 90/1836/270
f 1837/3595/275 91/1837/273 92/1838/276
f 1837/3595/275 92/1838/276 965/2717/277
f 1837/3595/275 965/2717/277 964/2716/274
f 1837/3595/275 964/2716/274 91/1837/273
f 1838/3596/278 92/1838/276 93/1839/279
f 1838/3596/278 93/1839/279 966/2718/280
f 1838/3596/278 966/2718/280 965/2717/277
f 1838/3596/278 965/2717/277 92/1838/276
f 1839/3597/281 93/1839/279 94/1840/282
f 1839/3597/281 94/1840/282 967/2719/283
f 1839/3597/281 967/2719/283 966/2718/280
f 1839/3597/281 966/2718/280 93/1839/279
f 1840/3598/284 94/1840/282 95/1841/285
f 1840/3598/284 95/1841/285 968/2720/286
f 1840/3598/284 968/2720/286 967/2719/283
f 1840/3598/284 967/2719/283 94/1840/282
f 1841/3599/287 95/1841/285 96/1842/288
f 1841/3599/287 96/1842/288 969/2721/289
f 1841/3599/287 969/2721/289 968/2720/286
f 1841/3599/287 968/2720/286 95/1841/285
f 1842/3600/290 96/1842/288 97/1843/291
f 1842/3600/290 97/1843/291 970/2722/292
f 1842/3600/290 970/2722/292 969/2721/289
f 1842/3600/290 969/2721/289 96/1842/288
f 1843/3601/293 97/1843/291 98/1844/294
f 1843/3601/293 98/1844/294 971/2723/295
f 1843/3601/293 971/2723/295 970/2722/292
f 1843/3601/293 970/2722/292 97/1843/291
f 1844/3602/296 98/1844/294 99/1845/297
f 1844/3602/296 99/1845/297 972/2724/298
f 1844/3602/296 972/2724/298 971/2723/295
f 1844/3602/296 971/2723/295 98/1844/294
f 1845/3603/299 99/1845/297 100/1846/300
f 1845/3603/299 100/1846/300 973/2725/301
f 1845/3603/299 973/2725/301 972/2724/298
f 1845/3603/299 972/2724/298 99/1845/297
f 1846/3604/302 100/1846/300 101/1847/303
f 1846/3604/302 101/1847/303 974/2726/304
f 1846/3604/302 974/2726/304 973/2725/301
f 1846/3604/302 973/2725/301 100/1846/300
f 1847/3605/305 101/1847/303 102/1848/306
f 1847/3605/305 102/1848/306 975/2727/307
f 1847/3605/305 975/2727/307 974/2726/304
f 1847/3605/305 974/2726/304 101/1847/303
f 1848/3606/308 102/1848/306 103/1849/309
f 1848/3606/308 103/1849/309 976/2728/310
f 1848/3606/308 976/2728/310 975/2727/307
f 1848/3606/308 975/2727/307 102/1848/306
f 1849/3607/311 103/1849/309 104/1850/312
f 1849/3607/311 104/1850/312 977/2729/313
f 1849/3607/311 977/2729/313 976/2728/310
f 1849/3607/311 976/2728/310 103/1849/309
f 1850/3608/314 104/1850/312 105/1851/315
f 1850/3608/314 105/1851/315 978/2730/316
f 1850/3608/314 978/2730/316 977/2729/313
f 1850/3608/314 977/2729/313 104/1850/312
f 1851/3609/317 105/1851/315 106/1852/318
f 1851/3609/317 106/1852/318 979/2731/319
f 1851/3609/317 979/2731/319 978/2730/316
f 1851/3609/317 978/2730/316 105/1851/315
f 1852/3610/320 106/1852/318 107/1853/321
f 1852/3610/320 107/1853/321 980/2732/322
f 1852/3610/320 980/2732/322 979/2731/319
f 1852/3610/320 979/2731/319 106/1852/318
f 1853/3611/323 107/1853/321 108/1854/324
f 1853/3611/323 108/1854/324 981/2733/325
f 1853/3611/323 981/2733/325 980/2732/322
f 1853/3611/323 980/2732/322 107/1853/321
f 1854/3612/326 108/1854/324 109/1855/327
f 1854/3612/326 109/1855/327 982/2734/328
f 1854/3612/326 982/2734/328 981/2733/325
f 1854/3612/326 981/2733/325 108/1854/324
f 1855/3613/329 109/1855/327 110/1856/330
f 1855/3613/329 110/1856/330 983/2735/331
f 1855/3613/329 983/2735/331 982/2734/328
f 1855/3613/329 982/2734/328 109/1855/327
f 1856/3614/332 110/1856/330 111/1857/333
f 1856/3614/332 111/1857/333 984/2736/334
f 1856/3614/332 984/2736/334 983/2735/331
f 1856/3614/332 983/2735/331 110/1856/330
f 1857/3615/335 111/1857/333 112/1858/336
f 1857/3615/335 112/1858/336 985/2737/337
f 1857/3615/335 985/2737/337 984/2736/334
f 1857/3615/335 984/2736/334 111/1857/333
f 1858/3616/338 112/1858/336 113/1859/339
f 1858/3616/338 113/1859/339 986/2738/340
f 1858/3616/338 986/2738/340 985/2737/337
f 1858/3616/338 985/2737/337 112/1858/336
f 1859/3617/341 113/1859/339 114/1860/342
f 1859/3617/341 114/1860/342 987/2739/343
f 1859/3617/341 987/2739/343 986/2738/340
f 1859/3617/341 986/2738/340 113/1859/339
f 1860/3618/344 114/1860/342 115/1861/345
f 1860/3618/344 115/1861/345 988/2740/346
f 1860/3618/344 988/2740/346 987/2739/343
f 1860/3618/344 987/2739/343 114/1860/342
f 1861/3619/347 115/1861/345 116/1862/348
f 1861/3619/347 116/1862/348 989/2741/349
f 1861/3619/347 989/2741/349 988/2740/346
f 1861/3619/347 988/2740/346 115/1861/345
f 1862/3620/350 116/1862/348 117/1863/351
f 1862/3620/350 117/1863/351 990/2742/352
f 1862/3620/350 990/2742/352 989/2741/349
f 1862/3620/350 989/2741/349 116/1862/348
f 1863/3621/353 117/1863/351 118/1864/354
f 1863/3621/353 118/1864/354 991/2743/355
f 1863/3621/353 991/2743/355 990/2742/352
f 1863/3621/353 990/2742/352 117/1863/351
f 1864/3622/356 118/1864/354 119/1865/357
f 1864/3622/356 119/1865/357 992/2744/358
f 1864/3622/356 992/2744/358 991/2743/355
f 1864/3622/356 991/2743/355 118/1864/354
f 1865/3623/359 119/1865/357 120/1866/360
f 1865/3623/359 120/1866/360 993/2745/361
f 1865/3623/359 993/2745/361 992/2744/358
f 1865/3623/359 992/2744/358 119/1865/357
f 1866/3624/362 120/1866/360 121/1867/363
f 1866/3624/362 121/1867/363 994/2746/364
f 1866/3624/362 994/2746/364 993/2745/361
f 1866/3624/362 993/2745/361 120/1866/360
f 1867/3625/365 121/1867/363 122/1868/366
f 1867/3625/365 122/1868/366 995/2747/367
f 1867/3625/365 995/2747/367 994/2746/364
f 1867/3625/365 994/2746/364 121/1867/363
f 1868/3626/368 122/1868/366 123/1869/369
f 1868/3626/368 123/1869/369 996/2748/370
f 1868/3626/368 996/2748/370 995/2747/367
f 1868/3626/368 995/2747/367 122/1868/366
f 1869/3627/371 123/1869/369 124/1870/372
f 1869/3627/371 124/1870/372 997/2749/373
f 1869/3627/371 997/2749/373 996/2748/370
f 1869/3627/371 996/2748/370 123/1869/369
f 1870/3628/374 124/1870/372 125/1871/375
f 1870/3628/374 125/1871/375 998/2750/376
f 1870/3628/374 998/2750/376 997/2749/373
f 1870/3628/374 997/2749/373 124/1870/372
f 1871/3629/377 125/1871/375 126/1872/378
f 1871/3629/377 126/1872/378 999/2751/379
f 1871/3629/377 999/2751/379 998/2750/376
f 1871/3629/377 998/2750/376 125/1871/375
f 1872/3630/380 126/1872/378 127/1873/381
f 1872/3630/380 127/1873/381 1000/2752/382
f 1872/3630/380 1000/2752/382 999/2751/379
f 1872/3630/380 999/2751/379 126/1872/378
f 1873/3631/383 127/1873/381 128/1874/384
f 1873/3631/383 128/1874/384 1001/2753/385
f 1873/3631/383 1001/2753/385 1000/2752/382
f 1873/3631/383 1000/2752/382 127/1873/381
f 1874/3632/386 128/1874/384 129/1875/387
f 1874/3632/386 129/1875/387 1002/2754/388
f 1874/3632/386 1002/2754/388 1001/2753/385
f 1874/3632/386 1001/2753/385 128/1874/384
f 1875/3633/389 129/1875/387 130/1876/390
f 1875/3633/389 130/1876/390 1003/2755/391
f 1875/3633/389 1003/2755/391 1002/2754/388
f 1875/3633/389 1002/2754/388 129/1875/387
f 1876/3634/392 130/1876/390 131/1877/393
f 1876/3634/392 131/1877/393 1004/2756/394
f 1876/3634/392 1004/2756/394 1003/2755/391
f 1876/3634/392 1003/2755/391 130/1876/390
f 1877/3635/395 131/1877/393 132/1878/396
f 1877/3635/395 132/1878/396 1005/2757/397
f 1877/3635/395 1005/2757/397 1004/2756/394
f 1877/3635/395 1004/2756/394 131/1877/393
f 1878/3636/398 132/1878/396 133/1879/399
f 1878/3636/398 133/1879/399 1006/2758/400
f 1878/3636/398 1006/2758/400 1005/2757/397
f 1878/3636/398 1005/2757/397 132/1878/396
f 1879/3637/401 133/1879/399 134/1880/402
f 1879/3637/401 134/1880/402 1007/2759/403
f 1879/3637/401 1007/2759/403 1006/2758/400
f 1879/3637/401 1006/2758/400 133/1879/399
f 1880/3638/404 134/1880/402 135/1881/405
f 1880/3638/404 135/1881/405 1008/2760/406
f 1880/3638/404 1008/2760/406 1007/2759/403
f 1880/3638/404 1007/2759/403 134/1880/402
f 1881/3639/407 135/1881/405 136/1882/408
f 1881/3639/407 136/1882/408 1009/2761/409
f 1881/3639/407 1009/2761/409 1008/2760/406
f 1881/3639/407 1008/2760/406 135/1881/405
f 1882/3640/410 136/1882/408 137/1883/411
f 1882/3640/410 137/1883/411 1010/2762/412
f 1882/3640/410 1010/2762/412 1009/2761/409
f 1882/3640/410 1009/2761/409 136/1882/408
f 1883/3641/413 137/1883/411 138/1884/414
f 1883/3641/413 138/1884/414 1011/2763/415
f 1883/3641/413 1011/2763/415 1010/2762/412
f 1883/3641/413 1010/2762/412 137/1883/411
f 1884/3642/416 138/1884/414 139/1885/417
f 1884/3642/416 139/1885/417 1012/2764/418
f 1884/3642/416 1012/2764/418 1011/2763/415
f 1884/3642/416 1011/2763/415 138/1884/414
f 1885/3643/419 139/1885/417 140/1886/420
f 1885/3643/419 140/1886/420 1013/2765/421
f 1885/3643/419 1013/2765/421 1012/2764/418
f 1885/3643/419 1012/2764/418 139/1885/417
f 1886/3644/422 140/1886/420 141/1887/423
f 1886/3644/422 141/1887/423 1014/2766/424
f 1886/3644/422 1014/2766/424 1013/2765/421
f 1886/3644/422 1013/2765/421 140/1886/420
f 1887/3645/425 141/1887/423 142/1888/426
f 1887/3645/425 142/1888/426 1015/2767/427
f 1887/3645/425 1015/2767/427 1014/2766/424
f 1887/3645/425 1014/2766/424 141/1887/423
f 1888/3646/428 142/1888/426 143/1889/429
f 1888/3646/428 143/1889/429 1016/2768/430
f 1888/3646/428 1016/2768/430 1015/2767/427
f 1888/3646/428 1015/2767/427 142/1888/426
f 1889/3647/431 143/1889/429 144/1890/432
f 1889/3647/431 144/1890/432 1017/2769/433
f 1889/3647/431 1017/2769/433 1016/2768/430
f 1889/3647/431 1016/2768/430 143/1889/429
f 1890/3648/434 144/1890/432 145/1891/435
f 1890/3648/434 145/1891/435 1018/2770/436
f 1890/3648/434 1018/2770/436 1017/2769/433
f 1890/3648/434 1017/2769/433 144/1890/432
f 1891/3649/437 145/1891/435 146/1892/438
f 1891/3649/437 146/1892/438 1019/2771/439
f 1891/3649/437 1019/2771/439 1018/2770/436
f 1891/3649/437 1018/2770/436 145/1891/435
f 1892/3650/440 146/1892/438 147/1893/441
f 1892/3650/440 147/1893/441 1020/2772/442
f 1892/3650/440 1020/2772/442 1019/2771/439
f 1892/3650/440 1019/2771/439 146/1892/438
f 1893/3651/443 147/1893/441 148/1894/444
f 1893/3651/443 148/1894/444 1021/2773/445
f 1893/3651/443 1021/2773/445 1020/2772/442
f 1893/3651/443 1020/2772/442 147/1893/441
f 1894/3652/446 148/1894/444 149/1895/447
f 1894/3652/446 149/1895/447 1022/2774/448
f 1894/3652/446 1022/2774/448 1021/2773/445
f 1894/3652/446 1021/2773/445 148/1894/444
f 1895/3653/449 149/1895/447 150/1896/450
f 1895/3653/449 150/1896/450 1023/2775/451
f 1895/3653/449 1023/2775/451 1022/2774/448
f 1895/3653/449 1022/2774/448 149/1895/447
f 1896/3654/452 150/1896/450 151/1897/453
f 1896/3654/452 151/1897/453 1024/2776/454
f 1896/3654/452 1024/2776/454 1023/2775/451
f 1896/3654/452 1023/2775/451 150/1896/450
f 1897/3655/455 151/1897/453 152/1898/456
f 1897/3655/455 152/1898/456 1025/2777/457
f 1897/3655/455 1025/2777/457 1024/2776/454
f 1897/3655/455 1024/2776/454 151/1897/453
f 1898/3656/458 152/1898/456 153/1899/459
f 1898/3656/458 153/1899/459 1026/2778/460
f 1898/3656/458 1026/2778/460 1025/2777/457
f 1898/3656/458 1025/2777/457 152/1898/456
f 1899/3657/461 153/1899/459 154/1900/462
f 1899/3657/461 154/1900/462 1027/2779/463
f 1899/3657/461 1027/2779/463 1026/2778/460
f 1899/3657/461 1026/2778/460 153/1899/459
f 1900/3658/464 154/1900/462 155/1901/465
f 1900/3658/464 155/1901/465 1028/2780/466
f 1900/3658/464 1028/2780/466 1027/2779/463
f 1900/3658/464 1027/2779/463 154/1900/462
f 1901/3659/467 155/1901/465 156/1902/468
f 1901/3659/467 156/1902/468 1029/2781/469
f 1901/3659/467 1029/2781/469 1028/2780/466
f 1901/3659/467 1028/2780/466 155/1901/465
f 1902/3660/470 156/1902/468 157/1903/471
f 1902/3660/470 157/1903/471 1030/2782/472
f 1902/3660/470 1030/2782/472 1029/2781/469
f 1902/3660/470 1029/2781/469 156/1902/468
f 1903/3661/473 157/1903/471 158/1904/474
f 1903/3661/473 158/1904/474 1031/2783/475
f 1903/3661/473 1031/2783/475 1030/2782/472
f 1903/3661/473 1030/2782/472 157/1903/471
f 1904/3662/476 158/1904/474 159/1905/477
f 1904/3662/476 159/1905/477 1032/2784/478
f 1904/3662/476 1032/2784/478 1031/2783/475
f 1904/3662/476 1031/2783/475 158/1904/474
f 1905/3663/479 159/1905/477 160/1906/480
f 1905/3663/479 160/1906/480 1033/2785/481
f 1905/3663/479 1033/2785/481 1032/2784/478
f 1905/3663/479 1032/2784/478 159/1905/477
f 1906/3664/482 160/1906/480 161/1907/483
f 1906/3664/482 161/1907/483 1034/2786/484
f 1906/3664/482 1034/2786/484 1033/2785/481
f 1906/3664/482 1033/2785/481 160/1906/480
f 1907/3665/485 161/1907/483 162/1908/486
f 1907/3665/485 162/1908/486 1035/2787/487
f 1907/3665/485 1035/2787/487 1034/2786/484
f 1907/3665/485 1034/2786/484 161/1907/483
f 1908/3666/488 162/1908/486 163/1909/489
f 1908/3666/488 163/1909/489 1036/2788/490
f 1908/3666/488 1036/2788/490 1035/2787/487
f 1908/3666/488 1035/2787/487 162/1908/486
f 1909/3667/491 163/1909/489 164/1910/492
f 1909/3667/491 164/1910/492 1037/2789/493
f 1909/3667/491 1037/2789/493 1036/2788/490
f 1909/3667/491 1036/2788/490 163/1909/489
f 1910/3668/494 164/1910/492 165/1911/495
f 1910/3668/494 165/1911/495 1038/2790/496
f 1910/3668/494 1038/2790/496 1037/2789/493
f 1910/3668/494 1037/2789/493 164/1910/492
f 1911/3669/497 165/1911/495 166/1912/498
f 1911/3669/497 166/1912/498 1039/2791/499
f 1911/3669/497 1039/2791/499 1038/2790/496
f 1911/3669/497 1038/2790/496 165/1911/495
f 1912/3670/500 166/1913/498 167/1914/501
f 1912/3670/500 167/1914/501 1040/2793/502
f 1912/3670/500 1040/2793/502 1039/2792/499
f 1912/3670/500 1039/2792/499 166/1913/498
f 1913/3671/503 167/1914/501 168/1915/504
f 1913/3671/503 168/1915/504 1041/2794/505
f 1913/3671/503 1041/2794/505 1040/2793/502
f 1913/3671/503 1040/2793/502 167/1914/501
f 1914/3672/506 168/1915/504 169/1916/507
f 1914/3672/506 169/1916/507 1042/2795/508
f 1914/3672/506 1042/2795/508 1041/2794/505
f 1914/3672/506 1041/2794/505 168/1915/504
f 1915/3673/509 169/1916/507 170/1917/510
f 1915/3673/509 170/1917/510 1043/2796/511
f 1915/3673/509 1043/2796/511 1042/2795/508
f 1915/3673/509 1042/2795/508 169/1916/507
f 1916/3674/512 170/1917/510 171/1918/513
f 1916/3674/512 171/1918/513 1044/2797/514
f 1916/3674/512 1044/2797/514 1043/2796/511
f 1916/3674/512 1043/2796/511 170/1917/510
f 1917/3675/515 171/1918/513 172/1919/516
f 1917/3675/515 172/1919/516 1045/2798/517
f 1917/3675/515 1045/2798/517 1044/2797/514
f 1917/3675/515 1044/2797/514 171/1918/513
f 1918/3676/518 172/1919/516 173/1920/519
f 1918/3676/518 173/1920/519 1046/2799/520
f 1918/3676/518 1046/2799/520 1045/2798/517
f 1918/3676/518 1045/2798/517 172/1919/516
f 1919/3677/521 173/1920/519 174/1921/522
f 1919/3677/521 174/1921/522 1047/2800/523
f 1919/3677/521 1047/2800/523 1046/2799/520
f 1919/3677/521 1046/2799/520 173/1920/519
f 1920/3678/524 174/1921/522 175/1922/525
f 1920/3678/524 175/1922/525 1048/2801/526
f 1920/3678/524 1048/2801/526 1047/2800/523
f 1920/3678/524 1047/2800/523 174/1921/522
f 1921/3679/527 175/1922/525 176/1923/528
f 1921/3679/527 176/1923/528 1049/2802/529
f 1921/3679/527 1049/2802/529 1048/2801/526
f 1921/3679/527 1048/2801/526 175/1922/525
f 1922/3680/530 176/1923/528 177/1924/531
f 1922/3680/530 177/1924/531 1050/2803/532
f 1922/3680/530 1050/2803/532 1049/2802/529
f 1922/3680/530 1049/2802/529 176/1923/528
f 1923/3681/533 177/1924/531 178/1925/534
f 1923/3681/533 178/1925/534 1051/2804/535
f 1923/3681/533 1051/2804/535 1050/2803/532
f 1923/3681/533 1050/2803/532 177/1924/531
f 1924/3682/536 178/1925/534 179/1926/537
f 1924/3682/536 179/1926/537 1052/2805/538
f 1924/3682/536 1052/2805/538 1051/2804/535
f 1924/3682/536 1051/2804/535 178/1925/534
f 1925/3683/539 179/1926/537 180/1927/540
f 1925/3683/539 180/1927/540 1053/2806/541
f 1925/3683/539 1053/2806/541 1052/2805/538
f 1925/3683/539 1052/2805/538 179/1926/537
f 1926/3684/542 180/1927/540 181/1928/543
f 1926/3684/542 181/1928/543 1054/2807/544
f 1926/3684/542 1054/2807/544 1053/2806/541
f 1926/3684/542 1053/2806/541 180/1927/540
f 1927/3685/545 181/1928/543 182/1929/546
f 1927/3685/545 182/1929/546 1055/2808/547
f 1927/3685/545 1055/2808/547 1054/2807/544
f 1927/3685/545 1054/2807/544 181/1928/543
f 1928/3686/548 182/1929/546 183/1930/549
f 1928/3686/548 183/1930/549 1056/2809/550
f 1928/3686/548 1056/2809/550 1055/2808/547
f 1928/3686/548 1055/2808/547 182/1929/546
f 1929/3687/551 183/1930/549 184/1931/552
f 1929/3687/551 184/1931/552 1057/2810/553
f 1929/3687/551 1057/2810/553 1056/2809/550
f 1929/3687/551 1056/2809/550 183/1930/549
f 1930/3688/554 184/1931/552 185/1932/555
f 1930/3688/554 185/1932/555 1058/2811/556
f 1930/3688/554 1058/2811/556 1057/2810/553
f 1930/3688/554 1057/2810/553 184/1931/552
f 1931/3689/557 185/1932/555 186/1933/558
f 1931/3689/557 186/1933/558 1059/2812/559
f 1931/3689/557 1059/2812/559 1058/2811/556
f 1931/3689/557 1058/2811/556 185/1932/555
f 1932/3690/560 186/1933/558 187/1934/561
f 1932/3690/560 187/1934/561 1060/2813/562
f 1932/3690/560 1060/2813/562 1059/2812/559
f 1932/3690/560 1059/2812/559 186/1933/558
f 1933/3691/563 187/1934/561 188/1935/564
f 1933/3691/563 188/1935/564 1061/2814/565
f 1933/3691/563 1061/2814/565 1060/2813/562
f 1933/3691/563 1060/2813/562 187/1934/561
f 1934/3692/566 188/1935/564 189/1936/567
f 1934/3692/566 189/1936/567 1062/2815/568
f 1934/3692/566 1062/2815/568 1061/2814/565
f 1934/3692/566 1061/2814/565 188/1935/564
f 1935/3693/569 189/1936/567 190/1937/570
f 1935/3693/569 190/1937/570 1063/2816/571
f 1935/3693/569 1063/2816/571 1062/2815/568
f 1935/3693/569 1062/2815/568 189/1936/567
f 1936/3694/572 190/1937/570 191/1938/573
f 1936/3694/572 191/1938/573 1064/2817/574
f 1936/3694/572 1064/2817/574 1063/2816/571
f 1936/3694/572 1063/2816/571 190/1937/570
f 1937/3695/575 191/1938/573 192/1939/576
f 1937/3695/575 192/1939/576 1065/2818/577
f 1937/3695/575 1065/2818/577 1064/2817/574
f 1937/3695/575 1064/2817/574 191/1938/573
f 1938/3696/578 192/1939/576 193/1940/579
f 1938/3696/578 193/1940/579 1066/2819/580
f 1938/3696/578 1066/2819/580 1065/2818/577
f 1938/3696/578 1065/2818/577 192/1939/576
f 1939/3697/581 193/1940/579 194/1941/582
f 1939/3697/581 194/1941/582 1067/2820/583
f 1939/3697/581 1067/2820/583 1066/2819/580
f 1939/3697/581 1066/2819/580 193/1940/579
f 1940/3698/584 194/1941/582 195/1942/585
f 1940/3698/584 195/1942/585 1068/2821/586
f 1940/3698/584 1068/2821/586 1067/2820/583
f 1940/3698/584 1067/2820/583 194/1941/582
f 1941/3699/587 195/1942/585 196/1943/588
f 1941/3699/587 196/1943/588 1069/2822/589
f 1941/3699/587 1069/2822/589 1068/2821/586
f 1941/3699/587 1068/2821/586 195/1942/585
f 1942/3700/590 196/1943/588 197/1944/591
f 1942/3700/590 197/1944/591 1070/2823/592
f 1942/3700/590 1070/2823/592 1069/2822/589
f 1942/3700/590 1069/2822/589 196/1943/588
f 1943/3701/593 197/1944/591 198/1945/594
f 1943/3701/593 198/1945/594 1071/2824/595
f 1943/3701/593 1071/2824/595 1070/2823/592
f 1943/3701/593 1070/2823/592 197/1944/591
f 1944/3702/596 198/1945/594 199/1946/597
f 1944/3702/596 199/1946/597 1072/2825/598
f 1944/3702/596 1072/2825/598 1071/2824/595
f 1944/3702/596 1071/2824/595 198/1945/594
f 1945/3703/599 199/1946/597 200/1947/600
f 1945/3703/599 200/1947/600 1073/2826/601
f 1945/3703/599 1073/2826/601 1072/2825/598
f 1945/3703/599 1072/2825/598 199/1946/597
f 1946/3704/602 200/1947/600 201/1948/603
f 1946/3704/602 201/1948/603 1074/2827/604
f 1946/3704/602 1074/2827/604 1073/2826/601
f 1946/3704/602 1073/2826/601 200/1947/600
f 1947/3705/605 201/1948/603 202/1949/606
f 1947/3705/605 202/1949/606 1075/2828/607
f 1947/3705/605 1075/2828/607 1074/2827/604
f 1947/3705/605 1074/2827/604 201/1948/603
f 1948/3706/608 202/1949/606 203/1950/609
f 1948/3706/608 203/1950/609 1076/2829/610
f 1948/3706/608 1076/2829/610 1075/2828/607
f 1948/3706/608 1075/2828/607 202/1949/606
f 1949/3707/611 203/1950/609 204/1951/612
f 1949/3707/611 204/1951/612 1077/2830/613
f 1949/3707/611 1077/2830/613 1076/2829/610
f 1949/3707/611 1076/2829/610 203/1950/609
f 1950/3708/614 204/1951/612 205/1952/615
f 1950/3708/614 205/1952/615 1078/2831/616
f 1950/3708/614 1078/2831/616 1077/2830/613
f 1950/3708/614 1077/2830/613 204/1951/612
f 1951/3709/617 205/1952/615 206/1953/618
f 1951/3709/617 206/1953/618 1079/2832/619
f 1951/3709/617 1079/2832/619 1078/2831/616
f 1951/3709/617 1078/2831/616 205/1952/615
f 1952/3710/620 206/1953/618 207/1954/621
f 1952/3710/620 207/1954/621 1080/2833/622
f 1952/3710/620 1080/2833/622 1079/2832/619
f 1952/3710/620 1079/2832/619 206/1953/618
f 1953/3711/623 207/1954/621 208/1955/624
f 1953/3711/623 208/1955/624 1081/2834/625
f 1953/3711/623 1081/2834/625 1080/2833/622
f 1953/3711/623 1080/2833/622 207/1954/621
f 1954/3712/626 208/1955/624 209/1956/627
f 1954/3712/626 209/1956/627 1082/2835/628
f 1954/3712/626 1082/2835/628 1081/2834/625
f 1954/3712/626 1081/2834/625 208/1955/624
f 1955/3713/629 209/1956/627 210/1957/630
f 1955/3713/629 210/1957/630 1083/2836/631
f 1955/3713/629 1083/2836/631 1082/2835/628
f 1955/3713/629 1082/2835/628 209/1956/627
f 1956/3714/632 210/1957/630 211/1958/633
f 1956/3714/632 211/1958/633 1084/2837/634
f 1956/3714/632 1084/2837/634 1083/2836/631
f 1956/3714/632 1083/2836/631 210/1957/630
f 1957/3715/635 211/1958/633 212/1959/636
f 1957/3715/635 212/1959/636 1085/2838/637
f 1957/3715/635 1085/2838/637 1084/2837/634
f 1957/3715/635 1084/2837/634 211/1958/633
f 1958/3716/638 212/1959/636 213/1960/639
f 1958/3716/638 213/1960/639 1086/2839/640
f 1958/3716/638 1086/2839/640 1085/2838/637
f 1958/3716/638 1085/2838/637 212/1959/636
f 1959/3717/641 213/1960/639 214/1961/642
f 1959/3717/641 214/1961/642 1087/2840/643
f 1959/3717/641 1087/2840/643 1086/2839/640
f 1959/3717/641 1086/2839/640 213/1960/639
f 1960/3718/644 214/1961/642 215/1962/645
f 1960/3718/644 215/1962/645 1088/2841/646
f 1960/3718/644 1088/2841/646 1087/2840/643
f 1960/3718/644 1087/2840/643 214/1961/642
f 1961/3719/647 215/1962/645 216/1963/648
f 1961/3719/647 216/1963/648 1089/2842/649
f 1961/3719/647 1089/2842/649 1088/2841/646
f 1961/3719/647 1088/2841/646 215/1962/645
f 1962/3720/650 216/1963/648 217/1964/651
f 1962/3720/650 217/1964/651 1090/2843/652
f 1962/3720/650 1090/2843/652 1089/2842/649
f 1962/3720/650 1089/2842/649 216/1963/648
f 1963/3721/653 217/1964/651 218/1965/654
f 1963/3721/653 218/1965/654 1091/2844/655
f 1963/3721/653 1091/2844/655 1090/2843/652
f 1963/3721/653 1090/2843/652 217/1964/651
f 1964/3722/656 218/1965/654 219/1966/657
f 1964/3722/656 219/1966/657 1092/2845/658
f 1964/3722/656 1092/2845/658 1091/2844/655
f 1964/3722/656 1091/2844/655 218/1965/654
f 1965/3723/659 219/1966/657 220/1967/660
f 1965/3723/659 220/1967/660 1093/2846/661
f 1965/3723/659 1093/2846/661 1092/2845/658
f 1965/3723/659 1092/2845/658 219/1966/657
f 1966/3724/662 220/1967/660 221/1968/663
f 1966/3724/662 221/1968/663 1094/2847/664
f 1966/3724/662 1094/2847/664 1093/2846/661
f 1966/3724/662 1093/2846/661 220/1967/660
f 1967/3725/665 221/1968/663 222/1969/666
f 1967/3725/665 222/1969/666 1095/2848/667
f 1967/3725/665 1095/2848/667 1094/2847/664
f 1967/3725/665 1094/2847/664 221/1968/663
f 1968/3726/668 222/1969/666 223/1970/669
f 1968/3726/668 223/1970/669 1096/2849/670
f 1968/3726/668 1096/2849/670 1095/2848/667
f 1968/3726/668 1095/2848/667 222/1969/666
f 1969/3727/671 223/1970/669 224/1971/672
f 1969/3727/671 224/1971/672 1097/2850/673
f 1969/3727/671 1097/2850/673 1096/2849/670
f 1969/3727/671 1096/2849/670 223/1970/669
f 1970/3728/674 224/1971/672 225/1972/675
f 1970/3728/674 225/1972/675 1098/2851/676
f 1970/3728/674 1098/2851/676 1097/2850/673
f 1970/3728/674 1097/2850/673 224/1971/672
f 1971/3729/677 225/1972/675 226/1973/678
f 1971/3729/677 226/1973/678 1099/2852/679
f 1971/3729/677 1099/2852/679 1098/2851/676
f 1971/3729/677 1098/2851/676 225/1972/675
f 1972/3730/680 226/1973/678 227/1974/681
f 1972/3730/680 227/1974/681 1100/2853/682
f 1972/3730/680 1100/2853/682 1099/2852/679
f 1972/3730/680 1099/2852/679 226/1973/678
f 1973/3731/683 227/1974/681 228/1975/684
f 1973/3731/683 228/1975/684 1101/2854/685
f 1973/3731/683 1101/2854/685 1100/2853/682
f 1973/3731/683 1100/2853/682 227/1974/681
f 1974/3732/686 228/1975/684 229/1976/687
f 1974/3732/686 229/1976/687 1102/2855/688
f 1974/3732/686 1102/2855/688 1101/2854/685
f 1974/3732/686 1101/2854/685 228/1975/684
f 1975/3733/689 229/1976/687 230/1977/690
f 1975/3733/689 230/1977/690 1103/2856/691
f 1975/3733/689 1103/2856/691 1102/2855/688
f 1975/3733/689 1102/2855/688 229/1976/687
f 1976/3734/692 230/1977/690 231/1978/693
f 1976/3734/692 231/1978/693 1104/2857/694
f 1976/3734/692 1104/2857/694 1103/2856/691
f 1976/3734/692 1103/2856/691 230/1977/690
f 1977/3735/695 231/1978/693 232/1979/696
f 1977/3735/695 232/1979/696 1105/2858/697
f 1977/3735/695 1105/2858/697 1104/2857/694
f 1977/3735/695 1104/2857/694 231/1978/693
f 1978/3736/698 232/1979/696 233/1980/699
f 1978/3736/698 233/1980/699 1106/2859/700
f 1978/3736/698 1106/2859/700 1105/2858/697
f 1978/3736/698 1105/2858/697 232/1979/696
f 1979/3737/701 233/1980/699 234/1981/702
f 1979/3737/701 234/1981/702 1107/2860/703
f 1979/3737/701 1107/2860/703 1106/2859/700
f 1979/3737/701 1106/2859/700 233/1980/699
f 1980/3738/704 234/1981/702 235/1982/705
f 1980/3738/704 235/1982/705 1108/2861/706
f 1980/3738/704 1108/2861/706 1107/2860/703
f 1980/3738/704 1107/2860/703 234/1981/702
f 1981/3739/707 235/1982/705 236/1983/708
f 1981/3739/707 236/1983/708 1109/2862/709
f 1981/3739/707 1109/2862/709 1108/2861/706
f 1981/3739/707 1108/2861/706 235/1982/705
f 1982/3740/710 236/1983/708 237/1984/711
f 1982/3740/710 237/1984/711 1110/2863/712
f 1982/3740/710 1110/2863/712 1109/2862/709
f 1982/3740/710 1109/2862/709 236/1983/708
f 1983/3741/713 237/1984/711 238/1985/714
f 1983/3741/713 238/1985/714 1111/2864/715
f 1983/3741/713 1111/2864/715 1110/2863/712
f 1983/3741/713 1110/2863/712 237/1984/711
f 1984/3742/716 238/1985/714 239/1986/717
f 1984/3742/716 239/1986/717 1112/2865/718
f 1984/3742/716 1112/2865/718 1111/2864/715
f 1984/3742/716 1111/2864/715 238/1985/714
f 1985/3743/719 239/1986/717 240/1987/720
f 1985/3743/719 240/1987/720 1113/2866/721
f 1985/3743/719 1113/2866/721 1112/2865/718
f 1985/3743/719 1112/2865/718 239/1986/717
f 1986/3744/722 240/1987/720 241/1988/723
f 1986/3744/722 241/1988/723 1114/2867/724
f 1986/3744/722 1114/2867/724 1113/2866/721
f 1986/3744/722 1113/2866/721 240/1987/720
f 1987/3745/725 241/1988/723 242/1989/726
f 1987/3745/725 242/1989/726 1115/2868/727
f 1987/3745/725 1115/2868/727 1114/2867/724
f 1987/3745/725 1114/2867/724 241/1988/723
f 1988/3746/728 242/1989/726 243/1990/729
f 1988/3746/728 243/1990/729 1116/2869/730
f 1988/3746/728 1116/2869/730 1115/2868/727
f 1988/3746/728 1115/2868/727 242/1989/726
f 1989/3747/731 243/1990/729 244/1991/732
f 1989/3747/731 244/1991/732 1117/2870/733
f 1989/3747/731 1117/2870/733 1116/2869/730
f 1989/3747/731 1116/2869/730 243/1990/729
f 1990/3748/734 244/1991/732 245/1992/735
f 1990/3748/734 245/1992/735 1118/2871/736
f 1990/3748/734 1118/2871/736 1117/2870/733
f 1990/3748/734 1117/2870/733 244/1991/732
f 1991/3749/737 245/1992/735 246/1993/738
f 1991/3749/737 246/1993/738 1119/2872/739
f 1991/3749/737 1119/2872/739 1118/2871/736
f 1991/3749/737 1118/2871/736 245/1992/735
f 1992/3750/740 246/1993/738 247/1994/741
f 1992/3750/740 247/1994/741 1120/2873/742
f 1992/3750/740 1120/2873/742 1119/2872/739
f 1992/3750/740 1119/2872/739 246/1993/738
f 1993/3751/743 247/1994/741 248/1995/744
f 1993/3751/743 248/1995/744 1121/2874/745
f 1993/3751/743 1121/2874/745 1120/2873/742
f 1993/3751/743 1120/2873/742 247/1994/741
f 1994/3752/746 248/1995/744 249/1996/747
f 1994/3752/746 249/1996/747 1122/2875/748
f 1994/3752/746 1122/2875/748 1121/2874/745
f 1994/3752/746 1121/2874/745 248/1995/744
f 1995/3753/749 249/1996/747 250/1997/750
f 1995/3753/749 250/1997/750 1123/2876/751
f 1995/3753/749 1123/2876/751 1122/2875/748
f 1995/3753/749 1122/2875/748 249/1996/747
f 1996/3754/752 250/1997/750 251/1998/753
f 1996/3754/752 251/1998/753 1124/2877/754
f 1996/3754/752 1124/2877/754 1123/2876/751
f 1996/3754/752 1123/2876/751 250/1997/750
f 1997/3755/755 251/1998/753 252/1999/756
f 1997/3755/755 252/1999/756 1125/2878/757
f 1997/3755/755 1125/2878/757 1124/2877/754
f 1997/3755/755 1124/2877/754 251/1998/753
f 1998/3756/758 252/1999/756 253/2000/759
f 1998/3756/758 253/2000/759 1126/2879/760
f 1998/3756/758 1126/2879/760 1125/2878/757
f 1998/3756/758 1125/2878/757 252/1999/756
f 1999/3757/761 253/2000/759 254/2001/762
f 1999/3757/761 254/2001/762 1127/2880/763
f 1999/3757/761 1127/2880/763 1126/2879/760
f 1999/3757/761 1126/2879/760 253/2000/759
f 2000/3758/764 254/2001/762 255/2002/765
f 2000/3758/764 255/2002/765 1128/2881/766
f 2000/3758/764 1128/2881/766 1127/2880/763
f 2000/3758/764 1127/2880/763 254/2001/762
f 2001/3759/767 255/2002/765 256/2003/768
f 2001/3759/767 256/2003/768 1129/2882/769
f 2001/3759/767 1129/2882/769 1128/2881/766
f 2001/3759/767 1128/2881/766 255/2002/765
f 2002/3760/770 256/2003/768 257/2004/771
f 2002/3760/770 257/2004/771 1130/2883/772
f 2002/3760/770 1130/2883/772 1129/2882/769
f 2002/3760/770 1129/2882/769 256/2003/768
f 2003/3761/773 257/2004/771 258/2005/774
f 2003/3761/773 258/2005/774 1131/2884/775
f 2003/3761/773 1131/2884/775 1130/2883/772
f 2003/3761/773 1130/2883/772 257/2004/771
f 2004/3762/776 258/2005/774 259/2006/777
f 2004/3762/776 259/2006/777 1132/2885/778
f 2004/3762/776 1132/2885/778 1131/2884/775
f 2004/3762/776 1131/2884/775 258/2005/774
f 2005/3763/779 259/2006/777 260/2007/780
f 2005/3763/779 260/2007/780 1133/2886/781
f 2005/3763/779 1133/2886/781 1132/2885/778
f 2005/3763/779 1132/2885/778 259/2006/777
f 2006/3764/782 260/2007/780 261/2008/783
f 2006/3764/782 261/2008/783 1134/2887/784
f 2006/3764/782 1134/2887/784 1133/2886/781
f 2006/3764/782 1133/2886/781 260/2007/780
f 2007/3765/785 261/2008/783 262/2009/786
f 2007/3765/785 262/2009/786 1135/2888/787
f 2007/3765/785 1135/2888/787 1134/2887/784
f 2007/3765/785 1134/2887/784 261/2008/783
f 2008/3766/788 262/2009/786 263/2010/789
f 2008/3766/788 263/2010/789 1136/2889/790
f 2008/3766/788 1136/2889/790 1135/2888/787
f 2008/3766/788 1135/2888/787 262/2009/786
f 2009/3767/791 263/2010/789 264/2011/792
f 2009/3767/791 264/2011/792 1137/2890/793
f 2009/3767/791 1137/2890/793 1136/2889/790
f 2009/3767/791 1136/2889/790 263/2010/789
f 2010/3768/794 264/2011/792 265/2012/795
f 2010/3768/794 265/2012/795 1138/2891/796
f 2010/3768/794 1138/2891/796 1137/2890/793
f 2010/3768/794 1137/2890/793 264/2011/792
f 2011/3769/797 265/2012/795 266/2013/798
f 2011/3769/797 266/2013/798 1139/2892/799
f 2011/3769/797 1139/2892/799 1138/2891/796
f 2011/3769/797 1138/2891/796 265/2012/795
f 2012/3770/800 266/2013/798 267/2014/801
f 2012/3770/800 267/2014/801 1140/2893/802
f 2012/3770/800 1140/2893/802 1139/2892/799
f 2012/3770/800 1139/2892/799 266/2013/798
f 2013/3771/803 267/2014/801 268/2015/804
f 2013/3771/803 268/2015/804 1141/2894/805
f 2013/3771/803 1141/2894/805 1140/2893/802
f 2013/3771/803 1140/2893/802 267/2014/801
f 2014/3772/806 268/2015/804 269/2016/807
f 2014/3772/806 269/2016/807 1142/2895/808
f 2014/3772/806 1142/2895/808 1141/2894/805
f 2014/3772/806 1141/2894/805 268/2015/804
f 2015/3773/809 269/2016/807 270/2017/810
f 2015/3773/809 270/2017/810 1143/2896/811
f 2015/3773/809 1143/2896/811 1142/2895/808
f 2015/3773/809 1142/2895/808 269/2016/807
f 2016/3774/812 270/2017/810 271/2018/813
f 2016/3774/812 271/2018/813 1144/2897/814
f 2016/3774/812 1144/2897/814 1143/2896/811
f 2016/3774/812 1143/2896/811 270/2017/810
f 2017/3775/815 271/2018/813 272/2019/816
f 2017/3775/815 272/2019/816 1145/2898/817
f 2017/3775/815 1145/2898/817 1144/2897/814
f 2017/3775/815 1144/2897/814 271/2018/813
f 2018/3776/818 272/2019/816 273/2020/819
f 2018/3776/818 273/2020/819 1146/2899/820
f 2018/3776/818 1146/2899/820 1145/2898/817
f 2018/3776/818 1145/2898/817 272/2019/816
f 2019/3777/821 273/2020/819 274/2021/822
f 2019/3777/821 274/2021/822 1147/2900/823
f 2019/3777/821 1147/2900/823 1146/2899/820
f 2019/3777/821 1146/2899/820 273/2020/819
f 2020/3778/824 274/2021/822 275/2022/825
f 2020/3778/824 275/2022/825 1148/2901/826
f 2020/3778/824 1148/2901/826 1147/2900/823
f 2020/3778/824 1147/2900/823 274/2021/822
f 2021/3779/827 275/2022/825 276/2023/828
f 2021/3779/827 276/2023/828 1149/2902/829
f 2021/3779/827 1149/2902/829 1148/2901/826
f 2021/3779/827 1148/2901/826 275/2022/825
f 2022/3780/830 276/2023/828 277/2024/831
f 2022/3780/830 277/2024/831 1150/2903/832
f 2022/3780/830 1150/2903/832 1149/2902/829
f 2022/3780/830 1149/2902/829 276/2023/828
f 2023/3781/833 277/2024/831 278/2025/834
f 2023/3781/833 278/2025/834 1151/2904/835
f 2023/3781/833 1151/2904/835 1150/2903/832
f 2023/3781/833 1150/2903/832 277/2024/831
f 2024/3782/836 278/2025/834 279/2026/837
f 2024/3782/836 279/2026/837 1152/2905/838
f 2024/3782/836 1152/2905/838 1151/2904/835
f 2024/3782/836 1151/2904/835 278/2025/834
f 2025/3783/839 279/2026/837 280/2027/840
f 2025/3783/839 280/2027/840 1153/2906/841
f 2025/3783/839 1153/2906/841 1152/2905/838
f 2025/3783/839 1152/2905/838 279/2026/837
f 2026/3784/842 280/2027/840 281/2028/843
f 2026/3784/842 281/2028/843 1154/2907/844
f 2026/3784/842 1154/2907/844 1153/2906/841
f 2026/3784/842 1153/2906/841 280/2027/840
f 2027/3785/845 281/2028/843 282/2029/846
f 2027/3785/845 282/2029/846 1155/2908/847
f 2027/3785/845 1155/2908/847 1154/2907/844
f 2027/3785/845 1154/2907/844 281/2028/843
f 2028/3786/848 282/2029/846 283/2030/849
f 2028/3786/848 283/2030/849 1156/2909/850
f 2028/3786/848 1156/2909/850 1155/2908/847
f 2028/3786/848 1155/2908/847 282/2029/846
f 2029/3787/851 283/2030/849 284/2031/852
f 2029/3787/851 284/2031/852 1157/2910/853
f 2029/3787/851 1157/2910/853 1156/2909/850
f 2029/3787/851 1156/2909/850 283/2030/849
f 2030/3788/854 284/2031/852 285/2032/855
f 2030/3788/854 285/2032/855 1158/2911/856
f 2030/3788/854 1158/2911/856 1157/2910/853
f 2030/3788/854 1157/2910/853 284/2031/852
f 2031/3789/857 285/2032/855 286/2033/858
f 2031/3789/857 286/2033/858 1159/2912/859
f 2031/3789/857 1159/2912/859 1158/2911/856
f 2031/3789/857 1158/2911/856 285/2032/855
f 2032/3790/860 286/2033/858 287/2034/861
f 2032/3790/860 287/2034/861 1160/2913/862
f 2032/3790/860 1160/2913/862 1159/2912/859
f 2032/3790/860 1159/2912/859 286/2033/858
f 2033/3791/863 287/2034/861 288/2035/864
f 2033/3791/863 288/2035/864 1161/2914/865
f 2033/3791/863 1161/2914/865 1160/2913/862
f 2033/3791/863 1160/2913/862 287/2034/861
f 2034/3792/866 288/2035/864 289/2036/867
f 2034/3792/866 289/2036/867 1162/2915/868
f 2034/3792/866 1162/2915/868 1161/2914/865
f 2034/3792/866 1161/2914/865 288/2035/864
f 2035/3793/869 289/2036/867 290/2037/870
f 2035/3793/869 290/2037/870 1163/2916/871
f 2035/3793/869 1163/2916/871 1162/2915/868
f 2035/3793/869 1162/2915/868 289/2036/867
f 2036/3794/872 290/2037/870 291/2038/873
f 2036/3794/872 291/2038/873 1164/2917/874
f 2036/3794/872 1164/2917/874 1163/2916/871
f 2036/3794/872 1163/2916/871 290/2037/870
f 2037/3795/875 291/2038/873 292/2039/876
f 2037/3795/875 292/2039/876 1165/2918/877
f 2037/3795/875 1165/2918/877 1164/2917/874
f 2037/3795/875 1164/2917/874 291/2038/873
f 2038/3796/878 292/2039/876 293/2040/879
f 2038/3796/878 293/2040/879 1166/2919/880
f 2038/3796/878 1166/2919/880 1165/2918/877
f 2038/3796/878 1165/2918/877 292/2039/876
f 2039/3797/881 293/2040/879 294/2041/882
f 2039/3797/881 294/2041/882 1167/2920/883
f 2039/3797/881 1167/2920/883 1166/2919/880
f 2039/3797/881 1166/2919/880 293/2040/879
f 2040/3798/884 294/2041/882 295/2042/885
f 2040/3798/884 295/2042/885 1168/2921/886
f 2040/3798/884 1168/2921/886 1167/2920/883
f 2040/3798/884 1167/2920/883 294/2041/882
f 2041/3799/887 295/2042/885 296/2043/888
f 2041/3799/887 296/2043/888 1169/2922/889
f 2041/3799/887 1169/2922/889 1168/2921/886
f 2041/3799/887 1168/2921/886 295/2042/885
f 2042/3800/890 296/2043/888 297/2044/891
f 2042/3800/890 297/2044/891 1170/2923/892
f 2042/3800/890 1170/2923/892 1169/2922/889
f 2042/3800/890 1169/2922/889 296/2043/888
f 2043/3801/893 297/2044/891 298/2045/894
f 2043/3801/893 298/2045/894 1171/2924/895
f 2043/3801/893 1171/2924/895 1170/2923/892
f 2043/3801/893 1170/2923/892 297/2044/891
f 2044/3802/896 298/2045/894 299/2046/897
f 2044/3802/896 299/2046/897 1172/2925/898
f 2044/3802/896 1172/2925/898 1171/2924/895
f 2044/3802/896 1171/2924/895 298/2045/894
f 2045/3803/899 299/2046/897 300/2047/900
f 2045/3803/899 300/2047/900 1173/2926/901
f 2045/3803/899 1173/2926/901 1172/2925/898
f 2045/3803/899 1172/2925/898 299/2046/897
f 2046/3804/902 300/2047/900 301/2048/903
f 2046/3804/902 301/2048/903 1174/2927/904
f 2046/3804/902 1174/2927/904 1173/2926/901
f 2046/3804/902 1173/2926/901 300/2047/900
f 2047/3805/905 301/2048/903 302/2049/906
f 2047/3805/905 302/2049/906 1175/2928/907
f 2047/3805/905 1175/2928/907 1174/2927/904
f 2047/3805/905 1174/2927/904 301/2048/903
f 2048/3806/908 302/2049/906 303/2050/909
f 2048/3806/908 303/2050/909 1176/2929/910
f 2048/3806/908 1176/2929/910 1175/2928/907
f 2048/3806/908 1175/2928/907 302/2049/906
f 2049/3807/911 303/2050/909 304/2051/912
f 2049/3807/911 304/2051/912 1177/2930/913
f 2049/3807/911 1177/2930/913 1176/2929/910
f 2049/3807/911 1176/2929/910 303/2050/909
f 2050/3808/914 304/2051/912 305/2052/915
f 2050/3808/914 305/2052/915 1178/2931/916
f 2050/3808/914 1178/2931/916 1177/2930/913
f 2050/3808/914 1177/2930/913 304/2051/912
f 2051/3809/917 305/2052/915 306/2053/918
f 2051/3809/917 306/2053/918 1179/2932/919
f 2051/3809/917 1179/2932/919 1178/2931/916
f 2051/3809/917 1178/2931/916 305/2052/915
f 2052/3810/920 306/2053/918 307/2054/921
f 2052/3810/920 307/2054/921 1180/2933/922
f 2052/3810/920 1180/2933/922 1179/2932/919
f 2052/3810/920 1179/2932/919 306/2053/918
f 2053/3811/923 307/2054/921 308/2055/924
f 2053/3811/923 308/2055/924 1181/2934/925
f 2053/3811/923 1181/2934/925 1180/2933/922
f 2053/3811/923 1180/2933/922 307/2054/921
f 2054/3812/926 308/2055/924 309/2056/927
f 2054/3812/926 309/2056/927 1182/2935/928
f 2054/3812/926 1182/2935/928 1181/2934/925
f 2054/3812/926 1181/2934/925 308/2055/924
f 2055/3813/929 309/2056/927 310/2057/930
f 2055/3813/929 310/2057/930 1183/2936/931
f 2055/3813/929 1183/2936/931 1182/2935/928
f 2055/3813/929 1182/2935/928 309/2056/927
f 2056/3814/932 310/2057/930 311/2058/933
f 2056/3814/932 311/2058/933 1184/2937/934
f 2056/3814/932 1184/2937/934 1183/2936/931
f 2056/3814/932 1183/2936/931 310/2057/930
f 2057/3815/935 311/2058/933 312/2059/936
f 2057/3815/935 312/2059/936 1185/2938/937
f 2057/3815/935 1185/2938/937 1184/2937/934
f 2057/3815/935 1184/2937/934 311/2058/933
f 2058/3816/938 312/2059/936 313/2060/939
f 2058/3816/938 313/2060/939 1186/2939/940
f 2058/3816/938 1186/2939/940 1185/2938/937
f 2058/3816/938 1185/2938/937 312/2059/936
f 2059/3817/941 313/2060/939 314/2061/942
f 2059/3817/941 314/2061/942 1187/2940/943
f 2059/3817/941 1187/2940/943 1186/2939/940
f 2059/3817/941 1186/2939/940 313/2060/939
f 2060/3818/944 314/2061/942 315/2062/945
f 2060/3818/944 315/2062/945 1188/2941/946
f 2060/3818/944 1188/2941/946 1187/2940/943
f 2060/3818/944 1187/2940/943 314/2061/942
f 2061/3819/947 315/2062/945 316/2063/948
f 2061/3819/947 316/2063/948 1189/2942/949
f 2061/3819/947 1189/2942/949 1188/2941/946
f 2061/3819/947 1188/2941/946 315/2062/945
f 2062/3820/950 316/2063/948 317/2064/951
f 2062/3820/950 317/2064/951 1190/2943/952
f 2062/3820/950 1190/2943/952 1189/2942/949
f 2062/3820/950 1189/2942/949 316/2063/948
f 2063/3821/953 317/2064/951 318/2065/954
f 2063/3821/953 318/2065/954 1191/2944/955
f 2063/3821/953 1191/2944/955 1190/2943/952
f 2063/3821/953 1190/2943/952 317/2064/951
f 2064/3822/956 318/2066/954 319/2067/957
f 2064/3822/956 319/2067/957 1192/2946/958
f 2064/3822/956 1192/2946/958 1191/2945/955
f 2064/3822/956 1191/2945/955 318/2066/954
f 2065/3823/959 319/2067/957 320/2068/960
f 2065/3823/959 320/2068/960 1193/2947/961
f 2065/3823/959 1193/2947/961 1192/2946/958
f 2065/3823/959 1192/2946/958 319/2067/957
f 2066/3824/962 320/2068/960 321/2069/963
f 2066/3824/962 321/2069/963 1194/2948/964
f 2066/3824/962 1194/2948/964 1193/2947/961
f 2066/3824/962 1193/2947/961 320/2068/960
f 2067/3825/965 321/2069/963 322/2070/966
f 2067/3825/965 322/2070/966 1195/2949/967
f 2067/3825/965 1195/2949/967 1194/2948/964
f 2067/3825/965 1194/2948/964 321/2069/963
f 2068/3826/968 322/2070/966 323/2071/969
f 2068/3826/968 323/2071/969 1196/2950/970
f 2068/3826/968 1196/2950/970 1195/2949/967
f 2068/3826/968 1195/2949/967 322/2070/966
f 2069/3827/971 323/2071/969 324/2072/972
f 2069/3827/971 324/2072/972 1197/2951/973
f 2069/3827/971 1197/2951/973 1196/2950/970
f 2069/3827/971 1196/2950/970 323/2071/969
f 2070/3828/974 324/2072/972 325/2073/975
f 2070/3828/974 325/2073/975 1198/2952/976
f 2070/3828/974 1198/2952/976 1197/2951/973
f 2070/3828/974 1197/2951/973 324/2072/972
f 2071/3829/977 325/2073/975 326/2074/978
f 2071/3829/977 326/2074/978 1199/2953/979
f 2071/3829/977 1199/2953/979 1198/2952/976
f 2071/3829/977 1198/2952/976 325/2073/975
f 2072/3830/980 326/2074/978 327/2075/981
f 2072/3830/980 327/2075/981 1200/2954/982
f 2072/3830/980 1200/2954/982 1199/2953/979
f 2072/3830/980 1199/2953/979 326/2074/978
f 2073/3831/983 327/2075/981 328/2076/984
f 2073/3831/983 328/2076/984 1201/2955/985
f 2073/3831/983 1201/2955/985 1200/2954/982
f 2073/3831/983 1200/2954/982 327/2075/981
f 2074/3832/986 328/2076/984 329/2077/987
f 2074/3832/986 329/2077/987 1202/2956/988
f 2074/3832/986 1202/2956/988 1201/2955/985
f 2074/3832/986 1201/2955/985 328/2076/984
f 2075/3833/989 329/2077/987 330/2078/990
f 2075/3833/989 330/2078/990 1203/2957/991
f 2075/3833/989 1203/2957/991 1202/2956/988
f 2075/3833/989 1202/2956/988 329/2077/987
f 2076/3834/992 330/2078/990 331/2079/993
f 2076/3834/992 331/2079/993 1204/2958/994
f 2076/3834/992 1204/2958/994 1203/2957/991
f 2076/3834/992 1203/2957/991 330/2078/990
f 2077/3835/995 331/2079/993 332/2080/996
f 2077/3835/995 332/2080/996 1205/2959/997
f 2077/3835/995 1205/2959/997 1204/2958/994
f 2077/3835/995 1204/2958/994 331/2079/993
f 2078/3836/998 332/2080/996 333/2081/999
f 2078/3836/998 333/2081/999 1206/2960/1000
f 2078/3836/998 1206/2960/1000 1205/2959/997
f 2078/3836/998 1205/2959/997 332/2080/996
f 2079/3837/1001 333/2081/999 334/2082/1002
f 2079/3837/1001 334/2082/1002 1207/2961/1003
f 2079/3837/1001 1207/2961/1003 1206/2960/1000
f 2079/3837/1001 1206/2960/1000 333/2081/999
f 2080/3838/1004 334/2082/1002 335/2083/1005
f 2080/3838/1004 335/2083/1005 1208/2962/1006
f 2080/3838/1004 1208/2962/1006 1207/2961/1003
f 2080/3838/1004 1207/2961/1003 334/2082/1002
f 2081/3839/1007 335/2083/1005 336/2084/1008
f 2081/3839/1007 336/2084/1008 1209/2963/1009
f 2081/3839/1007 1209/2963/1009 1208/2962/1006
f 2081/3839/1007 1208/2962/1006 335/2083/1005
f 2082/3840/1010 336/2084/1008 337/2085/1011
f 2082/3840/1010 337/2085/1011 1210/2964/1012
f 2082/3840/1010 1210/2964/1012 1209/2963/1009
f 2082/3840/1010 1209/2963/1009 336/2084/1008
f 2083/3841/1013 337/2085/1011 338/2086/1014
f 2083/3841/1013 338/2086/1014 1211/2965/1015
f 2083/3841/1013 1211/2965/1015 1210/2964/1012
f 2083/3841/1013 1210/2964/1012 337/2085/1011
f 2084/3842/1016 338/2086/1014 339/2087/1017
f 2084/3842/1016 339/2087/1017 1212/2966/1018
f 2084/3842/1016 1212/2966/1018 1211/2965/1015
f 2084/3842/1016 1211/2965/1015 338/2086/1014
f 2085/3843/1019 339/2087/1017 340/2088/1020
f 2085/3843/1019 340/2088/1020 1213/2967/1021
f 2085/3843/1019 1213/2967/1021 1212/2966/1018
f 2085/3843/1019 1212/2966/1018 339/2087/1017
f 2086/3844/1022 340/2088/1020 341/2089/1023
f 2086/3844/1022 341/2089/1023 1214/2968/1024
f 2086/3844/1022 1214/2968/1024 1213/2967/1021
f 2086/3844/1022 1213/2967/1021 340/2088/1020
f 2087/3845/1025 341/2089/1023 342/2090/1026
f 2087/3845/1025 342/2090/1026 1215/2969/1027
f 2087/3845/1025 1215/2969/1027 1214/2968/1024
f 2087/3845/1025 1214/2968/1024 341/2089/1023
f 2088/3846/1028 342/2090/1026 343/2091/1029
f 2088/3846/1028 343/2091/1029 1216/2970/1030
f 2088/3846/1028 1216/2970/1030 1215/2969/1027
f 2088/3846/1028 1215/2969/1027 342/2090/1026
f 2089/3847/1031 343/2091/1029 344/2092/1032
f 2089/3847/1031 344/2092/1032 1217/2971/1033
f 2089/3847/1031 1217/2971/1033 1216/2970/1030
f 2089/3847/1031 1216/2970/1030 343/2091/1029
f 2090/3848/1034 344/2092/1032 345/2093/1035
f 2090/3848/1034 345/2093/1035 1218/2972/1036
f 2090/3848/1034 1218/2972/1036 1217/2971/1033
f 2090/3848/1034 1217/2971/1033 344/2092/1032
f 2091/3849/1037 345/2093/1035 346/2094/1038
f 2091/3849/1037 346/2094/1038 1219/2973/1039
f 2091/3849/1037 1219/2973/1039 1218/2972/1036
f 2091/3849/1037 1218/2972/1036 345/2093/1035
f 2092/3850/1040 346/2094/1038 347/2095/1041
f 2092/3850/1040 347/2095/1041 1220/2974/1042
f 2092/3850/1040 1220/2974/1042 1219/2973/1039
f 2092/3850/1040 1219/2973/1039 346/2094/1038
f 2093/3851/1043 347/2095/1041 348/2096/1044
f 2093/3851/1043 348/2096/1044 1221/2975/1045
f 2093/3851/1043 1221/2975/1045 1220/2974/1042
f 2093/3851/1043 1220/2974/1042 347/2095/1041
f 2094/3852/1046 348/2096/1044 349/2097/1047
f 2094/3852/1046 349/2097/1047 1222/2976/1048
f 2094/3852/1046 1222/2976/1048 1221/2975/1045
f 2094/3852/1046 1221/2975/1045 348/2096/1044
f 2095/3853/1049 349/2097/1047 350/2098/1050
f 2095/3853/1049 350/2098/1050 1223/2977/1051
f 2095/3853/1049 1223/2977/1051 1222/2976/1048
f 2095/3853/1049 1222/2976/1048 349/2097/1047
f 2096/3854/1052 350/2098/1050 351/2099/1053
f 2096/3854/1052 351/2099/1053 1224/2978/1054
f 2096/3854/1052 1224/2978/1054 1223/2977/1051
f 2096/3854/1052 1223/2977/1051 350/2098/1050
f 2097/3855/1055 351/2099/1053 352/2100/1056
f 2097/3855/1055 352/2100/1056 1225/2979/1057
f 2097/3855/1055 1225/2979/1057 1224/2978/1054
f 2097/3855/1055 1224/2978/1054 351/2099/1053
f 2098/3856/1058 352/2100/1056 353/2101/1059
f 2098/3856/1058 353/2101/1059 1226/2980/1060
f 2098/3856/1058 1226/2980/1060 1225/2979/1057
f 2098/3856/1058 1225/2979/1057 352/2100/1056
f 2099/3857/1061 353/2101/1059 354/2102/1062
f 2099/3857/1061 354/2102/1062 1227/2981/1063
f 2099/3857/1061 1227/2981/1063 1226/2980/1060
f 2099/3857/1061 1226/2980/1060 353/2101/1059
f 2100/3858/1064 354/2102/1062 355/2103/1065
f 2100/3858/1064 355/2103/1065 1228/2982/1066
f 2100/3858/1064 1228/2982/1066 1227/2981/1063
f 2100/3858/1064 1227/2981/1063 354/2102/1062
f 2101/3859/1067 355/2103/1065 356/2104/1068
f 2101/3859/1067 356/2104/1068 1229/2983/1069
f 2101/3859/1067 1229/2983/1069 1228/2982/1066
f 2101/3859/1067 1228/2982/1066 355/2103/1065
f 2102/3860/1070 356/2104/1068 357/2105/1071
f 2102/3860/1070 357/2105/1071 1230/2984/1072
f 2102/3860/1070 1230/2984/1072 1229/2983/1069
f 2102/3860/1070 1229/2983/1069 356/2104/1068
f 2103/3861/1073 357/2105/1071 358/2106/1074
f 2103/3861/1073 358/2106/1074 1231/2985/1075
f 2103/3861/1073 1231/2985/1075 1230/2984/1072
f 2103/3861/1073 1230/2984/1072 357/2105/1071
f 2104/3862/1076 358/2106/1074 359/2107/1077
f 2104/3862/1076 359/2107/1077 1232/2986/1078
f 2104/3862/1076 1232/2986/1078 1231/2985/1075
f 2104/3862/1076 1231/2985/1075 358/2106/1074
f 2105/3863/1079 359/2107/1077 360/2108/1080
f 2105/3863/1079 360/2108/1080 1233/2987/1081
f 2105/3863/1079 1233/2987/1081 1232/2986/1078
f 2105/3863/1079 1232/2986/1078 359/2107/1077
f 2106/3864/1082 360/2108/1080 361/2109/1083
f 2106/3864/1082 361/2109/1083 1234/2988/1084
f 2106/3864/1082 1234/2988/1084 1233/2987/1081
f 2106/3864/1082 1233/2987/1081 360/2108/1080
f 2107/3865/1085 361/2109/1083 362/2110/1086
f 2107/3865/1085 362/2110/1086 1235/2989/1087
f 2107/3865/1085 1235/2989/1087 1234/2988/1084
f 2107/3865/1085 1234/2988/1084 361/2109/1083
f 2108/3866/1088 362/2110/1086 363/2111/1089
f 2108/3866/1088 363/2111/1089 1236/2990/1090
f 2108/3866/1088 1236/2990/1090 1235/2989/1087
f 2108/3866/1088 1235/2989/1087 362/2110/1086
f 2109/3867/1091 363/2111/1089 364/2112/1092
f 2109/3867/1091 364/2112/1092 1237/2991/1093
f 2109/3867/1091 1237/2991/1093 1236/2990/1090
f 2109/3867/1091 1236/2990/1090 363/2111/1089
f 2110/3868/1094 364/2112/1092 365/2113/1095
f 2110/3868/1094 365/2113/1095 1238/2992/1096
f 2110/3868/1094 1238/2992/1096 1237/2991/1093
f 2110/3868/1094 1237/2991/1093 364/2112/1092
f 2111/3869/1097 365/2113/1095 366/2114/1098
f 2111/3869/1097 366/2114/1098 1239/2993/1099
f 2111/3869/1097 1239/2993/1099 1238/2992/1096
f 2111/3869/1097 1238/2992/1096 365/2113/1095
f 2112/3870/1100 366/2114/1098 367/2115/1101
f 2112/3870/1100 367/2115/1101 1240/2994/1102
f 2112/3870/1100 1240/2994/1102 1239/2993/1099
f 2112/3870/1100 1239/2993/1099 366/2114/1098
f 2113/3871/1103 367/2115/1101 368/2116/1104
f 2113/3871/1103 368/2116/1104 1241/2995/1105
f 2113/3871/1103 1241/2995/1105 1240/2994/1102
f 2113/3871/1103 1240/2994/1102 367/2115/1101
f 2114/3872/1106 368/2116/1104 369/2117/1107
f 2114/3872/1106 369/2117/1107 1242/2996/1108
f 2114/3872/1106 1242/2996/1108 1241/2995/1105
f 2114/3872/1106 1241/2995/1105 368/2116/1104
f 2115/3873/1109 369/2117/1107 370/2118/1110
f 2115/3873/1109 370/2118/1110 1243/2997/1111
f 2115/3873/1109 1243/2997/1111 1242/2996/1108
f 2115/3873/1109 1242/2996/1108 369/2117/1107
f 2116/3874/1112 370/2118/1110 371/2119/1113
f 2116/3874/1112 371/2119/1113 1244/2998/1114
f 2116/3874/1112 1244/2998/1114 1243/2997/1111
f 2116/3874/1112 1243/2997/1111 370/2118/1110
f 2117/3875/1115 371/2119/1113 372/2120/1116
f 2117/3875/1115 372/2120/1116 1245/2999/1117
f 2117/3875/1115 1245/2999/1117 1244/2998/1114
f 2117/3875/1115 1244/2998/1114 371/2119/1113
f 2118/3876/1118 372/2120/1116 373/2121/1119
f 2118/3876/1118 373/2121/1119 1246/3000/1120
f 2118/3876/1118 1246/3000/1120 1245/2999/1117
f 2118/3876/1118 1245/2999/1117 372/2120/1116
f 2119/3877/1121 373/2121/1119 374/2122/1122
f 2119/3877/1121 374/2122/1122 1247/3001/1123
f 2119/3877/1121 1247/3001/1123 1246/3000/1120
f 2119/3877/1121 1246/3000/1120 373/2121/1119
f 2120/3878/1124 374/2122/1122 375/2123/1125
f 2120/3878/1124 375/2123/1125 1248/3002/1126
f 2120/3878/1124 1248/3002/1126 1247/3001/1123
f 2120/3878/1124 1247/3001/1123 374/2122/1122
f 2121/3879/1127 375/2123/1125 376/2124/1128
f 2121/3879/1127 376/2124/1128 1249/3003/1129
f 2121/3879/1127 1249/3003/1129 1248/3002/1126
f 2121/3879/1127 1248/3002/1126 375/2123/1125
f 2122/3880/1130 376/2124/1128 377/2125/1131
f 2122/3880/1130 377/2125/1131 1250/3004/1132
f 2122/3880/1130 1250/3004/1132 1249/3003/1129
f 2122/3880/1130 1249/3003/1129 376/2124/1128
f 2123/3881/1133 377/2125/1131 378/2126/1134
f 2123/3881/1133 378/2126/1134 1251/3005/1135
f 2123/3881/1133 1251/3005/1135 1250/3004/1132
f 2123/3881/1133 1250/3004/1132 377/2125/1131
f 2124/3882/1136 378/2126/1134 379/2127/1137
f 2124/3882/1136 379/2127/1137 1252/3006/1138
f 2124/3882/1136 1252/3006/1138 1251/3005/1135
f 2124/3882/1136 1251/3005/1135 378/2126/1134
f 2125/3883/1139 379/2127/1137 380/2128/1140
f 2125/3883/1139 380/2128/1140 1253/3007/1141
f 2125/3883/1139 1253/3007/1141 1252/3006/1138
f 2125/3883/1139 1252/3006/1138 379/2127/1137
f 2126/3884/1142 380/2128/1140 381/2129/1143
f 2126/3884/1142 381/2129/1143 1254/3008/1144
f 2126/3884/1142 1254/3008/1144 1253/3007/1141
f 2126/3884/1142 1253/3007/1141 380/2128/1140
f 2127/3885/1145 381/2129/1143 382/2130/1146
f 2127/3885/1145 382/2130/1146 1255/3009/1147
f 2127/3885/1145 1255/3009/1147 1254/3008/1144
f 2127/3885/1145 1254/3008/1144 381/2129/1143
f 2128/3886/1148 382/2130/1146 383/2131/1149
f 2128/3886/1148 383/2131/1149 1256/3010/1150
f 2128/3886/1148 1256/3010/1150 1255/3009/1147
f 2128/3886/1148 1255/3009/1147 382/2130/1146
f 2129/3887/1151 383/2131/1149 384/2132/1152
f 2129/3887/1151 384/2132/1152 1257/3011/1153
f 2129/3887/1151 1257/3011/1153 1256/3010/1150
f 2129/3887/1151 1256/3010/1150 383/2131/1149
f 2130/3888/1154 384/2132/1152 385/2133/1155
f 2130/3888/1154 385/2133/1155 1258/3012/1156
f 2130/3888/1154 1258/3012/1156 1257/3011/1153
f 2130/3888/1154 1257/3011/1153 384/2132/1152
f 2131/3889/1157 385/2133/1155 386/2134/1158
f 2131/3889/1157 386/2134/1158 1259/3013/1159
f 2131/3889/1157 1259/3013/1159 1258/3012/1156
f 2131/3889/1157 1258/3012/1156 385/2133/1155
f 2132/3890/1160 386/2134/1158 387/2135/1161
f 2132/3890/1160 387/2135/1161 1260/3014/1162
f 2132/3890/1160 1260/3014/1162 1259/3013/1159
f 2132/3890/1160 1259/3013/1159 386/2134/1158
f 2133/3891/1163 387/2135/1161 388/2136/1164
f 2133/3891/1163 388/2136/1164 1261/3015/1165
f 2133/3891/1163 1261/3015/1165 1260/3014/1162
f 2133/3891/1163 1260/3014/1162 387/2135/1161
f 2134/3892/1166 388/2136/1164 389/2137/1167
f 2134/3892/1166 389/2137/1167 1262/3016/1168
f 2134/3892/1166 1262/3016/1168 1261/3015/1165
f 2134/3892/1166 1261/3015/1165 388/2136/1164
f 2135/3893/1169 389/2137/1167 390/2138/1170
f 2135/3893/1169 390/2138/1170 1263/3017/1171
f 2135/3893/1169 1263/3017/1171 1262/3016/1168
f 2135/3893/1169 1262/3016/1168 389/2137/1167
f 2136/3894/1172 390/2138/1170 391/2139/1173
f 2136/3894/1172 391/2139/1173 1264/3018/1174
f 2136/3894/1172 1264/3018/1174 1263/3017/1171
f 2136/3894/1172 1263/3017/1171 390/2138/1170
f 2137/3895/1175 391/2139/1173 392/2140/1176
f 2137/3895/1175 392/2140/1176 1265/3019/1177
f 2137/3895/1175 1265/3019/1177 1264/3018/1174
f 2137/3895/1175 1264/3018/1174 391/2139/1173
f 2138/3896/1178 392/2140/1176 393/2141/1179
f 2138/3896/1178 393/2141/1179 1266/3020/1180
f 2138/3896/1178 1266/3020/1180 1265/3019/1177
f 2138/3896/1178 1265/3019/1177 392/2140/1176
f 2139/3897/1181 393/2141/1179 394/2142/1182
f 2139/3897/1181 394/2142/1182 1267/3021/1183
f 2139/3897/1181 1267/3021/1183 1266/3020/1180
f 2139/3897/1181 1266/3020/1180 393/2141/1179
f 2140/3898/1184 394/2142/1182 395/2143/1185
f 2140/3898/1184 395/2143/1185 1268/3022/1186
f 2140/3898/1184 1268/3022/1186 1267/3021/1183
f 2140/3898/1184 1267/3021/1183 394/2142/1182
f 2141/3899/1187 395/2143/1185 396/2144/1188
f 2141/3899/1187 396/2144/1188 1269/3023/1189
f 2141/3899/1187 1269/3023/1189 1268/3022/1186
f 2141/3899/1187 1268/3022/1186 395/2143/1185
f 2142/3900/1190 396/2144/1188 397/2145/1191
f 2142/3900/1190 397/2145/1191 1270/3024/1192
f 2142/3900/1190 1270/3024/1192 1269/3023/1189
f 2142/3900/1190 1269/3023/1189 396/2144/1188
f 2143/3901/1193 397/2145/1191 398/2146/1194
f 2143/3901/1193 398/2146/1194 1271/3025/1195
f 2143/3901/1193 1271/3025/1195 1270/3024/1192
f 2143/3901/1193 1270/3024/1192 397/2145/1191
f 2144/3902/1196 398/2146/1194 399/2147/1197
f 2144/3902/1196 399/2147/1197 1272/3026/1198
f 2144/3902/1196 1272/3026/1198 1271/3025/1195
f 2144/3902/1196 1271/3025/1195 398/2146/1194
f 2145/3903/1199 399/2147/1197 400/2148/1200
f 2145/3903/1199 400/2148/1200 1273/3027/1201
f 2145/3903/1199 1273/3027/1201 1272/3026/1198
f 2145/3903/1199 1272/3026/1198 399/2147/1197
f 2146/3904/1202 400/2148/1200 401/2149/1203
f 2146/3904/1202 401/2149/1203 1274/3028/1204
f 2146/3904/1202 1274/3028/1204 1273/3027/1201
f 2146/3904/1202 1273/3027/1201 400/2148/1200
f 2147/3905/1205 401/2149/1203 402/2150/1206
f 2147/3905/1205 402/2150/1206 1275/3029/1207
f 2147/3905/1205 1275/3029/1207 1274/3028/1204
f 2147/3905/1205 1274/3028/1204 401/2149/1203
f 2148/3906/1208 402/2150/1206 403/2151/1209
f 2148/3906/1208 403/2151/1209 1276/3030/1210
f 2148/3906/1208 1276/3030/1210 1275/3029/1207
f 2148/3906/1208 1275/3029/1207 402/2150/1206
f 2149/3907/1211 403/2151/1209 404/2152/1212
f 2149/3907/1211 404/2152/1212 1277/3031/1213
f 2149/3907/1211 1277/3031/1213 1276/3030/1210
f 2149/3907/1211 1276/3030/1210 403/2151/1209
f 2150/3908/1214 404/2152/1212 405/2153/1215
f 2150/3908/1214 405/2153/1215 1278/3032/1216
f 2150/3908/1214 1278/3032/1216 1277/3031/1213
f 2150/3908/1214 1277/3031/1213 404/2152/1212
f 2151/3909/1217 405/2153/1215 406/2154/1218
f 2151/3909/1217 406/2154/1218 1279/3033/1219
f 2151/3909/1217 1279/3033/1219 1278/3032/1216
f 2151/3909/1217 1278/3032/1216 405/2153/1215
f 2152/3910/1220 406/2154/1218 407/2155/1221
f 2152/3910/1220 407/2155/1221 1280/3034/1222
f 2152/3910/1220 1280/3034/1222 1279/3033/1219
f 2152/3910/1220 1279/3033/1219 406/2154/1218
f 2153/3911/1223 407/2155/1221 408/2156/1224
f 2153/3911/1223 408/2156/1224 1281/3035/1225
f 2153/3911/1223 1281/3035/1225 1280/3034/1222
f 2153/3911/1223 1280/3034/1222 407/2155/1221
f 2154/3912/1226 408/2156/1224 409/2157/1227
f 2154/3912/1226 409/2157/1227 1282/3036/1228
f 2154/3912/1226 1282/3036/1228 1281/3035/1225
f 2154/3912/1226 1281/3035/1225 408/2156/1224
f 2155/3913/1229 409/2157/1227 410/2158/1230
f 2155/3913/1229 410/2158/1230 1283/3037/1231
f 2155/3913/1229 1283/3037/1231 1282/3036/1228
f 2155/3913/1229 1282/3036/1228 409/2157/1227
f 2156/3914/1232 410/2158/1230 411/2159/1233
f 2156/3914/1232 411/2159/1233 1284/3038/1234
f 2156/3914/1232 1284/3038/1234 1283/3037/1231
f 2156/3914/1232 1283/3037/1231 410/2158/1230
f 2157/3915/1235 411/2159/1233 412/2160/1236
f 2157/3915/1235 412/2160/1236 1285/3039/1237
f 2157/3915/1235 1285/3039/1237 1284/3038/1234
f 2157/3915/1235 1284/3038/1234 411/2159/1233
f 2158/3916/1238 412/2160/1236 413/2161/1239
f 2158/3916/1238 413/2161/1239 1286/3040/1240
f 2158/3916/1238 1286/3040/1240 1285/3039/1237
f 2158/3916/1238 1285/3039/1237 412/2160/1236
f 2159/3917/1241 413/2161/1239 414/2162/1242
f 2159/3917/1241 414/2162/1242 1287/3041/1243
f 2159/3917/1241 1287/3041/1243 1286/3040/1240
f 2159/3917/1241 1286/3040/1240 413/2161/1239
f 2160/3918/1244 414/2162/1242 415/2163/1245
f 2160/3918/1244 415/2163/1245 1288/3042/1246
f 2160/3918/1244 1288/3042/1246 1287/3041/1243
f 2160/3918/1244 1287/3041/1243 414/2162/1242
f 2161/3919/1247 415/2163/1245 416/2164/1248
f 2161/3919/1247 416/2164/1248 1289/3043/1249
f 2161/3919/1247 1289/3043/1249 1288/3042/1246
f 2161/3919/1247 1288/3042/1246 415/2163/1245
f 2162/3920/1250 416/2164/1248 417/2165/1251
f 2162/3920/1250 417/2165/1251 1290/3044/1252
f 2162/3920/1250 1290/3044/1252 1289/3043/1249
f 2162/3920/1250 1289/3043/1249 416/2164/1248
f 2163/3921/1253 417/2165/1251 418/2166/1254
f 2163/3921/1253 418/2166/1254 1291/3045/1255
f 2163/3921/1253 1291/3045/1255 1290/3044/1252
f 2163/3921/1253 1290/3044/1252 417/2165/1251
f 2164/3922/1256 418/2166/1254 419/2167/1257
f 2164/3922/1256 419/2167/1257 1292/3046/1258
f 2164/3922/1256 1292/3046/1258 1291/3045/1255
f 2164/3922/1256 1291/3045/1255 418/2166/1254
f 2165/3923/1259 419/2167/1257 420/2168/1260
f 2165/3923/1259 420/2168/1260 1293/3047/1261
f 2165/3923/1259 1293/3047/1261 1292/3046/1258
f 2165/3923/1259 1292/3046/1258 419/2167/1257
f 2166/3924/1262 420/2168/1260 421/2169/1263
f 2166/3924/1262 421/2169/1263 1294/3048/1264
f 2166/3924/1262 1294/3048/1264 1293/3047/1261
f 2166/3924/1262 1293/3047/1261 420/2168/1260
f 2167/3925/1265 421/2169/1263 422/2170/1266
f 2167/3925/1265 422/2170/1266 1295/3049/1267
f 2167/3925/1265 1295/3049/1267 1294/3048/1264
f 2167/3925/1265 1294/3048/1264 421/2169/1263
f 2168/3926/1268 422/2170/1266 423/2171/1269
f 2168/3926/1268 423/2171/1269 1296/3050/1270
f 2168/3926/1268 1296/3050/1270 1295/3049/1267
f 2168/3926/1268 1295/3049/1267 422/2170/1266
f 2169/3927/1271 423/2171/1269 424/2172/1272
f 2169/3927/1271 424/2172/1272 1297/3051/1273
f 2169/3927/1271 1297/3051/1273 1296/3050/1270
f 2169/3927/1271 1296/3050/1270 423/2171/1269
f 2170/3928/1274 424/2172/1272 425/2173/1275
f 2170/3928/1274 425/2173/1275 1298/3052/1276
f 2170/3928/1274 1298/3052/1276 1297/3051/1273
f 2170/3928/1274 1297/3051/1273 424/2172/1272
f 2171/3929/1277 425/2173/1275 426/2174/1278
f 2171/3929/1277 426/2174/1278 1299/3053/1279
f 2171/3929/1277 1299/3053/1279 1298/3052/1276
f 2171/3929/1277 1298/3052/1276 425/2173/1275
f 2172/3930/1280 426/2174/1278 427/2175/1281
f 2172/3930/1280 427/2175/1281 1300/3054/1282
f 2172/3930/1280 1300/3054/1282 1299/3053/1279
f 2172/3930/1280 1299/3053/1279 426/2174/1278
f 2173/3931/1283 427/2175/1281 428/2176/1284
f 2173/3931/1283 428/2176/1284 1301/3055/1285
f 2173/3931/1283 1301/3055/1285 1300/3054/1282
f 2173/3931/1283 1300/3054/1282 427/2175/1281
f 2174/3932/1286 428/2176/1284 429/2177/1287
f 2174/3932/1286 429/2177/1287 1302/3056/1288
f 2174/3932/1286 1302/3056/1288 1301/3055/1285
f 2174/3932/1286 1301/3055/1285 428/2176/1284
f 2175/3933/1289 429/2177/1287 430/2178/1290
f 2175/3933/1289 430/2178/1290 1303/3057/1291
f 2175/3933/1289 1303/3057/1291 1302/3056/1288
f 2175/3933/1289 1302/3056/1288 429/2177/1287
f 2176/3934/1292 430/2178/1290 431/2179/1293
f 2176/3934/1292 431/2179/1293 1304/3058/1294
f 2176/3934/1292 1304/3058/1294 1303/3057/1291
f 2176/3934/1292 1303/3057/1291 430/2178/1290
f 2177/3935/1295 431/2179/1293 432/2180/1296
f 2177/3935/1295 432/2180/1296 1305/3059/1297
f 2177/3935/1295 1305/3059/1297 1304/3058/1294
f 2177/3935/1295 1304/3058/1294 431/2179/1293
f 2178/3936/1298 432/2180/1296 433/2181/1299
f 2178/3936/1298 433/2181/1299 1306/3060/1300
f 2178/3936/1298 1306/3060/1300 1305/3059/1297
f 2178/3936/1298 1305/3059/1297 432/2180/1296
f 2179/3937/1301 433/2181/1299 434/2182/1302
f 2179/3937/1301 434/2182/1302 1307/3061/1303
f 2179/3937/1301 1307/3061/1303 1306/3060/1300
f 2179/3937/1301 1306/3060/1300 433/2181/1299
f 2180/3938/1304 434/2182/1302 435/2183/1305
f 2180/3938/1304 435/2183/1305 1308/3062/1306
f 2180/3938/1304 1308/3062/1306 1307/3061/1303
f 2180/3938/1304 1307/3061/1303 434/2182/1302
f 2181/3939/1307 435/2183/1305 436/2184/1308
f 2181/3939/1307 436/2184/1308 1309/3063/1309
f 2181/3939/1307 1309/3063/1309 1308/3062/1306
f 2181/3939/1307 1308/3062/1306 435/2183/1305
f 2182/3940/1310 436/2184/1308 437/2185/1311
f 2182/3940/1310 437/2185/1311 1310/3064/1312
f 2182/3940/1310 1310/3064/1312 1309/3063/1309
f 2182/3940/1310 1309/3063/1309 436/2184/1308
f 2183/3941/1313 437/2185/1311 438/2186/1314
f 2183/3941/1313 438/2186/1314 1311/3065/1315
f 2183/3941/1313 1311/3065/1315 1310/3064/1312
f 2183/3941/1313 1310/3064/1312 437/2185/1311
f 2184/3942/1316 438/2186/1314 439/2187/1317
f 2184/3942/1316 439/2187/1317 1312/3066/1318
f 2184/3942/1316 1312/3066/1318 1311/3065/1315
f 2184/3942/1316 1311/3065/1315 438/2186/1314
f 2185/3943/1319 439/2187/1317 440/2188/1320
f 2185/3943/1319 440/2188/1320 1313/3067/1321
f 2185/3943/1319 1313/3067/1321 1312/3066/1318
f 2185/3943/1319 1312/3066/1318 439/2187/1317
f 2186/3944/1322 440/2188/1320 441/2189/1323
f 2186/3944/1322 441/2189/1323 1314/3068/1324
f 2186/3944/1322 1314/3068/1324 1313/3067/1321
f 2186/3944/1322 1313/3067/1321 440/2188/1320
f 2187/3945/1325 441/2189/1323 442/2190/1326
f 2187/3945/1325 442/2190/1326 1315/3069/1327
f 2187/3945/1325 1315/3069/1327 1314/3068/1324
f 2187/3945/1325 1314/3068/1324 441/2189/1323
f 2188/3946/1328 442/2190/1326 443/2191/1329
f 2188/3946/1328 443/2191/1329 1316/3070/1330
f 2188/3946/1328 1316/3070/1330 1315/3069/1327
f 2188/3946/1328 1315/3069/1327 442/2190/1326
f 2189/3947/1331 443/2191/1329 444/2192/1332
f 2189/3947/1331 444/2192/1332 1317/3071/1333
f 2189/3947/1331 1317/3071/1333 1316/3070/1330
f 2189/3947/1331 1316/3070/1330 443/2191/1329
f 2190/3948/1334 444/2192/1332 445/2193/1335
f 2190/3948/1334 445/2193/1335 1318/3072/1336
f 2190/3948/1334 1318/3072/1336 1317/3071/1333
f 2190/3948/1334 1317/3071/1333 444/2192/1332
f 2191/3949/1337 445/2193/1335 446/2194/1338
f 2191/3949/1337 446/2194/1338 1319/3073/1339
f 2191/3949/1337 1319/3073/1339 1318/3072/1336
f 2191/3949/1337 1318/3072/1336 445/2193/1335
f 2192/3950/1340 446/2194/1338 447/2195/1341
f 2192/3950/1340 447/2195/1341 1320/3074/1342
f 2192/3950/1340 1320/3074/1342 1319/3073/1339
f 2192/3950/1340 1319/3073/1339 446/2194/1338
f 2193/3951/1343 447/2195/1341 448/2196/1344
f 2193/3951/1343 448/2196/1344 1321/3075/1345
f 2193/3951/1343 1321/3075/1345 1320/3074/1342
f 2193/3951/1343 1320/3074/1342 447/2195/1341
f 2194/3952/1346 448/2196/1344 449/2197/1347
f 2194/3952/1346 449/2197/1347 1322/3076/1348
f 2194/3952/1346 1322/3076/1348 1321/3075/1345
f 2194/3952/1346 1321/3075/1345 448/2196/1344
f 2195/3953/1349 449/2197/1347 450/2198/1350
f 2195/3953/1349 450/2198/1350 1323/3077/1351
f 2195/3953/1349 1323/3077/1351 1322/3076/1348
f 2195/3953/1349 1322/3076/1348 449/2197/1347
f 2196/3954/1352 450/2198/1350 451/2199/1353
f 2196/3954/1352 451/2199/1353 1324/3078/1354
f 2196/3954/1352 1324/3078/1354 1323/3077/1351
f 2196/3954/1352 1323/3077/1351 450/2198/1350
f 2197/3955/1355 451/2199/1353 452/2200/1356
f 2197/3955/1355 452/2200/1356 1325/3079/1357
f 2197/3955/1355 1325/3079/1357 1324/3078/1354
f 2197/3955/1355 1324/3078/1354 451/2199/1353
f 2198/3956/1358 452/2200/1356 453/2201/1359
f 2198/3956/1358 453/2201/1359 1326/3080/1360
f 2198/3956/1358 1326/3080/1360 1325/3079/1357
f 2198/3956/1358 1325/3079/1357 452/2200/1356
f 2199/3957/1361 453/2201/1359 454/2202/1362
f 2199/3957/1361 454/2202/1362 1327/3081/1363
f 2199/3957/1361 1327/3081/1363 1326/3080/1360
f 2199/3957/1361 1326/3080/1360 453/2201/1359
f 2200/3958/1364 454/2202/1362 455/2203/1365
f 2200/3958/1364 455/2203/1365 1328/3082/1366
f 2200/3958/1364 1328/3082/1366 1327/3081/1363
f 2200/3958/1364 1327/3081/1363 454/2202/1362
f 2201/3959/1367 455/2203/1365 456/2204/1368
f 2201/3959/1367 456/2204/1368 1329/3083/1369
f 2201/3959/1367 1329/3083/1369 1328/3082/1366
f 2201/3959/1367 1328/3082/1366 455/2203/1365
f 2202/3960/1370 456/2204/1368 457/2205/1371
f 2202/3960/1370 457/2205/1371 1330/3084/1372
f 2202/3960/1370 1330/3084/1372 1329/3083/1369
f 2202/3960/1370 1329/3083/1369 456/2204/1368
f 2203/3961/1373 457/2205/1371 458/2206/1374
f 2203/3961/1373 458/2206/1374 1331/3085/1375
f 2203/3961/1373 1331/3085/1375 1330/3084/1372
f 2203/3961/1373 1330/3084/1372 457/2205/1371
f 2204/3962/1376 458/2206/1374 459/2207/1377
f 2204/3962/1376 459/2207/1377 1332/3086/1378
f 2204/3962/1376 1332/3086/1378 1331/3085/1375
f 2204/3962/1376 1331/3085/1375 458/2206/1374
f 2205/3963/1379 459/2207/1377 460/2208/1380
f 2205/3963/1379 460/2208/1380 1333/3087/1381
f 2205/3963/1379 1333/3087/1381 1332/3086/1378
f 2205/3963/1379 1332/3086/1378 459/2207/1377
f 2206/3964/1382 460/2208/1380 461/2209/1383
f 2206/3964/1382 461/2209/1383 1334/3088/1384
f 2206/3964/1382 1334/3088/1384 1333/3087/1381
f 2206/3964/1382 1333/3087/1381 460/2208/1380
f 2207/3965/1385 461/2210/1383 462/2211/1386
f 2207/3965/1385 462/2211/1386 1335/3090/1387
f 2207/3965/1385 1335/3090/1387 1334/3089/1384
f 2207/3965/1385 1334/3089/1384 461/2210/1383
f 2208/3966/1388 462/2211/1386 463/2212/1389
f 2208/3966/1388 463/2212/1389 1336/3091/1390
f 2208/3966/1388 1336/3091/1390 1335/3090/1387
f 2208/3966/1388 1335/3090/1387 462/2211/1386
f 2209/3967/1391 463/2212/1389 464/2213/1392
f 2209/3967/1391 464/2213/1392 1337/3092/1393
f 2209/3967/1391 1337/3092/1393 1336/3091/1390
f 2209/3967/1391 1336/3091/1390 463/2212/1389
f 2210/3968/1394 464/2213/1392 465/2214/1395
f 2210/3968/1394 465/2214/1395 1338/3093/1396
f 2210/3968/1394 1338/3093/1396 1337/3092/1393
f 2210/3968/1394 1337/3092/1393 464/2213/1392
f 2211/3969/1397 465/2214/1395 466/2215/1398
f 2211/3969/1397 466/2215/1398 1339/3094/1399
f 2211/3969/1397 1339/3094/1399 1338/3093/1396
f 2211/3969/1397 1338/3093/1396 465/2214/1395
f 2212/3970/1400 466/2215/1398 467/2216/1401
f 2212/3970/1400 467/2216/1401 1340/3095/1402
f 2212/3970/1400 1340/3095/1402 1339/3094/1399
f 2212/3970/1400 1339/3094/1399 466/2215/1398
f 2213/3971/1403 467/2216/1401 468/2217/1404
f 2213/3971/1403 468/2217/1404 1341/3096/1405
f 2213/3971/1403 1341/3096/1405 1340/3095/1402
f 2213/3971/1403 1340/3095/1402 467/2216/1401
f 2214/3972/1406 468/2217/1404 469/2218/1407
f 2214/3972/1406 469/2218/1407 1342/3097/1408
f 2214/3972/1406 1342/3097/1408 1341/3096/1405
f 2214/3972/1406 1341/3096/1405 468/2217/1404
f 2215/3973/1409 469/2218/1407 470/2219/1410
f 2215/3973/1409 470/2219/1410 1343/3098/1411
f 2215/3973/1409 1343/3098/1411 1342/3097/1408
f 2215/3973/1409 1342/3097/1408 469/2218/1407
f 2216/3974/1412 470/2219/1410 471/2220/1413
f 2216/3974/1412 471/2220/1413 1344/3099/1414
f 2216/3974/1412 1344/3099/1414 1343/3098/1411
f 2216/3974/1412 1343/3098/1411 470/2219/1410
f 2217/3975/1415 471/2220/1413 472/2221/1416
f 2217/3975/1415 472/2221/1416 1345/3100/1417
f 2217/3975/1415 1345/3100/1417 1344/3099/1414
f 2217/3975/1415 1344/3099/1414 471/2220/1413
f 2218/3976/1418 472/2221/1416 473/2222/1419
f 2218/3976/1418 473/2222/1419 1346/3101/1420
f 2218/3976/1418 1346/3101/1420 1345/3100/1417
f 2218/3976/1418 1345/3100/1417 472/2221/1416
f 2219/3977/1421 473/2222/1419 474/2223/1422
f 2219/3977/1421 474/2223/1422 1347/3102/1423
f 2219/3977/1421 1347/3102/1423 1346/3101/1420
f 2219/3977/1421 1346/3101/1420 473/2222/1419
f 2220/3978/1424 474/2223/1422 475/2224/1425
f 2220/3978/1424 475/2224/1425 1348/3103/1426
f 2220/3978/1424 1348/3103/1426 1347/3102/1423
f 2220/3978/1424 1347/3102/1423 474/2223/1422
f 2221/3979/1427 475/2224/1425 476/2225/1428
f 2221/3979/1427 476/2225/1428 1349/3104/1429
f 2221/3979/1427 1349/3104/1429 1348/3103/1426
f 2221/3979/1427 1348/3103/1426 475/2224/1425
f 2222/3980/1430 476/2225/1428 477/2226/1431
f 2222/3980/1430 477/2226/1431 1350/3105/1432
f 2222/3980/1430 1350/3105/1432 1349/3104/1429
f 2222/3980/1430 1349/3104/1429 476/2225/1428
f 2223/3981/1433 477/2226/1431 478/2227/1434
f 2223/3981/1433 478/2227/1434 1351/3106/1435
f 2223/3981/1433 1351/3106/1435 1350/3105/1432
f 2223/3981/1433 1350/3105/1432 477/2226/1431
f 2224/3982/1436 478/2227/1434 479/2228/1437
f 2224/3982/1436 479/2228/1437 1352/3107/1438
f 2224/3982/1436 1352/3107/1438 1351/3106/1435
f 2224/3982/1436 1351/3106/1435 478/2227/1434
f 2225/3983/1439 479/2228/1437 480/2229/1440
f 2225/3983/1439 480/2229/1440 1353/3108/1441
f 2225/3983/1439 1353/3108/1441 1352/3107/1438
f 2225/3983/1439 1352/3107/1438 479/2228/1437
f 2226/3984/1442 480/2229/1440 481/2230/1443
f 2226/3984/1442 481/2230/1443 1354/3109/1444
f 2226/3984/1442 1354/3109/1444 1353/3108/1441
f 2226/3984/1442 1353/3108/1441 480/2229/1440
f 2227/3985/1445 481/2230/1443 482/2231/1446
f 2227/3985/1445 482/2231/1446 1355/3110/1447
f 2227/3985/1445 1355/3110/1447 1354/3109/1444
f 2227/3985/1445 1354/3109/1444 481/2230/1443
f 2228/3986/1448 482/2231/1446 483/2232/1449
f 2228/3986/1448 483/2232/1449 1356/3111/1450
f 2228/3986/1448 1356/3111/1450 1355/3110/1447
f 2228/3986/1448 1355/3110/1447 482/2231/1446
f 2229/3987/1451 483/2232/1449 484/2233/1452
f 2229/3987/1451 484/2233/1452 1357/3112/1453
f 2229/3987/1451 1357/3112/1453 1356/3111/1450
f 2229/3987/1451 1356/3111/1450 483/2232/1449
f 2230/3988/1454 484/2233/1452 485/2234/1455
f 2230/3988/1454 485/2234/1455 1358/3113/1456
f 2230/3988/1454 1358/3113/1456 1357/3112/1453
f 2230/3988/1454 1357/3112/1453 484/2233/1452
f 2231/3989/1457 485/2234/1455 486/2235/1458
f 2231/3989/1457 486/2235/1458 1359/3114/1459
f 2231/3989/1457 1359/3114/1459 1358/3113/1456
f 2231/3989/1457 1358/3113/1456 485/2234/1455
f 2232/3990/1460 486/2235/1458 487/2236/1461
f 2232/3990/1460 487/2236/1461 1360/3115/1462
f 2232/3990/1460 1360/3115/1462 1359/3114/1459
f 2232/3990/1460 1359/3114/1459 486/2235/1458
f 2233/3991/1463 487/2236/1461 488/2237/1464
f 2233/3991/1463 488/2237/1464 1361/3116/1465
f 2233/3991/1463 1361/3116/1465 1360/3115/1462
f 2233/3991/1463 1360/3115/1462 487/2236/1461
f 2234/3992/1466 488/2237/1464 489/2238/1467
f 2234/3992/1466 489/2238/1467 1362/3117/1468
f 2234/3992/1466 1362/3117/1468 1361/3116/1465
f 2234/3992/1466 1361/3116/1465 488/2237/1464
f 2235/3993/1469 489/2238/1467 490/2239/1470
f 2235/3993/1469 490/2239/1470 1363/3118/1471
f 2235/3993/1469 1363/3118/1471 1362/3117/1468
f 2235/3993/1469 1362/3117/1468 489/2238/1467
f 2236/3994/1472 490/2239/1470 491/2240/1473
f 2236/3994/1472 491/2240/1473 1364/3119/1474
f 2236/3994/1472 1364/3119/1474 1363/3118/1471
f 2236/3994/1472 1363/3118/1471 490/2239/1470
f 2237/3995/1475 491/2240/1473 492/2241/1476
f 2237/3995/1475 492/2241/1476 1365/3120/1477
f 2237/3995/1475 1365/3120/1477 1364/3119/1474
f 2237/3995/1475 1364/3119/1474 491/2240/1473
f 2238/3996/1478 492/2241/1476 493/2242/1479
f 2238/3996/1478 493/2242/1479 1366/3121/1480
f 2238/3996/1478 1366/3121/1480 1365/3120/1477
f 2238/3996/1478 1365/3120/1477 492/2241/1476
f 2239/3997/1481 493/2242/1479 494/2243/1482
f 2239/3997/1481 494/2243/1482 1367/3122/1483
f 2239/3997/1481 1367/3122/1483 1366/3121/1480
f 2239/3997/1481 1366/3121/1480 493/2242/1479
f 2240/3998/1484 494/2243/1482 495/2244/1485
f 2240/3998/1484 495/2244/1485 1368/3123/1486
f 2240/3998/1484 1368/3123/1486 1367/3122/1483
f 2240/3998/1484 1367/3122/1483 494/2243/1482
f 2241/3999/1487 495/2244/1485 496/2245/1488
f 2241/3999/1487 496/2245/1488 1369/3124/1489
f 2241/3999/1487 1369/3124/1489 1368/3123/1486
f 2241/3999/1487 1368/3123/1486 495/2244/1485
f 2242/4000/1490 496/2245/1488 497/2246/1491
f 2242/4000/1490 497/2246/1491 1370/3125/1492
f 2242/4000/1490 1370/3125/1492 1369/3124/1489
f 2242/4000/1490 1369/3124/1489 496/2245/1488
f 2243/4001/1493 497/2246/1491 498/2247/1494
f 2243/4001/1493 498/2247/1494 1371/3126/1495
f 2243/4001/1493 1371/3126/1495 1370/3125/1492
f 2243/4001/1493 1370/3125/1492 497/2246/1491
f 2244/4002/1496 498/2247/1494 499/2248/1497
f 2244/4002/1496 499/2248/1497 1372/3127/1498
f 2244/4002/1496 1372/3127/1498 1371/3126/1495
f 2244/4002/1496 1371/3126/1495 498/2247/1494
f 2245/4003/1499 499/2248/1497 500/2249/1500
f 2245/4003/1499 500/2249/1500 1373/3128/1501
f 2245/4003/1499 1373/3128/1501 1372/3127/1498
f 2245/4003/1499 1372/3127/1498 499/2248/1497
f 2246/4004/1502 500/2249/1500 501/2250/1503
f 2246/4004/1502 501/2250/1503 1374/3129/1504
f 2246/4004/1502 1374/3129/1504 1373/3128/1501
f 2246/4004/1502 1373/3128/1501 500/2249/1500
f 2247/4005/1505 501/2250/1503 502/2251/1506
f 2247/4005/1505 502/2251/1506 1375/3130/1507
f 2247/4005/1505 1375/3130/1507 1374/3129/1504
f 2247/4005/1505 1374/3129/1504 501/2250/1503
f 2248/4006/1508 502/2251/1506 503/2252/1509
f 2248/4006/1508 503/2252/1509 1376/3131/1510
f 2248/4006/1508 1376/3131/1510 1375/3130/1507
f 2248/4006/1508 1375/3130/1507 502/2251/1506
f 2249/4007/1511 503/2252/1509 504/2253/1512
f 2249/4007/1511 504/2253/1512 1377/3132/1513
f 2249/4007/1511 1377/3132/1513 1376/3131/1510
f 2249/4007/1511 1376/3131/1510 503/2252/1509
f 2250/4008/1514 504/2253/1512 505/2254/1515
f 2250/4008/1514 505/2254/1515 1378/3133/1516
f 2250/4008/1514 1378/3133/1516 1377/3132/1513
f 2250/4008/1514 1377/3132/1513 504/2253/1512
f 2251/4009/1517 505/2254/1515 506/2255/1518
f 2251/4009/1517 506/2255/1518 1379/3134/1519
f 2251/4009/1517 1379/3134/1519 1378/3133/1516
f 2251/4009/1517 1378/3133/1516 505/2254/1515
f 2252/4010/1520 506/2255/1518 507/2256/1521
f 2252/4010/1520 507/2256/1521 1380/3135/1522
f 2252/4010/1520 1380/3135/1522 1379/3134/1519
f 2252/4010/1520 1379/3134/1519 506/2255/1518
f 2253/4011/1523 507/2256/1521 508/2257/1524
f 2253/4011/1523 508/2257/1524 1381/3136/1525
f 2253/4011/1523 1381/3136/1525 1380/3135/1522
f 2253/4011/1523 1380/3135/1522 507/2256/1521
f 2254/4012/1526 508/2257/1524 509/2258/1527
f 2254/4012/1526 509/2258/1527 1382/3137/1528
f 2254/4012/1526 1382/3137/1528 1381/3136/1525
f 2254/4012/1526 1381/3136/1525 508/2257/1524
f 2255/4013/1529 509/2258/1527 510/2259/1530
f 2255/4013/1529 510/2259/1530 1383/3138/1531
f 2255/4013/1529 1383/3138/1531 1382/3137/1528
f 2255/4013/1529 1382/3137/1528 509/2258/1527
f 2256/4014/1532 510/2259/1530 511/2260/1533
f 2256/4014/1532 511/2260/1533 1384/3139/1534
f 2256/4014/1532 1384/3139/1534 1383/3138/1531
f 2256/4014/1532 1383/3138/1531 510/2259/1530
f 2257/4015/1535 511/2260/1533 512/2261/1536
f 2257/4015/1535 512/2261/1536 1385/3140/1537
f 2257/4015/1535 1385/3140/1537 1384/3139/1534
f 2257/4015/1535 1384/3139/1534 511/2260/1533
f 2258/4016/1538 512/2261/1536 513/2262/1539
f 2258/4016/1538 513/2262/1539 1386/3141/1540
f 2258/4016/1538 1386/3141/1540 1385/3140/1537
f 2258/4016/1538 1385/3140/1537 512/2261/1536
f 2259/4017/1541 513/2262/1539 514/2263/1542
f 2259/4017/1541 514/2263/1542 1387/3142/1543
f 2259/4017/1541 1387/3142/1543 1386/3141/1540
f 2259/4017/1541 1386/3141/1540 513/2262/1539
f 2260/4018/1544 514/2263/1542 515/2264/1545
f 2260/4018/1544 515/2264/1545 1388/3143/1546
f 2260/4018/1544 1388/3143/1546 1387/3142/1543
f 2260/4018/1544 1387/3142/1543 514/2263/1542
f 2261/4019/1547 515/2264/1545 516/2265/1548
f 2261/4019/1547 516/2265/1548 1389/3144/1549
f 2261/4019/1547 1389/3144/1549 1388/3143/1546
f 2261/4019/1547 1388/3143/1546 515/2264/1545
f 2262/4020/1550 516/2265/1548 517/2266/1551
f 2262/4020/1550 517/2266/1551 1390/3145/1552
f 2262/4020/1550 1390/3145/1552 1389/3144/1549
f 2262/4020/1550 1389/3144/1549 516/2265/1548
f 2263/4021/1553 517/2266/1551 518/2267/1554
f 2263/4021/1553 518/2267/1554 1391/3146/1555
f 2263/4021/1553 1391/3146/1555 1390/3145/1552
f 2263/4021/1553 1390/3145/1552 517/2266/1551
f 2264/4022/1556 518/2267/1554 519/2268/1557
f 2264/4022/1556 519/2268/1557 1392/3147/1558
f 2264/4022/1556 1392/3147/1558 1391/3146/1555
f 2264/4022/1556 1391/3146/1555 518/2267/1554
f 2265/4023/1559 519/2268/1557 520/2269/1560
f 2265/4023/1559 520/2269/1560 1393/3148/1561
f 2265/4023/1559 1393/3148/1561 1392/3147/1558
f 2265/4023/1559 1392/3147/1558 519/2268/1557
f 2266/4024/1562 520/2269/1560 521/2270/1563
f 2266/4024/1562 521/2270/1563 1394/3149/1564
f 2266/4024/1562 1394/3149/1564 1393/3148/1561
f 2266/4024/1562 1393/3148/1561 520/2269/1560
f 2267/4025/1565 521/2270/1563 522/2271/1566
f 2267/4025/1565 522/2271/1566 1395/3150/1567
f 2267/4025/1565 1395/3150/1567 1394/3149/1564
f 2267/4025/1565 1394/3149/1564 521/2270/1563
f 2268/4026/1568 522/2271/1566 523/2272/1569
f 2268/4026/1568 523/2272/1569 1396/3151/1570
f 2268/4026/1568 1396/3151/1570 1395/3150/1567
f 2268/4026/1568 1395/3150/1567 522/2271/1566
f 2269/4027/1571 523/2272/1569 524/2273/1572
f 2269/4027/1571 524/2273/1572 1397/3152/1573
f 2269/4027/1571 1397/3152/1573 1396/3151/1570
f 2269/4027/1571 1396/3151/1570 523/2272/1569
f 2270/4028/1574 524/2273/1572 525/2274/1575
f 2270/4028/1574 525/2274/1575 1398/3153/1576
f 2270/4028/1574 1398/3153/1576 1397/3152/1573
f 2270/4028/1574 1397/3152/1573 524/2273/1572
f 2271/4029/1577 525/2274/1575 526/2275/1578
f 2271/4029/1577 526/2275/1578 1399/3154/1579
f 2271/4029/1577 1399/3154/1579 1398/3153/1576
f 2271/4029/1577 1398/3153/1576 525/2274/1575
f 2272/4030/1580 526/2275/1578 527/2276/1581
f 2272/4030/1580 527/2276/1581 1400/3155/1582
f 2272/4030/1580 1400/3155/1582 1399/3154/1579
f 2272/4030/1580 1399/3154/1579 526/2275/1578
f 2273/4031/1583 527/2276/1581 528/2277/1584
f 2273/4031/1583 528/2277/1584 1401/3156/1585
f 2273/4031/1583 1401/3156/1585 1400/3155/1582
f 2273/4031/1583 1400/3155/1582 527/2276/1581
f 2274/4032/1586 528/2277/1584 529/2278/1587
f 2274/4032/1586 529/2278/1587 1402/3157/1588
f 2274/4032/1586 1402/3157/1588 1401/3156/1585
f 2274/4032/1586 1401/3156/1585 528/2277/1584
f 2275/4033/1589 529/2278/1587 530/2279/1590
f 2275/4033/1589 530/2279/1590 1403/3158/1591
f 2275/4033/1589 1403/3158/1591 1402/3157/1588
f 2275/4033/1589 1402/3157/1588 529/2278/1587
f 2276/4034/1592 530/2279/1590 531/2280/1593
f 2276/4034/1592 531/2280/1593 1404/3159/1594
f 2276/4034/1592 1404/3159/1594 1403/3158/1591
f 2276/4034/1592 1403/3158/1591 530/2279/1590
f 2277/4035/1595 531/2280/1593 532/2281/1596
f 2277/4035/1595 532/2281/1596 1405/3160/1597
f 2277/4035/1595 1405/3160/1597 1404/3159/1594
f 2277/4035/1595 1404/3159/1594 531/2280/1593
f 2278/4036/1598 532/2281/1596 533/2282/1599
f 2278/4036/1598 533/2282/1599 1406/3161/1600
f 2278/4036/1598 1406/3161/1600 1405/3160/1597
f 2278/4036/1598 1405/3160/1597 532/2281/1596
f 2279/4037/1601 533/2282/1599 534/2283/1602
f 2279/4037/1601 534/2283/1602 1407/3162/1603
f 2279/4037/1601 1407/3162/1603 1406/3161/1600
f 2279/4037/1601 1406/3161/1600 533/2282/1599
f 2280/4038/1604 534/2283/1602 535/2284/1605
f 2280/4038/1604 535/2284/1605 1408/3163/1606
f 2280/4038/1604 1408/3163/1606 1407/3162/1603
f 2280/4038/1604 1407/3162/1603 534/2283/1602
f 2281/4039/1607 535/2284/1605 536/2285/1608
f 2281/4039/1607 536/2285/1608 1409/3164/1609
f 2281/4039/1607 1409/3164/1609 1408/3163/1606
f 2281/4039/1607 1408/3163/1606 535/2284/1605
f 2282/4040/1610 536/2285/1608 537/2286/1611
f 2282/4040/1610 537/2286/1611 1410/3165/1612
f 2282/4040/1610 1410/3165/1612 1409/3164/1609
f 2282/4040/1610 1409/3164/1609 536/2285/1608
f 2283/4041/1613 537/2286/1611 538/2287/1614
f 2283/4041/1613 538/2287/1614 1411/3166/1615
f 2283/4041/1613 1411/3166/1615 1410/3165/1612
f 2283/4041/1613 1410/3165/1612 537/2286/1611
f 2284/4042/1616 538/2287/1614 539/2288/1617
f 2284/4042/1616 539/2288/1617 1412/3167/1618
f 2284/4042/1616 1412/3167/1618 1411/3166/1615
f 2284/4042/1616 1411/3166/1615 538/2287/1614
f 2285/4043/1619 539/2288/1617 540/2289/1620
f 2285/4043/1619 540/2289/1620 1413/3168/1621
f 2285/4043/1619 1413/3168/1621 1412/3167/1618
f 2285/4043/1619 1412/3167/1618 539/2288/1617
f 2286/4044/1622 540/2289/1620 541/2290/1623
f 2286/4044/1622 541/2290/1623 1414/3169/1624
f 2286/4044/1622 1414/3169/1624 1413/3168/1621
f 2286/4044/1622 1413/3168/1621 540/2289/1620
f 2287/4045/1625 541/2290/1623 542/2291/1626
f 2287/4045/1625 542/2291/1626 1415/3170/1627
f 2287/4045/1625 1415/3170/1627 1414/3169/1624
f 2287/4045/1625 1414/3169/1624 541/2290/1623
f 2288/4046/1628 542/2291/1626 543/2292/1629
f 2288/4046/1628 543/2292/1629 1416/3171/1630
f 2288/4046/1628 1416/3171/1630 1415/3170/1627
f 2288/4046/1628 1415/3170/1627 542/2291/1626
f 2289/4047/1631 543/2292/1629 544/2293/1632
f 2289/4047/1631 544/2293/1632 1417/3172/1633
f 2289/4047/1631 1417/3172/1633 1416/3171/1630
f 2289/4047/1631 1416/3171/1630 543/2292/1629
f 2290/4048/1634 544/2293/1632 545/2294/1635
f 2290/4048/1634 545/2294/1635 1418/3173/1636
f 2290/4048/1634 1418/3173/1636 1417/3172/1633
f 2290/4048/1634 1417/3172/1633 544/2293/1632
f 2291/4049/1637 545/2294/1635 546/2295/1638
f 2291/4049/1637 546/2295/1638 1419/3174/1639
f 2291/4049/1637 1419/3174/1639 1418/3173/1636
f 2291/4049/1637 1418/3173/1636 545/2294/1635
f 2292/4050/1640 546/2295/1638 547/2296/1641
f 2292/4050/1640 547/2296/1641 1420/3175/1642
f 2292/4050/1640 1420/3175/1642 1419/3174/1639
f 2292/4050/1640 1419/3174/1639 546/2295/1638
f 2293/4051/1643 547/2296/1641 548/2297/1644
f 2293/4051/1643 548/2297/1644 1421/3176/1645
f 2293/4051/1643 1421/3176/1645 1420/3175/1642
f 2293/4051/1643 1420/3175/1642 547/2296/1641
f 2294/4052/1646 548/2297/1644 549/2298/1647
f 2294/4052/1646 549/2298/1647 1422/3177/1648
f 2294/4052/1646 1422/3177/1648 1421/3176/1645
f 2294/4052/1646 1421/3176/1645 548/2297/1644
f 2295/4053/1649 549/2298/1647 550/2299/1650
f 2295/4053/1649 550/2299/1650 1423/3178/1651
f 2295/4053/1649 1423/3178/1651 1422/3177/1648
f 2295/4053/1649 1422/3177/1648 549/2298/1647
f 2296/4054/1652 550/2299/1650 551/2300/1653
f 2296/4054/1652 551/2300/1653 1424/3179/1654
f 2296/4054/1652 1424/3179/1654 1423/3178/1651
f 2296/4054/1652 1423/3178/1651 550/2299/1650
f 2297/4055/1655 551/2300/1653 552/2301/1656
f 2297/4055/1655 552/2301/1656 1425/3180/1657
f 2297/4055/1655 1425/3180/1657 1424/3179/1654
f 2297/4055/1655 1424/3179/1654 551/2300/1653
f 2298/4056/1658 552/2301/1656 553/2302/1659
f 2298/4056/1658 553/2302/1659 1426/3181/1660
f 2298/4056/1658 1426/3181/1660 1425/3180/1657
f 2298/4056/1658 1425/3180/1657 552/2301/1656
f 2299/4057/1661 553/2302/1659 554/2303/1662
f 2299/4057/1661 554/2303/1662 1427/3182/1663
f 2299/4057/1661 1427/3182/1663 1426/3181/1660
f 2299/4057/1661 1426/3181/1660 553/2302/1659
f 2300/4058/1664 554/2303/1662 555/2304/1665
f 2300/4058/1664 555/2304/1665 1428/3183/1666
f 2300/4058/1664 1428/3183/1666 1427/3182/1663
f 2300/4058/1664 1427/3182/1663 554/2303/1662
f 2301/4059/1667 555/2304/1665 556/2305/1668
f 2301/4059/1667 556/2305/1668 1429/3184/1669
f 2301/4059/1667 1429/3184/1669 1428/3183/1666
f 2301/4059/1667 1428/3183/1666 555/2304/1665
f 2302/4060/1670 556/2305/1668 557/2306/1671
f 2302/4060/1670 557/2306/1671 1430/3185/1672
f 2302/4060/1670 1430/3185/1672 1429/3184/1669
f 2302/4060/1670 1429/3184/1669 556/2305/1668
f 2303/4061/1673 557/2306/1671 558/2307/1674
f 2303/4061/1673 558/2307/1674 1431/3186/1675
f 2303/4061/1673 1431/3186/1675 1430/3185/1672
f 2303/4061/1673 1430/3185/1672 557/2306/1671
f 2304/4062/1676 558/2307/1674 559/2308/1677
f 2304/4062/1676 559/2308/1677 1432/3187/1678
f 2304/4062/1676 1432/3187/1678 1431/3186/1675
f 2304/4062/1676 1431/3186/1675 558/2307/1674
f 2305/4063/1679 559/2308/1677 560/2309/1680
f 2305/4063/1679 560/2309/1680 1433/3188/1681
f 2305/4063/1679 1433/3188/1681 1432/3187/1678
f 2305/4063/1679 1432/3187/1678 559/2308/1677
f 2306/4064/1682 560/2309/1680 561/2310/1683
f 2306/4064/1682 561/2310/1683 1434/3189/1684
f 2306/4064/1682 1434/3189/1684 1433/3188/1681
f 2306/4064/1682 1433/3188/1681 560/2309/1680
f 2307/4065/1685 561/2310/1683 562/2311/1686
f 2307/4065/1685 562/2311/1686 1435/3190/1687
f 2307/4065/1685 1435/3190/1687 1434/3189/1684
f 2307/4065/1685 1434/3189/1684 561/2310/1683
f 2308/4066/1688 562/2311/1686 563/2312/1689
f 2308/4066/1688 563/2312/1689 1436/3191/1690
f 2308/4066/1688 1436/3191/1690 1435/3190/1687
f 2308/4066/1688 1435/3190/1687 562/2311/1686
f 2309/4067/1691 563/2312/1689 564/2313/1692
f 2309/4067/1691 564/2313/1692 1437/3192/1693
f 2309/4067/1691 1437/3192/1693 1436/3191/1690
f 2309/4067/1691 1436/3191/1690 563/2312/1689
f 2310/4068/1694 564/2313/1692 565/2314/1695
f 2310/4068/1694 565/2314/1695 1438/3193/1696
f 2310/4068/1694 1438/3193/1696 1437/3192/1693
f 2310/4068/1694 1437/3192/1693 564/2313/1692
f 2311/4069/1697 565/2314/1695 566/2315/1698
f 2311/4069/1697 566/2315/1698 1439/3194/1699
f 2311/4069/1697 1439/3194/1699 1438/3193/1696
f 2311/4069/1697 1438/3193/1696 565/2314/1695
f 2312/4070/1700 566/2315/1698 567/2316/1701
f 2312/4070/1700 567/2316/1701 1440/3195/1702
f 2312/4070/1700 1440/3195/1702 1439/3194/1699
f 2312/4070/1700 1439/3194/1699 566/2315/1698
f 2313/4071/1703 567/2316/1701 568/2317/1704
f 2313/4071/1703 568/2317/1704 1441/3196/1705
f 2313/4071/1703 1441/3196/1705 1440/3195/1702
f 2313/4071/1703 1440/3195/1702 567/2316/1701
f 2314/4072/1706 568/2317/1704 569/2318/1707
f 2314/4072/1706 569/2318/1707 1442/3197/1708
f 2314/4072/1706 1442/3197/1708 1441/3196/1705
f 2314/4072/1706 1441/3196/1705 568/2317/1704
f 2315/4073/1709 569/2318/1707 570/2319/1710
f 2315/4073/1709 570/2319/1710 1443/3198/1711
f 2315/4073/1709 1443/3198/1711 1442/3197/1708
f 2315/4073/1709 1442/3197/1708 569/2318/1707
f 2316/4074/1712 570/2319/1710 571/2320/1713
f 2316/4074/1712 571/2320/1713 1444/3199/1714
f 2316/4074/1712 1444/3199/1714 1443/3198/1711
f 2316/4074/1712 1443/3198/1711 570/2319/1710
f 2317/4075/1715 571/2320/1713 572/2321/1716
f 2317/4075/1715 572/2321/1716 1445/3200/1717
f 2317/4075/1715 1445/3200/1717 1444/3199/1714
f 2317/4075/1715 1444/3199/1714 571/2320/1713
f 2318/4076/1718 572/2321/1716 573/2322/1719
f 2318/4076/1718 573/2322/1719 1446/3201/1720
f 2318/4076/1718 1446/3201/1720 1445/3200/1717
f 2318/4076/1718 1445/3200/1717 572/2321/1716
f 2319/4077/1721 573/2322/1719 574/2323/1722
f 2319/4077/1721 574/2323/1722 1447/3202/1723
f 2319/4077/1721 1447/3202/1723 1446/3201/1720
f 2319/4077/1721 1446/3201/1720 573/2322/1719
f 2320/4078/1724 574/2323/1722 575/2324/1725
f 2320/4078/1724 575/2324/1725 1448/3203/1726
f 2320/4078/1724 1448/3203/1726 1447/3202/1723
f 2320/4078/1724 1447/3202/1723 574/2323/1722
f 2321/4079/1727 575/2324/1725 576/2325/1728
f 2321/4079/1727 576/2325/1728 1449/3204/1729
f 2321/4079/1727 1449/3204/1729 1448/3203/1726
f 2321/4079/1727 1448/3203/1726 575/2324/1725
f 2322/4080/1730 576/2325/1728 577/2326/1731
f 2322/4080/1730 577/2326/1731 1450/3205/1732
f 2322/4080/1730 1450/3205/1732 1449/3204/1729
f 2322/4080/1730 1449/3204/1729 576/2325/1728
f 2323/4081/1733 577/2326/1731 578/2327/1734
f 2323/4081/1733 578/2327/1734 1451/3206/1735
f 2323/4081/1733 1451/3206/1735 1450/3205/1732
f 2323/4081/1733 1450/3205/1732 577/2326/1731
f 2324/4082/1736 578/2327/1734 579/2328/1737
f 2324/4082/1736 579/2328/1737 1452/3207/1738
f 2324/4082/1736 1452/3207/1738 1451/3206/1735
f 2324/4082/1736 1451/3206/1735 578/2327/1734
f 2325/4083/1739 579/2328/1737 580/2329/1740
f 2325/4083/1739 580/2329/1740 1453/3208/1741
f 2325/4083/1739 1453/3208/1741 1452/3207/1738
f 2325/4083/1739 1452/3207/1738 579/2328/1737
f 2326/4084/1742 580/2329/1740 581/2330/1743
f 2326/4084/1742 581/2330/1743 1454/3209/1744
f 2326/4084/1742 1454/3209/1744 1453/3208/1741
f 2326/4084/1742 1453/3208/1741 580/2329/1740
f 2327/4085/1745 581/2330/1743 582/2331/1746
f 2327/4085/1745 582/2331/1746 1455/3210/1747
f 2327/4085/1745 1455/3210/1747 1454/3209/1744
f 2327/4085/1745 1454/3209/1744 581/2330/1743
f 2328/4086/1748 582/2331/1746 583/2332/1749
f 2328/4086/1748 583/2332/1749 1456/3211/1750
f 2328/4086/1748 1456/3211/1750 1455/3210/1747
f 2328/4086/1748 1455/3210/1747 582/2331/1746
f 2329/4087/1751 583/2332/1749 584/2333/1752
f 2329/4087/1751 584/2333/1752 1457/3212/1753
f 2329/4087/1751 1457/3212/1753 1456/3211/1750
f 2329/4087/1751 1456/3211/1750 583/2332/1749
f 2330/4088/1754 584/2333/1752 585/2334/1755
f 2330/4088/1754 585/2334/1755 1458/3213/1756
f 2330/4088/1754 1458/3213/1756 1457/3212/1753
f 2330/4088/1754 1457/3212/1753 584/2333/1752
f 2331/4089/1757 585/2334/1755 586/2335/1758
f 2331/4089/1757 586/2335/1758 1459/3214/1759
f 2331/4089/1757 1459/3214/1759 1458/3213/1756
f 2331/4089/1757 1458/3213/1756 585/2334/1755
f 2332/4090/1760 586/2335/1758 587/2336/1761
f 2332/4090/1760 587/2336/1761 1460/3215/1762
f 2332/4090/1760 1460/3215/1762 1459/3214/1759
f 2332/4090/1760 1459/3214/1759 586/2335/1758
f 2333/4091/1763 587/2336/1761 588/2337/1764
f 2333/4091/1763 588/2337/1764 1461/3216/1765
f 2333/4091/1763 1461/3216/1765 1460/3215/1762
f 2333/4091/1763 1460/3215/1762 587/2336/1761
f 2334/4092/1766 588/2337/1764 589/2338/1767
f 2334/4092/1766 589/2338/1767 1462/3217/1768
f 2334/4092/1766 1462/3217/1768 1461/3216/1765
f 2334/4092/1766 1461/3216/1765 588/2337/1764
f 2335/4093/1769 589/2338/1767 590/2339/1770
f 2335/4093/1769 590/2339/1770 1463/3218/1771
f 2335/4093/1769 1463/3218/1771 1462/3217/1768
f 2335/4093/1769 1462/3217/1768 589/2338/1767
f 2336/4094/1772 590/2339/1770 591/2340/1773
f 2336/4094/1772 591/2340/1773 1464/3219/1774
f 2336/4094/1772 1464/3219/1774 1463/3218/1771
f 2336/4094/1772 1463/3218/1771 590/2339/1770
f 2337/4095/1775 591/2340/1773 592/2341/1776
f 2337/4095/1775 592/2341/1776 1465/3220/1777
f 2337/4095/1775 1465/3220/1777 1464/3219/1774
f 2337/4095/1775 1464/3219/1774 591/2340/1773
f 2338/4096/1778 592/2341/1776 593/2342/1779
f 2338/4096/1778 593/2342/1779 1466/3221/1780
f 2338/4096/1778 1466/3221/1780 1465/3220/1777
f 2338/4096/1778 1465/3220/1777 592/2341/1776
f 2339/4097/1781 593/2342/1779 594/2343/1782
f 2339/4097/1781 594/2343/1782 1467/3222/1783
f 2339/4097/1781 1467/3222/1783 1466/3221/1780
f 2339/4097/1781 1466/3221/1780 593/2342/1779
f 2340/4098/1784 594/2343/1782 595/2344/1785
f 2340/4098/1784 595/2344/1785 1468/3223/1786
f 2340/4098/1784 1468/3223/1786 1467/3222/1783
f 2340/4098/1784 1467/3222/1783 594/2343/1782
f 2341/4099/1787 595/2344/1785 596/2345/1788
f 2341/4099/1787 596/2345/1788 1469/3224/1789
f 2341/4099/1787 1469/3224/1789 1468/3223/1786
f 2341/4099/1787 1468/3223/1786 595/2344/1785
f 2342/4100/1790 596/2345/1788 597/2346/1791
f 2342/4100/1790 597/2346/1791 1470/3225/1792
f 2342/4100/1790 1470/3225/1792 1469/3224/1789
f 2342/4100/1790 1469/3224/1789 596/2345/1788
f 2343/4101/1793 597/2346/1791 598/2347/1794
f 2343/4101/1793 598/2347/1794 1471/3226/1795
f 2343/4101/1793 1471/3226/1795 1470/3225/1792
f 2343/4101/1793 1470/3225/1792 597/2346/1791
f 2344/4102/1796 598/2347/1794 599/2348/1797
f 2344/4102/1796 599/2348/1797 1472/3227/1798
f 2344/4102/1796 1472/3227/1798 1471/3226/1795
f 2344/4102/1796 1471/3226/1795 598/2347/1794
f 2345/4103/1799 599/2348/1797 600/2349/1800
f 2345/4103/1799 600/2349/1800 1473/3228/1801
f 2345/4103/1799 1473/3228/1801 1472/3227/1798
f 2345/4103/1799 1472/3227/1798 599/2348/1797
f 2346/4104/1802 600/2349/1800 601/2350/1803
f 2346/4104/1802 601/2350/1803 1474/3229/1804
f 2346/4104/1802 1474/3229/1804 1473/3228/1801
f 2346/4104/1802 1473/3228/1801 600/2349/1800
f 2347/4105/1805 601/2350/1803 602/2351/1806
f 2347/4105/1805 602/2351/1806 1475/3230/1807
f 2347/4105/1805 1475/3230/1807 1474/3229/1804
f 2347/4105/1805 1474/3229/1804 601/2350/1803
f 2348/4106/1808 602/2352/1806 603/2353/1809
f 2348/4106/1808 603/2353/1809 1476/3232/1810
f 2348/4106/1808 1476/3232/1810 1475/3231/1807
f 2348/4106/1808 1475/3231/1807 602/2352/1806
f 2349/4107/1811 603/2353/1809 604/2354/1812
f 2349/4107/1811 604/2354/1812 1477/3233/1813
f 2349/4107/1811 1477/3233/1813 1476/3232/1810
f 2349/4107/1811 1476/3232/1810 603/2353/1809
f 2350/4108/1814 604/2354/1812 605/2355/1815
f 2350/4108/1814 605/2355/1815 1478/3234/1816
f 2350/4108/1814 1478/3234/1816 1477/3233/1813
f 2350/4108/1814 1477/3233/1813 604/2354/1812
f 2351/4109/1817 605/2355/1815 606/2356/1818
f 2351/4109/1817 606/2356/1818 1479/3235/1819
f 2351/4109/1817 1479/3235/1819 1478/3234/1816
f 2351/4109/1817 1478/3234/1816 605/2355/1815
f 2352/4110/1820 606/2356/1818 607/2357/1821
f 2352/4110/1820 607/2357/1821 1480/3236/1822
f 2352/4110/1820 1480/3236/1822 1479/3235/1819
f 2352/4110/1820 1479/3235/1819 606/2356/1818
f 2353/4111/1823 607/2357/1821 608/2358/1824
f 2353/4111/1823 608/2358/1824 1481/3237/1825
f 2353/4111/1823 1481/3237/1825 1480/3236/1822
f 2353/4111/1823 1480/3236/1822 607/2357/1821
f 2354/4112/1826 608/2358/1824 609/2359/1827
f 2354/4112/1826 609/2359/1827 1482/3238/1828
f 2354/4112/1826 1482/3238/1828 1481/3237/1825
f 2354/4112/1826 1481/3237/1825 608/2358/1824
f 2355/4113/1829 609/2359/1827 610/2360/1830
f 2355/4113/1829 610/2360/1830 1483/3239/1831
f 2355/4113/1829 1483/3239/1831 1482/3238/1828
f 2355/4113/1829 1482/3238/1828 609/2359/1827
f 2356/4114/1832 610/2360/1830 611/2361/1833
f 2356/4114/1832 611/2361/1833 1484/3240/1834
f 2356/4114/1832 1484/3240/1834 1483/3239/1831
f 2356/4114/1832 1483/3239/1831 610/2360/1830
f 2357/4115/1835 611/2361/1833 612/2362/1836
f 2357/4115/1835 612/2362/1836 1485/3241/1837
f 2357/4115/1835 1485/3241/1837 1484/3240/1834
f 2357/4115/1835 1484/3240/1834 611/2361/1833
f 2358/4116/1838 612/2362/1836 613/2363/1839
f 2358/4116/1838 613/2363/1839 1486/3242/1840
f 2358/4116/1838 1486/3242/1840 1485/3241/1837
f 2358/4116/1838 1485/3241/1837 612/2362/1836
f 2359/4117/1841 613/2363/1839 614/2364/1842
f 2359/4117/1841 614/2364/1842 1487/3243/1843
f 2359/4117/1841 1487/3243/1843 1486/3242/1840
f 2359/4117/1841 1486/3242/1840 613/2363/1839
f 2360/4118/1844 614/2364/1842 615/2365/1845
f 2360/4118/1844 615/2365/1845 1488/3244/1846
f 2360/4118/1844 1488/3244/1846 1487/3243/1843
f 2360/4118/1844 1487/3243/1843 614/2364/1842
f 2361/4119/1847 615/2365/1845 616/2366/1848
f 2361/4119/1847 616/2366/1848 1489/3245/1849
f 2361/4119/1847 1489/3245/1849 1488/3244/1846
f 2361/4119/1847 1488/3244/1846 615/2365/1845
f 2362/4120/1850 616/2366/1848 617/2367/1851
f 2362/4120/1850 617/2367/1851 1490/3246/1852
f 2362/4120/1850 1490/3246/1852 1489/3245/1849
f 2362/4120/1850 1489/3245/1849 616/2366/1848
f 2363/4121/1853 617/2367/1851 618/2368/1854
f 2363/4121/1853 618/2368/1854 1491/3247/1855
f 2363/4121/1853 1491/3247/1855 1490/3246/1852
f 2363/4121/1853 1490/3246/1852 617/2367/1851
f 2364/4122/1856 618/2368/1854 619/2369/1857
f 2364/4122/1856 619/2369/1857 1492/3248/1858
f 2364/4122/1856 1492/3248/1858 1491/3247/1855
f 2364/4122/1856 1491/3247/1855 618/2368/1854
f 2365/4123/1859 619/2369/1857 620/2370/1860
f 2365/4123/1859 620/2370/1860 1493/3249/1861
f 2365/4123/1859 1493/3249/1861 1492/3248/1858
f 2365/4123/1859 1492/3248/1858 619/2369/1857
f 2366/4124/1862 620/2370/1860 621/2371/1863
f 2366/4124/1862 621/2371/1863 1494/3250/1864
f 2366/4124/1862 1494/3250/1864 1493/3249/1861
f 2366/4124/1862 1493/3249/1861 620/2370/1860
f 2367/4125/1865 621/2371/1863 622/2372/1866
f 2367/4125/1865 622/2372/1866 1495/3251/1867
f 2367/4125/1865 1495/3251/1867 1494/3250/1864
f 2367/4125/1865 1494/3250/1864 621/2371/1863
f 2368/4126/1868 622/2372/1866 623/2373/1869
f 2368/4126/1868 623/2373/1869 1496/3252/1870
f 2368/4126/1868 1496/3252/1870 1495/3251/1867
f 2368/4126/1868 1495/3251/1867 622/2372/1866
f 2369/4127/1871 623/2373/1869 624/2374/1872
f 2369/4127/1871 624/2374/1872 1497/3253/1873
f 2369/4127/1871 1497/3253/1873 1496/3252/1870
f 2369/4127/1871 1496/3252/1870 623/2373/1869
f 2370/4128/1874 624/2374/1872 625/2375/1875
f 2370/4128/1874 625/2375/1875 1498/3254/1876
f 2370/4128/1874 1498/3254/1876 1497/3253/1873
f 2370/4128/1874 1497/3253/1873 624/2374/1872
f 2371/4129/1877 625/2375/1875 626/2376/1878
f 2371/4129/1877 626/2376/1878 1499/3255/1879
f 2371/4129/1877 1499/3255/1879 1498/3254/1876
f 2371/4129/1877 1498/3254/1876 625/2375/1875
f 2372/4130/1880 626/2376/1878 627/2377/1881
f 2372/4130/1880 627/2377/1881 1500/3256/1882
f 2372/4130/1880 1500/3256/1882 1499/3255/1879
f 2372/4130/1880 1499/3255/1879 626/2376/1878
f 2373/4131/1883 627/2377/1881 628/2378/1884
f 2373/4131/1883 628/2378/1884 1501/3257/1885
f 2373/4131/1883 1501/3257/1885 1500/3256/1882
f 2373/4131/1883 1500/3256/1882 627/2377/1881
f 2374/4132/1886 628/2378/1884 629/2379/1887
f 2374/4132/1886 629/2379/1887 1502/3258/1888
f 2374/4132/1886 1502/3258/1888 1501/3257/1885
f 2374/4132/1886 1501/3257/1885 628/2378/1884
f 2375/4133/1889 629/2379/1887 630/2380/1890
f 2375/4133/1889 630/2380/1890 1503/3259/1891
f 2375/4133/1889 1503/3259/1891 1502/3258/1888
f 2375/4133/1889 1502/3258/1888 629/2379/1887
f 2376/4134/1892 630/2380/1890 631/2381/1893
f 2376/4134/1892 631/2381/1893 1504/3260/1894
f 2376/4134/1892 1504/3260/1894 1503/3259/1891
f 2376/4134/1892 1503/3259/1891 630/2380/1890
f 2377/4135/1895 631/2381/1893 632/2382/1896
f 2377/4135/1895 632/2382/1896 1505/3261/1897
f 2377/4135/1895 1505/3261/1897 1504/3260/1894
f 2377/4135/1895 1504/3260/1894 631/2381/1893
f 2378/4136/1898 632/2382/1896 633/2383/1899
f 2378/4136/1898 633/2383/1899 1506/3262/1900
f 2378/4136/1898 1506/3262/1900 1505/3261/1897
f 2378/4136/1898 1505/3261/1897 632/2382/1896
f 2379/4137/1901 633/2383/1899 634/2384/1902
f 2379/4137/1901 634/2384/1902 1507/3263/1903
f 2379/4137/1901 1507/3263/1903 1506/3262/1900
f 2379/4137/1901 1506/3262/1900 633/2383/1899
f 2380/4138/1904 634/2384/1902 635/2385/1905
f 2380/4138/1904 635/2385/1905 1508/3264/1906
f 2380/4138/1904 1508/3264/1906 1507/3263/1903
f 2380/4138/1904 1507/3263/1903 634/2384/1902
f 2381/4139/1907 635/2385/1905 636/2386/1908
f 2381/4139/1907 636/2386/1908 1509/3265/1909
f 2381/4139/1907 1509/3265/1909 1508/3264/1906
f 2381/4139/1907 1508/3264/1906 635/2385/1905
f 2382/4140/1910 636/2386/1908 637/2387/1911
f 2382/4140/1910 637/2387/1911 1510/3266/1912
f 2382/4140/1910 1510/3266/1912 1509/3265/1909
f 2382/4140/1910 1509/3265/1909 636/2386/1908
f 2383/4141/1913 637/2387/1911 638/2388/1914
f 2383/4141/1913 638/2388/1914 1511/3267/1915
f 2383/4141/1913 1511/3267/1915 1510/3266/1912
f 2383/4141/1913 1510/3266/1912 637/2387/1911
f 2384/4142/1916 638/2388/1914 639/2389/1917
f 2384/4142/1916 639/2389/1917 1512/3268/1918
f 2384/4142/1916 1512/3268/1918 1511/3267/1915
f 2384/4142/1916 1511/3267/1915 638/2388/1914
f 2385/4143/1919 639/2389/1917 640/2390/1920
f 2385/4143/1919 640/2390/1920 1513/3269/1921
f 2385/4143/1919 1513/3269/1921 1512/3268/1918
f 2385/4143/1919 1512/3268/1918 639/2389/1917
f 2386/4144/1922 640/2390/1920 641/2391/1923
f 2386/4144/1922 641/2391/1923 1514/3270/1924
f 2386/4144/1922 1514/3270/1924 1513/3269/1921
f 2386/4144/1922 1513/3269/1921 640/2390/1920
f 2387/4145/1925 641/2391/1923 642/2392/1926
f 2387/4145/1925 642/2392/1926 1515/3271/1927
f 2387/4145/1925 1515/3271/1927 1514/3270/1924
f 2387/4145/1925 1514/3270/1924 641/2391/1923
f 2388/4146/1928 642/2392/1926 643/2393/1929
f 2388/4146/1928 643/2393/1929 1516/3272/1930
f 2388/4146/1928 1516/3272/1930 1515/3271/1927
f 2388/4146/1928 1515/3271/1927 642/2392/1926
f 2389/4147/1931 643/2393/1929 644/2394/1932
f 2389/4147/1931 644/2394/1932 1517/3273/1933
f 2389/4147/1931 1517/3273/1933 1516/3272/1930
f 2389/4147/1931 1516/3272/1930 643/2393/1929
f 2390/4148/1934 644/2394/1932 645/2395/1935
f 2390/4148/1934 645/2395/1935 1518/3274/1936
f 2390/4148/1934 1518/3274/1936 1517/3273/1933
f 2390/4148/1934 1517/3273/1933 644/2394/1932
f 2391/4149/1937 645/2395/1935 646/2396/1938
f 2391/4149/1937 646/2396/1938 1519/3275/1939
f 2391/4149/1937 1519/3275/1939 1518/3274/1936
f 2391/4149/1937 1518/3274/1936 645/2395/1935
f 2392/4150/1940 646/2396/1938 647/2397/1941
f 2392/4150/1940 647/2397/1941 1520/3276/1942
f 2392/4150/1940 1520/3276/1942 1519/3275/1939
f 2392/4150/1940 1519/3275/1939 646/2396/1938
f 2393/4151/1943 647/2397/1941 648/2398/1944
f 2393/4151/1943 648/2398/1944 1521/3277/1945
f 2393/4151/1943 1521/3277/1945 1520/3276/1942
f 2393/4151/1943 1520/3276/1942 647/2397/1941
f 2394/4152/1946 648/2398/1944 649/2399/1947
f 2394/4152/1946 649/2399/1947 1522/3278/1948
f 2394/4152/1946 1522/3278/1948 1521/3277/1945
f 2394/4152/1946 1521/3277/1945 648/2398/1944
f 2395/4153/1949 649/2399/1947 650/2400/1950
f 2395/4153/1949 650/2400/1950 1523/3279/1951
f 2395/4153/1949 1523/3279/1951 1522/3278/1948
f 2395/4153/1949 1522/3278/1948 649/2399/1947
f 2396/4154/1952 650/2400/1950 651/2401/1953
f 2396/4154/1952 651/2401/1953 1524/3280/1954
f 2396/4154/1952 1524/3280/1954 1523/3279/1951
f 2396/4154/1952 1523/3279/1951 650/2400/1950
f 2397/4155/1955 651/2401/1953 652/2402/1956
f 2397/4155/1955 652/2402/1956 1525/3281/1957
f 2397/4155/1955 1525/3281/1957 1524/3280/1954
f 2397/4155/1955 1524/3280/1954 651/2401/1953
f 2398/4156/1958 652/2402/1956 653/2403/1959
f 2398/4156/1958 653/2403/1959 1526/3282/1960
f 2398/4156/1958 1526/3282/1960 1525/3281/1957
f 2398/4156/1958 1525/3281/1957 652/2402/1956
f 2399/4157/1961 653/2403/1959 654/2404/1962
f 2399/4157/1961 654/2404/1962 1527/3283/1963
f 2399/4157/1961 1527/3283/1963 1526/3282/1960
f 2399/4157/1961 1526/3282/1960 653/2403/1959
f 2400/4158/1964 654/2404/1962 655/2405/1965
f 2400/4158/1964 655/2405/1965 1528/3284/1966
f 2400/4158/1964 1528/3284/1966 1527/3283/1963
f 2400/4158/1964 1527/3283/1963 654/2404/1962
f 2401/4159/1967 655/2405/1965 656/2406/1968
f 2401/4159/1967 656/2406/1968 1529/3285/1969
f 2401/4159/1967 1529/3285/1969 1528/3284/1966
f 2401/4159/1967 1528/3284/1966 655/2405/1965
f 2402/4160/1970 656/2406/1968 657/2407/1971
f 2402/4160/1970 657/2407/1971 1530/3286/1972
f 2402/4160/1970 1530/3286/1972 1529/3285/1969
f 2402/4160/1970 1529/3285/1969 656/2406/1968
f 2403/4161/1973 657/2407/1971 658/2408/1974
f 2403/4161/1973 658/2408/1974 1531/3287/1975
f 2403/4161/1973 1531/3287/1975 1530/3286/1972
f 2403/4161/1973 1530/3286/1972 657/2407/1971
f 2404/4162/1976 658/2408/1974 659/2409/1977
f 2404/4162/1976 659/2409/1977 1532/3288/1978
f 2404/4162/1976 1532/3288/1978 1531/3287/1975
f 2404/4162/1976 1531/3287/1975 658/2408/1974
f 2405/4163/1979 659/2409/1977 660/2410/1980
f 2405/4163/1979 660/2410/1980 1533/3289/1981
f 2405/4163/1979 1533/3289/1981 1532/3288/1978
f 2405/4163/1979 1532/3288/1978 659/2409/1977
f 2406/4164/1982 660/2410/1980 661/2411/1983
f 2406/4164/1982 661/2411/1983 1534/3290/1984
f 2406/4164/1982 1534/3290/1984 1533/3289/1981
f 2406/4164/1982 1533/3289/1981 660/2410/1980
f 2407/4165/1985 661/2411/1983 662/2412/1986
f 2407/4165/1985 662/2412/1986 1535/3291/1987
f 2407/4165/1985 1535/3291/1987 1534/3290/1984
f 2407/4165/1985 1534/3290/1984 661/2411/1983
f 2408/4166/1988 662/2412/1986 663/2413/1989
f 2408/4166/1988 663/2413/1989 1536/3292/1990
f 2408/4166/1988 1536/3292/1990 1535/3291/1987
f 2408/4166/1988 1535/3291/1987 662/2412/1986
f 2409/4167/1991 663/2413/1989 664/2414/1992
f 2409/4167/1991 664/2414/1992 1537/3293/1993
f 2409/4167/1991 1537/3293/1993 1536/3292/1990
f 2409/4167/1991 1536/3292/1990 663/2413/1989
f 2410/4168/1994 664/2414/1992 665/2415/1995
f 2410/4168/1994 665/2415/1995 1538/3294/1996
f 2410/4168/1994 1538/3294/1996 1537/3293/1993
f 2410/4168/1994 1537/3293/1993 664/2414/1992
f 2411/4169/1997 665/2415/1995 666/2416/1998
f 2411/4169/1997 666/2416/1998 1539/3295/1999
f 2411/4169/1997 1539/3295/1999 1538/3294/1996
f 2411/4169/1997 1538/3294/1996 665/2415/1995
f 2412/4170/2000 666/2416/1998 667/2417/2001
f 2412/4170/2000 667/2417/2001 1540/3296/2002
f 2412/4170/2000 1540/3296/2002 1539/3295/1999
f 2412/4170/2000 1539/3295/1999 666/2416/1998
f 2413/4171/2003 667/2417/2001 668/2418/2004
f 2413/4171/2003 668/2418/2004 1541/3297/2005
f 2413/4171/2003 1541/3297/2005 1540/3296/2002
f 2413/4171/2003 1540/3296/2002 667/2417/2001
f 2414/4172/2006 668/2418/2004 669/2419/2007
f 2414/4172/2006 669/2419/2007 1542/3298/2008
f 2414/4172/2006 1542/3298/2008 1541/3297/2005
f 2414/4172/2006 1541/3297/2005 668/2418/2004
f 2415/4173/2009 669/2419/2007 670/2420/2010
f 2415/4173/2009 670/2420/2010 1543/3299/2011
f 2415/4173/2009 1543/3299/2011 1542/3298/2008
f 2415/4173/2009 1542/3298/2008 669/2419/2007
f 2416/4174/2012 670/2420/2010 671/2421/2013
f 2416/4174/2012 671/2421/2013 1544/3300/2014
f 2416/4174/2012 1544/3300/2014 1543/3299/2011
f 2416/4174/2012 1543/3299/2011 670/2420/2010
f 2417/4175/2015 671/2421/2013 672/2422/2016
f 2417/4175/2015 672/2422/2016 1545/3301/2017
f 2417/4175/2015 1545/3301/2017 1544/3300/2014
f 2417/4175/2015 1544/3300/2014 671/2421/2013
f 2418/4176/2018 672/2422/2016 673/2423/2019
f 2418/4176/2018 673/2423/2019 1546/3302/2020
f 2418/4176/2018 1546/3302/2020 1545/3301/2017
f 2418/4176/2018 1545/3301/2017 672/2422/2016
f 2419/4177/2021 673/2423/2019 674/2424/2022
f 2419/4177/2021 674/2424/2022 1547/3303/2023
f 2419/4177/2021 1547/3303/2023 1546/3302/2020
f 2419/4177/2021 1546/3302/2020 673/2423/2019
f 2420/4178/2024 674/2424/2022 675/2425/2025
f 2420/4178/2024 675/2425/2025 1548/3304/2026
f 2420/4178/2024 1548/3304/2026 1547/3303/2023
f 2420/4178/2024 1547/3303/2023 674/2424/2022
f 2421/4179/2027 675/2425/2025 676/2426/2028
f 2421/4179/2027 676/2426/2028 1549/3305/2029
f 2421/4179/2027 1549/3305/2029 1548/3304/2026
f 2421/4179/2027 1548/3304/2026 675/2425/2025
f 2422/4180/2030 676/2426/2028 677/2427/2031
f 2422/4180/2030 677/2427/2031 1550/3306/2032
f 2422/4180/2030 1550/3306/2032 1549/3305/2029
f 2422/4180/2030 1549/3305/2029 676/2426/2028
f 2423/4181/2033 677/2427/2031 678/2428/2034
f 2423/4181/2033 678/2428/2034 1551/3307/2035
f 2423/4181/2033 1551/3307/2035 1550/3306/2032
f 2423/4181/2033 1550/3306/2032 677/2427/2031
f 2424/4182/2036 678/2428/2034 679/2429/2037
f 2424/4182/2036 679/2429/2037 1552/3308/2038
f 2424/4182/2036 1552/3308/2038 1551/3307/2035
f 2424/4182/2036 1551/3307/2035 678/2428/2034
f 2425/4183/2039 679/2429/2037 680/2430/2040
f 2425/4183/2039 680/2430/2040 1553/3309/2041
f 2425/4183/2039 1553/3309/2041 1552/3308/2038
f 2425/4183/2039 1552/3308/2038 679/2429/2037
f 2426/4184/2042 680/2430/2040 681/2431/2043
f 2426/4184/2042 681/2431/2043 1554/3310/2044
f 2426/4184/2042 1554/3310/2044 1553/3309/2041
f 2426/4184/2042 1553/3309/2041 680/2430/2040
f 2427/4185/2045 681/2431/2043 682/2432/2046
f 2427/4185/2045 682/2432/2046 1555/3311/2047
f 2427/4185/2045 1555/3311/2047 1554/3310/2044
f 2427/4185/2045 1554/3310/2044 681/2431/2043
f 2428/4186/2048 682/2432/2046 683/2433/2049
f 2428/4186/2048 683/2433/2049 1556/3312/2050
f 2428/4186/2048 1556/3312/2050 1555/3311/2047
f 2428/4186/2048 1555/3311/2047 682/2432/2046
f 2429/4187/2051 683/2433/2049 684/2434/2052
f 2429/4187/2051 684/2434/2052 1557/3313/2053
f 2429/4187/2051 1557/3313/2053 1556/3312/2050
f 2429/4187/2051 1556/3312/2050 683/2433/2049
f 2430/4188/2054 684/2434/2052 685/2435/2055
f 2430/4188/2054 685/2435/2055 1558/3314/2056
f 2430/4188/2054 1558/3314/2056 1557/3313/2053
f 2430/4188/2054 1557/3313/2053 684/2434/2052
f 2431/4189/2057 685/2435/2055 686/2436/2058
f 2431/4189/2057 686/2436/2058 1559/3315/2059
f 2431/4189/2057 1559/3315/2059 1558/3314/2056
f 2431/4189/2057 1558/3314/2056 685/2435/2055
f 2432/4190/2060 686/2436/2058 687/2437/2061
f 2432/4190/2060 687/2437/2061 1560/3316/2062
f 2432/4190/2060 1560/3316/2062 1559/3315/2059
f 2432/4190/2060 1559/3315/2059 686/2436/2058
f 2433/4191/2063 687/2437/2061 688/2438/2064
f 2433/4191/2063 688/2438/2064 1561/3317/2065
f 2433/4191/2063 1561/3317/2065 1560/3316/2062
f 2433/4191/2063 1560/3316/2062 687/2437/2061
f 2434/4192/2066 688/2438/2064 689/2439/2067
f 2434/4192/2066 689/2439/2067 1562/3318/2068
f 2434/4192/2066 1562/3318/2068 1561/3317/2065
f 2434/4192/2066 1561/3317/2065 688/2438/2064
f 2435/4193/2069 689/2439/2067 690/2440/2070
f 2435/4193/2069 690/2440/2070 1563/3319/2071
f 2435/4193/2069 1563/3319/2071 1562/3318/2068
f 2435/4193/2069 1562/3318/2068 689/2439/2067
f 2436/4194/2072 690/2440/2070 691/2441/2073
f 2436/4194/2072 691/2441/2073 1564/3320/2074
f 2436/4194/2072 1564/3320/2074 1563/3319/2071
f 2436/4194/2072 1563/3319/2071 690/2440/2070
f 2437/4195/2075 691/2441/2073 692/2442/2076
f 2437/4195/2075 692/2442/2076 1565/3321/2077
f 2437/4195/2075 1565/3321/2077 1564/3320/2074
f 2437/4195/2075 1564/3320/2074 691/2441/2073
f 2438/4196/2078 692/2442/2076 693/2443/2079
f 2438/4196/2078 693/2443/2079 1566/3322/2080
f 2438/4196/2078 1566/3322/2080 1565/3321/2077
f 2438/4196/2078 1565/3321/2077 692/2442/2076
f 2439/4197/2081 693/2443/2079 694/2444/2082
f 2439/4197/2081 694/2444/2082 1567/3323/2083
f 2439/4197/2081 1567/3323/2083 1566/3322/2080
f 2439/4197/2081 1566/3322/2080 693/2443/2079
f 2440/4198/2084 694/2444/2082 695/2445/2085
f 2440/4198/2084 695/2445/2085 1568/3324/2086
f 2440/4198/2084 1568/3324/2086 1567/3323/2083
f 2440/4198/2084 1567/3323/2083 694/2444/2082
f 2441/4199/2087 695/2445/2085 696/2446/2088
f 2441/4199/2087 696/2446/2088 1569/3325/2089
f 2441/4199/2087 1569/3325/2089 1568/3324/2086
f 2441/4199/2087 1568/3324/2086 695/2445/2085
f 2442/4200/2090 696/2446/2088 697/2447/2091
f 2442/4200/2090 697/2447/2091 1570/3326/2092
f 2442/4200/2090 1570/3326/2092 1569/3325/2089
f 2442/4200/2090 1569/3325/2089 696/2446/2088
f 2443/4201/2093 697/2447/2091 698/2448/2094
f 2443/4201/2093 698/2448/2094 1571/3327/2095
f 2443/4201/2093 1571/3327/2095 1570/3326/2092
f 2443/4201/2093 1570/3326/2092 697/2447/2091
f 2444/4202/2096 698/2448/2094 699/2449/2097
f 2444/4202/2096 699/2449/2097 1572/3328/2098
f 2444/4202/2096 1572/3328/2098 1571/3327/2095
f 2444/4202/2096 1571/3327/2095 698/2448/2094
f 2445/4203/2099 699/2449/2097 700/2450/2100
f 2445/4203/2099 700/2450/2100 1573/3329/2101
f 2445/4203/2099 1573/3329/2101 1572/3328/2098
f 2445/4203/2099 1572/3328/2098 699/2449/2097
f 2446/4204/2102 700/2450/2100 701/2451/2103
f 2446/4204/2102 701/2451/2103 1574/3330/2104
f 2446/4204/2102 1574/3330/2104 1573/3329/2101
f 2446/4204/2102 1573/3329/2101 700/2450/2100
f 2447/4205/2105 701/2451/2103 702/2452/2106
f 2447/4205/2105 702/2452/2106 1575/3331/2107
f 2447/4205/2105 1575/3331/2107 1574/3330/2104
f 2447/4205/2105 1574/3330/2104 701/2451/2103
f 2448/4206/2108 702/2452/2106 703/2453/2109
f 2448/4206/2108 703/2453/2109 1576/3332/2110
f 2448/4206/2108 1576/3332/2110 1575/3331/2107
f 2448/4206/2108 1575/3331/2107 702/2452/2106
f 2449/4207/2111 703/2453/2109 704/2454/2112
f 2449/4207/2111 704/2454/2112 1577/3333/2113
f 2449/4207/2111 1577/3333/2113 1576/3332/2110
f 2449/4207/2111 1576/3332/2110 703/2453/2109
f 2450/4208/2114 704/2454/2112 705/2455/2115
f 2450/4208/2114 705/2455/2115 1578/3334/2116
f 2450/4208/2114 1578/3334/2116 1577/3333/2113
f 2450/4208/2114 1577/3333/2113 704/2454/2112
f 2451/4209/2117 705/2455/2115 706/2456/2118
f 2451/4209/2117 706/2456/2118 1579/3335/2119
f 2451/4209/2117 1579/3335/2119 1578/3334/2116
f 2451/4209/2117 1578/3334/2116 705/2455/2115
f 2452/4210/2120 706/2456/2118 707/2457/2121
f 2452/4210/2120 707/2457/2121 1580/3336/2122
f 2452/4210/2120 1580/3336/2122 1579/3335/2119
f 2452/4210/2120 1579/3335/2119 706/2456/2118
f 2453/4211/2123 707/2457/2121 708/2458/2124
f 2453/4211/2123 708/2458/2124 1581/3337/2125
f 2453/4211/2123 1581/3337/2125 1580/3336/2122
f 2453/4211/2123 1580/3336/2122 707/2457/2121
f 2454/4212/2126 708/2458/2124 709/2459/2127
f 2454/4212/2126 709/2459/2127 1582/3338/2128
f 2454/4212/2126 1582/3338/2128 1581/3337/2125
f 2454/4212/2126 1581/3337/2125 708/2458/2124
f 2455/4213/2129 709/2459/2127 710/2460/2130
f 2455/4213/2129 710/2460/2130 1583/3339/2131
f 2455/4213/2129 1583/3339/2131 1582/3338/2128
f 2455/4213/2129 1582/3338/2128 709/2459/2127
f 2456/4214/2132 710/2460/2130 711/2461/2133
f 2456/4214/2132 711/2461/2133 1584/3340/2134
f 2456/4214/2132 1584/3340/2134 1583/3339/2131
f 2456/4214/2132 1583/3339/2131 710/2460/2130
f 2457/4215/2135 711/2461/2133 712/2462/2136
f 2457/4215/2135 712/2462/2136 1585/3341/2137
f 2457/4215/2135 1585/3341/2137 1584/3340/2134
f 2457/4215/2135 1584/3340/2134 711/2461/2133
f 2458/4216/2138 712/2462/2136 713/2463/2139
f 2458/4216/2138 713/2463/2139 1586/3342/2140
f 2458/4216/2138 1586/3342/2140 1585/3341/2137
f 2458/4216/2138 1585/3341/2137 712/2462/2136
f 2459/4217/2141 713/2463/2139 714/2464/2142
f 2459/4217/2141 714/2464/2142 1587/3343/2143
f 2459/4217/2141 1587/3343/2143 1586/3342/2140
f 2459/4217/2141 1586/3342/2140 713/2463/2139
f 2460/4218/2144 714/2464/2142 715/2465/2145
f 2460/4218/2144 715/2465/2145 1588/3344/2146
f 2460/4218/2144 1588/3344/2146 1587/3343/2143
f 2460/4218/2144 1587/3343/2143 714/2464/2142
f 2461/4219/2147 715/2465/2145 716/2466/2148
f 2461/4219/2147 716/2466/2148 1589/3345/2149
f 2461/4219/2147 1589/3345/2149 1588/3344/2146
f 2461/4219/2147 1588/3344/2146 715/2465/2145
f 2462/4220/2150 716/2466/2148 717/2467/2151
f 2462/4220/2150 717/2467/2151 1590/3346/2152
f 2462/4220/2150 1590/3346/2152 1589/3345/2149
f 2462/4220/2150 1589/3345/2149 716/2466/2148
f 2463/4221/2153 717/2467/2151 718/2468/2154
f 2463/4221/2153 718/2468/2154 1591/3347/2155
f 2463/4221/2153 1591/3347/2155 1590/3346/2152
f 2463/4221/2153 1590/3346/2152 717/2467/2151
f 2464/4222/2156 718/2468/2154 719/2469/2157
f 2464/4222/2156 719/2469/2157 1592/3348/2158
f 2464/4222/2156 1592/3348/2158 1591/3347/2155
f 2464/4222/2156 1591/3347/2155 718/2468/2154
f 2465/4223/2159 719/2469/2157 720/2470/2160
f 2465/4223/2159 720/2470/2160 1593/3349/2161
f 2465/4223/2159 1593/3349/2161 1592/3348/2158
f 2465/4223/2159 1592/3348/2158 719/2469/2157
f 2466/4224/2162 720/2470/2160 721/2471/2163
f 2466/4224/2162 721/2471/2163 1594/3350/2164
f 2466/4224/2162 1594/3350/2164 1593/3349/2161
f 2466/4224/2162 1593/3349/2161 720/2470/2160
f 2467/4225/2165 721/2471/2163 722/2472/2166
f 2467/4225/2165 722/2472/2166 1595/3351/2167
f 2467/4225/2165 1595/3351/2167 1594/3350/2164
f 2467/4225/2165 1594/3350/2164 721/2471/2163
f 2468/4226/2168 722/2472/2166 723/2473/2169
f 2468/4226/2168 723/2473/2169 1596/3352/2170
f 2468/4226/2168 1596/3352/2170 1595/3351/2167
f 2468/4226/2168 1595/3351/2167 722/2472/2166
f 2469/4227/2171 723/2473/2169 724/2474/2172
f 2469/4227/2171 724/2474/2172 1597/3353/2173
f 2469/4227/2171 1597/3353/2173 1596/3352/2170
f 2469/4227/2171 1596/3352/2170 723/2473/2169
f 2470/4228/2174 724/2474/2172 725/2475/2175
f 2470/4228/2174 725/2475/2175 1598/3354/2176
f 2470/4228/2174 1598/3354/2176 1597/3353/2173
f 2470/4228/2174 1597/3353/2173 724/2474/2172
f 2471/4229/2177 725/2475/2175 726/2476/2178
f 2471/4229/2177 726/2476/2178 1599/3355/2179
f 2471/4229/2177 1599/3355/2179 1598/3354/2176
f 2471/4229/2177 1598/3354/2176 725/2475/2175
f 2472/4230/2180 726/2476/2178 727/2477/2181
f 2472/4230/2180 727/2477/2181 1600/3356/2182
f 2472/4230/2180 1600/3356/2182 1599/3355/2179
f 2472/4230/2180 1599/3355/2179 726/2476/2178
f 2473/4231/2183 727/2477/2181 728/2478/2184
f 2473/4231/2183 728/2478/2184 1601/3357/2185
f 2473/4231/2183 1601/3357/2185 1600/3356/2182
f 2473/4231/2183 1600/3356/2182 727/2477/2181
f 2474/4232/2186 728/2478/2184 729/2479/2187
f 2474/4232/2186 729/2479/2187 1602/3358/2188
f 2474/4232/2186 1602/3358/2188 1601/3357/2185
f 2474/4232/2186 1601/3357/2185 728/2478/2184
f 2475/4233/2189 729/2479/2187 730/2480/2190
f 2475/4233/2189 730/2480/2190 1603/3359/2191
f 2475/4233/2189 1603/3359/2191 1602/3358/2188
f 2475/4233/2189 1602/3358/2188 729/2479/2187
f 2476/4234/2192 730/2480/2190 731/2481/2193
f 2476/4234/2192 731/2481/2193 1604/3360/2194
f 2476/4234/2192 1604/3360/2194 1603/3359/2191
f 2476/4234/2192 1603/3359/2191 730/2480/2190
f 2477/4235/2195 731/2482/2193 732/2483/2196
f 2477/4235/2195 732/2483/2196 1605/3362/2197
f 2477/4235/2195 1605/3362/2197 1604/3361/2194
f 2477/4235/2195 1604/3361/2194 731/2482/2193
f 2478/4236/2198 732/2483/2196 733/2484/2199
f 2478/4236/2198 733/2484/2199 1606/3363/2200
f 2478/4236/2198 1606/3363/2200 1605/3362/2197
f 2478/4236/2198 1605/3362/2197 732/2483/2196
f 2479/4237/2201 733/2484/2199 734/2485/2202
f 2479/4237/2201 734/2485/2202 1607/3364/2203
f 2479/4237/2201 1607/3364/2203 1606/3363/2200
f 2479/4237/2201 1606/3363/2200 733/2484/2199
f 2480/4238/2204 734/2485/2202 735/2486/2205
f 2480/4238/2204 735/2486/2205 1608/3365/2206
f 2480/4238/2204 1608/3365/2206 1607/3364/2203
f 2480/4238/2204 1607/3364/2203 734/2485/2202
f 2481/4239/2207 735/2486/2205 736/2487/2208
f 2481/4239/2207 736/2487/2208 1609/3366/2209
f 2481/4239/2207 1609/3366/2209 1608/3365/2206
f 2481/4239/2207 1608/3365/2206 735/2486/2205
f 2482/4240/2210 736/2487/2208 737/2488/2211
f 2482/4240/2210 737/2488/2211 1610/3367/2212
f 2482/4240/2210 1610/3367/2212 1609/3366/2209
f 2482/4240/2210 1609/3366/2209 736/2487/2208
f 2483/4241/2213 737/2488/2211 738/2489/2214
f 2483/4241/2213 738/2489/2214 1611/3368/2215
f 2483/4241/2213 1611/3368/2215 1610/3367/2212
f 2483/4241/2213 1610/3367/2212 737/2488/2211
f 2484/4242/2216 738/2489/2214 739/2490/2217
f 2484/4242/2216 739/2490/2217 1612/3369/2218
f 2484/4242/2216 1612/3369/2218 1611/3368/2215
f 2484/4242/2216 1611/3368/2215 738/2489/2214
f 2485/4243/2219 739/2490/2217 740/2491/2220
f 2485/4243/2219 740/2491/2220 1613/3370/2221
f 2485/4243/2219 1613/3370/2221 1612/3369/2218
f 2485/4243/2219 1612/3369/2218 739/2490/2217
f 2486/4244/2222 740/2491/2220 741/2492/2223
f 2486/4244/2222 741/2492/2223 1614/3371/2224
f 2486/4244/2222 1614/3371/2224 1613/3370/2221
f 2486/4244/2222 1613/3370/2221 740/2491/2220
f 2487/4245/2225 741/2492/2223 742/2493/2226
f 2487/4245/2225 742/2493/2226 1615/3372/2227
f 2487/4245/2225 1615/3372/2227 1614/3371/2224
f 2487/4245/2225 1614/3371/2224 741/2492/2223
f 2488/4246/2228 742/2493/2226 743/2494/2229
f 2488/4246/2228 743/2494/2229 1616/3373/2230
f 2488/4246/2228 1616/3373/2230 1615/3372/2227
f 2488/4246/2228 1615/3372/2227 742/2493/2226
f 2489/4247/2231 743/2494/2229 744/2495/2232
f 2489/4247/2231 744/2495/2232 1617/3374/2233
f 2489/4247/2231 1617/3374/2233 1616/3373/2230
f 2489/4247/2231 1616/3373/2230 743/2494/2229
f 2490/4248/2234 744/2495/2232 745/2496/2235
f 2490/4248/2234 745/2496/2235 1618/3375/2236
f 2490/4248/2234 1618/3375/2236 1617/3374/2233
f 2490/4248/2234 1617/3374/2233 744/2495/2232
f 2491/4249/2237 745/2496/2235 746/2497/2238
f 2491/4249/2237 746/2497/2238 1619/3376/2239
f 2491/4249/2237 1619/3376/2239 1618/3375/2236
f 2491/4249/2237 1618/3375/2236 745/2496/2235
f 2492/4250/2240 746/2497/2238 747/2498/2241
f 2492/4250/2240 747/2498/2241 1620/3377/2242
f 2492/4250/2240 1620/3377/2242 1619/3376/2239
f 2492/4250/2240 1619/3376/2239 746/2497/2238
f 2493/4251/2243 747/2498/2241 748/2499/2244
f 2493/4251/2243 748/2499/2244 1621/3378/2245
f 2493/4251/2243 1621/3378/2245 1620/3377/2242
f 2493/4251/2243 1620/3377/2242 747/2498/2241
f 2494/4252/2246 748/2499/2244 749/2500/2247
f 2494/4252/2246 749/2500/2247 1622/3379/2248
f 2494/4252/2246 1622/3379/2248 1621/3378/2245
f 2494/4252/2246 1621/3378/2245 748/2499/2244
f 2495/4253/2249 749/2500/2247 750/2501/2250
f 2495/4253/2249 750/2501/2250 1623/3380/2251
f 2495/4253/2249 1623/3380/2251 1622/3379/2248
f 2495/4253/2249 1622/3379/2248 749/2500/2247
f 2496/4254/2252 750/2501/2250 751/2502/2253
f 2496/4254/2252 751/2502/2253 1624/3381/2254
f 2496/4254/2252 1624/3381/2254 1623/3380/2251
f 2496/4254/2252 1623/3380/2251 750/2501/2250
f 2497/4255/2255 751/2502/2253 752/2503/2256
f 2497/4255/2255 752/2503/2256 1625/3382/2257
f 2497/4255/2255 1625/3382/2257 1624/3381/2254
f 2497/4255/2255 1624/3381/2254 751/2502/2253
f 2498/4256/2258 752/2503/2256 753/2504/2259
f 2498/4256/2258 753/2504/2259 1626/3383/2260
f 2498/4256/2258 1626/3383/2260 1625/3382/2257
f 2498/4256/2258 1625/3382/2257 752/2503/2256
f 2499/4257/2261 753/2504/2259 754/2505/2262
f 2499/4257/2261 754/2505/2262 1627/3384/2263
f 2499/4257/2261 1627/3384/2263 1626/3383/2260
f 2499/4257/2261 1626/3383/2260 753/2504/2259
f 2500/4258/2264 754/2505/2262 755/2506/2265
f 2500/4258/2264 755/2506/2265 1628/3385/2266
f 2500/4258/2264 1628/3385/2266 1627/3384/2263
f 2500/4258/2264 1627/3384/2263 754/2505/2262
f 2501/4259/2267 755/2506/2265 756/2507/2268
f 2501/4259/2267 756/2507/2268 1629/3386/2269
f 2501/4259/2267 1629/3386/2269 1628/3385/2266
f 2501/4259/2267 1628/3385/2266 755/2506/2265
f 2502/4260/2270 756/2507/2268 757/2508/2271
f 2502/4260/2270 757/2508/2271 1630/3387/2272
f 2502/4260/2270 1630/3387/2272 1629/3386/2269
f 2502/4260/2270 1629/3386/2269 756/2507/2268
f 2503/4261/2273 757/2508/2271 758/2509/2274
f 2503/4261/2273 758/2509/2274 1631/3388/2275
f 2503/4261/2273 1631/3388/2275 1630/3387/2272
f 2503/4261/2273 1630/3387/2272 757/2508/2271
f 2504/4262/2276 758/2509/2274 759/2510/2277
f 2504/4262/2276 759/2510/2277 1632/3389/2278
f 2504/4262/2276 1632/3389/2278 1631/3388/2275
f 2504/4262/2276 1631/3388/2275 758/2509/2274
f 2505/4263/2279 759/2510/2277 760/2511/2280
f 2505/4263/2279 760/2511/2280 1633/3390/2281
f 2505/4263/2279 1633/3390/2281 1632/3389/2278
f 2505/4263/2279 1632/3389/2278 759/2510/2277
f 2506/4264/2282 760/2511/2280 761/2512/2283
f 2506/4264/2282 761/2512/2283 1634/3391/2284
f 2506/4264/2282 1634/3391/2284 1633/3390/2281
f 2506/4264/2282 1633/3390/2281 760/2511/2280
f 2507/4265/2285 761/2512/2283 762/2513/2286
f 2507/4265/2285 762/2513/2286 1635/3392/2287
f 2507/4265/2285 1635/3392/2287 1634/3391/2284
f 2507/4265/2285 1634/3391/2284 761/2512/2283
f 2508/4266/2288 762/2513/2286 763/2514/2289
f 2508/4266/2288 763/2514/2289 1636/3393/2290
f 2508/4266/2288 1636/3393/2290 1635/3392/2287
f 2508/4266/2288 1635/3392/2287 762/2513/2286
f 2509/4267/2291 763/2514/2289 764/2515/2292
f 2509/4267/2291 764/2515/2292 1637/3394/2293
f 2509/4267/2291 1637/3394/2293 1636/3393/2290
f 2509/4267/2291 1636/3393/2290 763/2514/2289
f 2510/4268/2294 764/2515/2292 765/2516/2295
f 2510/4268/2294 765/2516/2295 1638/3395/2296
f 2510/4268/2294 1638/3395/2296 1637/3394/2293
f 2510/4268/2294 1637/3394/2293 764/2515/2292
f 2511/4269/2297 765/2516/2295 766/2517/2298
f 2511/4269/2297 766/2517/2298 1639/3396/2299
f 2511/4269/2297 1639/3396/2299 1638/3395/2296
f 2511/4269/2297 1638/3395/2296 765/2516/2295
f 2512/4270/2300 766/2517/2298 767/2518/2301
f 2512/4270/2300 767/2518/2301 1640/3397/2302
f 2512/4270/2300 1640/3397/2302 1639/3396/2299
f 2512/4270/2300 1639/3396/2299 766/2517/2298
f 2513/4271/2303 767/2518/2301 768/2519/2304
f 2513/4271/2303 768/2519/2304 1641/3398/2305
f 2513/4271/2303 1641/3398/2305 1640/3397/2302
f 2513/4271/2303 1640/3397/2302 767/2518/2301
f 2514/4272/2306 768/2519/2304 769/2520/2307
f 2514/4272/2306 769/2520/2307 1642/3399/2308
f 2514/4272/2306 1642/3399/2308 1641/3398/2305
f 2514/4272/2306 1641/3398/2305 768/2519/2304
f 2515/4273/2309 769/2520/2307 770/2521/2310
f 2515/4273/2309 770/2521/2310 1643/3400/2311
f 2515/4273/2309 1643/3400/2311 1642/3399/2308
f 2515/4273/2309 1642/3399/2308 769/2520/2307
f 2516/4274/2312 770/2521/2310 771/2522/2313
f 2516/4274/2312 771/2522/2313 1644/3401/2314
f 2516/4274/2312 1644/3401/2314 1643/3400/2311
f 2516/4274/2312 1643/3400/2311 770/2521/2310
f 2517/4275/2315 771/2522/2313 772/2523/2316
f 2517/4275/2315 772/2523/2316 1645/3402/2317
f 2517/4275/2315 1645/3402/2317 1644/3401/2314
f 2517/4275/2315 1644/3401/2314 771/2522/2313
f 2518/4276/2318 772/2523/2316 773/2524/2319
f 2518/4276/2318 773/2524/2319 1646/3403/2320
f 2518/4276/2318 1646/3403/2320 1645/3402/2317
f 2518/4276/2318 1645/3402/2317 772/2523/2316
f 2519/4277/2321 773/2524/2319 774/2525/2322
f 2519/4277/2321 774/2525/2322 1647/3404/2323
f 2519/4277/2321 1647/3404/2323 1646/3403/2320
f 2519/4277/2321 1646/3403/2320 773/2524/2319
f 2520/4278/2324 774/2525/2322 775/2526/2325
f 2520/4278/2324 775/2526/2325 1648/3405/2326
f 2520/4278/2324 1648/3405/2326 1647/3404/2323
f 2520/4278/2324 1647/3404/2323 774/2525/2322
f 2521/4279/2327 775/2526/2325 776/2527/2328
f 2521/4279/2327 776/2527/2328 1649/3406/2329
f 2521/4279/2327 1649/3406/2329 1648/3405/2326
f 2521/4279/2327 1648/3405/2326 775/2526/2325
f 2522/4280/2330 776/2527/2328 777/2528/2331
f 2522/4280/2330 777/2528/2331 1650/3407/2332
f 2522/4280/2330 1650/3407/2332 1649/3406/2329
f 2522/4280/2330 1649/3406/2329 776/2527/2328
f 2523/4281/2333 777/2528/2331 778/2529/2334
f 2523/4281/2333 778/2529/2334 1651/3408/2335
f 2523/4281/2333 1651/3408/2335 1650/3407/2332
f 2523/4281/2333 1650/3407/2332 777/2528/2331
f 2524/4282/2336 778/2529/2334 779/2530/2337
f 2524/4282/2336 779/2530/2337 1652/3409/2338
f 2524/4282/2336 1652/3409/2338 1651/3408/2335
f 2524/4282/2336 1651/3408/2335 778/2529/2334
f 2525/4283/2339 779/2530/2337 780/2531/2340
f 2525/4283/2339 780/2531/2340 1653/3410/2341
f 2525/4283/2339 1653/3410/2341 1652/3409/2338
f 2525/4283/2339 1652/3409/2338 779/2530/2337
f 2526/4284/2342 780/2531/2340 781/2532/2343
f 2526/4284/2342 781/2532/2343 1654/3411/2344
f 2526/4284/2342 1654/3411/2344 1653/3410/2341
f 2526/4284/2342 1653/3410/2341 780/2531/2340
f 2527/4285/2345 781/2532/2343 782/2533/2346
f 2527/4285/2345 782/2533/2346 1655/3412/2347
f 2527/4285/2345 1655/3412/2347 1654/3411/2344
f 2527/4285/2345 1654/3411/2344 781/2532/2343
f 2528/4286/2348 782/2533/2346 783/2534/2349
f 2528/4286/2348 783/2534/2349 1656/3413/2350
f 2528/4286/2348 1656/3413/2350 1655/3412/2347
f 2528/4286/2348 1655/3412/2347 782/2533/2346
f 2529/4287/2351 783/2534/2349 784/2535/2352
f 2529/4287/2351 784/2535/2352 1657/3414/2353
f 2529/4287/2351 1657/3414/2353 1656/3413/2350
f 2529/4287/2351 1656/3413/2350 783/2534/2349
f 2530/4288/2354 784/2535/2352 785/2536/2355
f 2530/4288/2354 785/2536/2355 1658/3415/2356
f 2530/4288/2354 1658/3415/2356 1657/3414/2353
f 2530/4288/2354 1657/3414/2353 784/2535/2352
f 2531/4289/2357 785/2536/2355 786/2537/2358
f 2531/4289/2357 786/2537/2358 1659/3416/2359
f 2531/4289/2357 1659/3416/2359 1658/3415/2356
f 2531/4289/2357 1658/3415/2356 785/2536/2355
f 2532/4290/2360 786/2537/2358 787/2538/2361
f 2532/4290/2360 787/2538/2361 1660/3417/2362
f 2532/4290/2360 1660/3417/2362 1659/3416/2359
f 2532/4290/2360 1659/3416/2359 786/2537/2358
f 2533/4291/2363 787/2538/2361 788/2539/2364
f 2533/4291/2363 788/2539/2364 1661/3418/2365
f 2533/4291/2363 1661/3418/2365 1660/3417/2362
f 2533/4291/2363 1660/3417/2362 787/2538/2361
f 2534/4292/2366 788/2539/2364 789/2540/2367
f 2534/4292/2366 789/2540/2367 1662/3419/2368
f 2534/4292/2366 1662/3419/2368 1661/3418/2365
f 2534/4292/2366 1661/3418/2365 788/2539/2364
f 2535/4293/2369 789/2540/2367 790/2541/2370
f 2535/4293/2369 790/2541/2370 1663/3420/2371
f 2535/4293/2369 1663/3420/2371 1662/3419/2368
f 2535/4293/2369 1662/3419/2368 789/2540/2367
f 2536/4294/2372 790/2541/2370 791/2542/2373
f 2536/4294/2372 791/2542/2373 1664/3421/2374
f 2536/4294/2372 1664/3421/2374 1663/3420/2371
f 2536/4294/2372 1663/3420/2371 790/2541/2370
f 2537/4295/2375 791/2542/2373 792/2543/2376
f 2537/4295/2375 792/2543/2376 1665/3422/2377
f 2537/4295/2375 1665/3422/2377 1664/3421/2374
f 2537/4295/2375 1664/3421/2374 791/2542/2373
f 2538/4296/2378 792/2543/2376 793/2544/2379
f 2538/4296/2378 793/2544/2379 1666/3423/2380
f 2538/4296/2378 1666/3423/2380 1665/3422/2377
f 2538/4296/2378 1665/3422/2377 792/2543/2376
f 2539/4297/2381 793/2544/2379 794/2545/2382
f 2539/4297/2381 794/2545/2382 1667/3424/2383
f 2539/4297/2381 1667/3424/2383 1666/3423/2380
f 2539/4297/2381 1666/3423/2380 793/2544/2379
f 2540/4298/2384 794/2545/2382 795/2546/2385
f 2540/4298/2384 795/2546/2385 1668/3425/2386
f 2540/4298/2384 1668/3425/2386 1667/3424/2383
f 2540/4298/2384 1667/3424/2383 794/2545/2382
f 2541/4299/2387 795/2546/2385 796/2547/2388
f 2541/4299/2387 796/2547/2388 1669/3426/2389
f 2541/4299/2387 1669/3426/2389 1668/3425/2386
f 2541/4299/2387 1668/3425/2386 795/2546/2385
f 2542/4300/2390 796/2547/2388 797/2548/2391
f 2542/4300/2390 797/2548/2391 1670/3427/2392
f 2542/4300/2390 1670/3427/2392 1669/3426/2389
f 2542/4300/2390 1669/3426/2389 796/2547/2388
f 2543/4301/2393 797/2548/2391 798/2549/2394
f 2543/4301/2393 798/2549/2394 1671/3428/2395
f 2543/4301/2393 1671/3428/2395 1670/3427/2392
f 2543/4301/2393 1670/3427/2392 797/2548/2391
f 2544/4302/2396 798/2549/2394 799/2550/2397
f 2544/4302/2396 799/2550/2397 1672/3429/2398
f 2544/4302/2396 1672/3429/2398 1671/3428/2395
f 2544/4302/2396 1671/3428/2395 798/2549/2394
f 2545/4303/2399 799/2550/2397 800/2551/2400
f 2545/4303/2399 800/2551/2400 1673/3430/2401
f 2545/4303/2399 1673/3430/2401 1672/3429/2398
f 2545/4303/2399 1672/3429/2398 799/2550/2397
f 2546/4304/2402 800/2551/2400 801/2552/2403
f 2546/4304/2402 801/2552/2403 1674/3431/2404
f 2546/4304/2402 1674/3431/2404 1673/3430/2401
f 2546/4304/2402 1673/3430/2401 800/2551/2400
f 2547/4305/2405 801/2552/2403 802/2553/2406
f 2547/4305/2405 802/2553/2406 1675/3432/2407
f 2547/4305/2405 1675/3432/2407 1674/3431/2404
f 2547/4305/2405 1674/3431/2404 801/2552/2403
f 2548/4306/2408 802/2553/2406 803/2554/2409
f 2548/4306/2408 803/2554/2409 1676/3433/2410
f 2548/4306/2408 1676/3433/2410 1675/3432/2407
f 2548/4306/2408 1675/3432/2407 802/2553/2406
f 2549/4307/2411 803/2554/2409 804/2555/2412
f 2549/4307/2411 804/2555/2412 1677/3434/2413
f 2549/4307/2411 1677/3434/2413 1676/3433/2410
f 2549/4307/2411 1676/3433/2410 803/2554/2409
f 2550/4308/2414 804/2555/2412 805/2556/2415
f 2550/4308/2414 805/2556/2415 1678/3435/2416
f 2550/4308/2414 1678/3435/2416 1677/3434/2413
f 2550/4308/2414 1677/3434/2413 804/2555/2412
f 2551/4309/2417 805/2556/2415 806/2557/2418
f 2551/4309/2417 806/2557/2418 1679/3436/2419
f 2551/4309/2417 1679/3436/2419 1678/3435/2416
f 2551/4309/2417 1678/3435/2416 805/2556/2415
f 2552/4310/2420 806/2557/2418 807/2558/2421
f 2552/4310/2420 807/2558/2421 1680/3437/2422
f 2552/4310/2420 1680/3437/2422 1679/3436/2419
f 2552/4310/2420 1679/3436/2419 806/2557/2418
f 2553/4311/2423 807/2558/2421 808/2559/2424
f 2553/4311/2423 808/2559/2424 1681/3438/2425
f 2553/4311/2423 1681/3438/2425 1680/3437/2422
f 2553/4311/2423 1680/3437/2422 807/2558/2421
f 2554/4312/2426 808/2559/2424 809/2560/2427
f 2554/4312/2426 809/2560/2427 1682/3439/2428
f 2554/4312/2426 1682/3439/2428 1681/3438/2425
f 2554/4312/2426 1681/3438/2425 808/2559/2424
f 2555/4313/2429 809/2560/2427 810/2561/2430
f 2555/4313/2429 810/2561/2430 1683/3440/2431
f 2555/4313/2429 1683/3440/2431 1682/3439/2428
f 2555/4313/2429 1682/3439/2428 809/2560/2427
f 2556/4314/2432 810/2561/2430 811/2562/2433
f 2556/4314/2432 811/2562/2433 1684/3441/2434
f 2556/4314/2432 1684/3441/2434 1683/3440/2431
f 2556/4314/2432 1683/3440/2431 810/2561/2430
f 2557/4315/2435 811/2562/2433 812/2563/2436
f 2557/4315/2435 812/2563/2436 1685/3442/2437
f 2557/4315/2435 1685/3442/2437 1684/3441/2434
f 2557/4315/2435 1684/3441/2434 811/2562/2433
f 2558/4316/2438 812/2563/2436 813/2564/2439
f 2558/4316/2438 813/2564/2439 1686/3443/2440
f 2558/4316/2438 1686/3443/2440 1685/3442/2437
f 2558/4316/2438 1685/3442/2437 812/2563/2436
f 2559/4317/2441 813/2564/2439 814/2565/2442
f 2559/4317/2441 814/2565/2442 1687/3444/2443
f 2559/4317/2441 1687/3444/2443 1686/3443/2440
f 2559/4317/2441 1686/3443/2440 813/2564/2439
f 2560/4318/2444 814/2565/2442 815/2566/2445
f 2560/4318/2444 815/2566/2445 1688/3445/2446
f 2560/4318/2444 1688/3445/2446 1687/3444/2443
f 2560/4318/2444 1687/3444/2443 814/2565/2442
f 2561/4319/2447 815/2566/2445 816/2567/2448
f 2561/4319/2447 816/2567/2448 1689/3446/2449
f 2561/4319/2447 1689/3446/2449 1688/3445/2446
f 2561/4319/2447 1688/3445/2446 815/2566/2445
f 2562/4320/2450 816/2567/2448 817/2568/2451
f 2562/4320/2450 817/2568/2451 1690/3447/2452
f 2562/4320/2450 1690/3447/2452 1689/3446/2449
f 2562/4320/2450 1689/3446/2449 816/2567/2448
f 2563/4321/2453 817/2568/2451 818/2569/2454
f 2563/4321/2453 818/2569/2454 1691/3448/2455
f 2563/4321/2453 1691/3448/2455 1690/3447/2452
f 2563/4321/2453 1690/3447/2452 817/2568/2451
f 2564/4322/2456 818/2569/2454 819/2570/2457
f 2564/4322/2456 819/2570/2457 1692/3449/2458
f 2564/4322/2456 1692/3449/2458 1691/3448/2455
f 2564/4322/2456 1691/3448/2455 818/2569/2454
f 2565/4323/2459 819/2570/2457 820/2571/2460
f 2565/4323/2459 820/2571/2460 1693/3450/2461
f 2565/4323/2459 1693/3450/2461 1692/3449/2458
f 2565/4323/2459 1692/3449/2458 819/2570/2457
f 2566/4324/2462 820/2571/2460 821/2572/2463
f 2566/4324/2462 821/2572/2463 1694/3451/2464
f 2566/4324/2462 1694/3451/2464 1693/3450/2461
f 2566/4324/2462 1693/3450/2461 820/2571/2460
f 2567/4325/2465 821/2572/2463 822/2573/2466
f 2567/4325/2465 822/2573/2466 1695/3452/2467
f 2567/4325/2465 1695/3452/2467 1694/3451/2464
f 2567/4325/2465 1694/3451/2464 821/2572/2463
f 2568/4326/2468 822/2573/2466 823/2574/2469
f 2568/4326/2468 823/2574/2469 1696/3453/2470
f 2568/4326/2468 1696/3453/2470 1695/3452/2467
f 2568/4326/2468 1695/3452/2467 822/2573/2466
f 2569/4327/2471 823/2574/2469 824/2575/2472
f 2569/4327/2471 824/2575/2472 1697/3454/2473
f 2569/4327/2471 1697/3454/2473 1696/3453/2470
f 2569/4327/2471 1696/3453/2470 823/2574/2469
f 2570/4328/2474 824/2575/2472 825/2576/2475
f 2570/4328/2474 825/2576/2475 1698/3455/2476
f 2570/4328/2474 1698/3455/2476 1697/3454/2473
f 2570/4328/2474 1697/3454/2473 824/2575/2472
f 2571/4329/2477 825/2576/2475 826/2577/2478
f 2571/4329/2477 826/2577/2478 1699/3456/2479
f 2571/4329/2477 1699/3456/2479 1698/3455/2476
f 2571/4329/2477 1698/3455/2476 825/2576/2475
f 2572/4330/2480 826/2577/2478 827/2578/2481
f 2572/4330/2480 827/2578/2481 1700/3457/2482
f 2572/4330/2480 1700/3457/2482 1699/3456/2479
f 2572/4330/2480 1699/3456/2479 826/2577/2478
f 2573/4331/2483 827/2578/2481 828/2579/2484
f 2573/4331/2483 828/2579/2484 1701/3458/2485
f 2573/4331/2483 1701/3458/2485 1700/3457/2482
f 2573/4331/2483 1700/3457/2482 827/2578/2481
f 2574/4332/2486 828/2579/2484 829/2580/2487
f 2574/4332/2486 829/2580/2487 1702/3459/2488
f 2574/4332/2486 1702/3459/2488 1701/3458/2485
f 2574/4332/2486 1701/3458/2485 828/2579/2484
f 2575/4333/2489 829/2580/2487 830/2581/2490
f 2575/4333/2489 830/2581/2490 1703/3460/2491
f 2575/4333/2489 1703/3460/2491 1702/3459/2488
f 2575/4333/2489 1702/3459/2488 829/2580/2487
f 2576/4334/2492 830/2581/2490 831/2582/2493
f 2576/4334/2492 831/2582/2493 1704/3461/2494
f 2576/4334/2492 1704/3461/2494 1703/3460/2491
f 2576/4334/2492 1703/3460/2491 830/2581/2490
f 2577/4335/2495 831/2582/2493 832/2583/2496
f 2577/4335/2495 832/2583/2496 1705/3462/2497
f 2577/4335/2495 1705/3462/2497 1704/3461/2494
f 2577/4335/2495 1704/3461/2494 831/2582/2493
f 2578/4336/2498 832/2583/2496 833/2584/2499
f 2578/4336/2498 833/2584/2499 1706/3463/2500
f 2578/4336/2498 1706/3463/2500 1705/3462/2497
f 2578/4336/2498 1705/3462/2497 832/2583/2496
f 2579/4337/2501 833/2584/2499 834/2585/2502
f 2579/4337/2501 834/2585/2502 1707/3464/2503
f 2579/4337/2501 1707/3464/2503 1706/3463/2500
f 2579/4337/2501 1706/3463/2500 833/2584/2499
f 2580/4338/2504 834/2585/2502 835/2586/2505
f 2580/4338/2504 835/2586/2505 1708/3465/2506
f 2580/4338/2504 1708/3465/2506 1707/3464/2503
f 2580/4338/2504 1707/3464/2503 834/2585/2502
f 2581/4339/2507 835/2586/2505 836/2587/2508
f 2581/4339/2507 836/2587/2508 1709/3466/2509
f 2581/4339/2507 1709/3466/2509 1708/3465/2506
f 2581/4339/2507 1708/3465/2506 835/2586/2505
f 2582/4340/2510 836/2587/2508 837/2588/2511
f 2582/4340/2510 837/2588/2511 1710/3467/2512
f 2582/4340/2510 1710/3467/2512 1709/3466/2509
f 2582/4340/2510 1709/3466/2509 836/2587/2508
f 2583/4341/2513 837/2588/2511 838/2589/2514
f 2583/4341/2513 838/2589/2514 1711/3468/2515
f 2583/4341/2513 1711/3468/2515 1710/3467/2512
f 2583/4341/2513 1710/3467/2512 837/2588/2511
f 2584/4342/2516 838/2589/2514 839/2590/2517
f 2584/4342/2516 839/2590/2517 1712/3469/2518
f 2584/4342/2516 1712/3469/2518 1711/3468/2515
f 2584/4342/2516 1711/3468/2515 838/2589/2514
f 2585/4343/2519 839/2590/2517 840/2591/2520
f 2585/4343/2519 840/2591/2520 1713/3470/2521
f 2585/4343/2519 1713/3470/2521 1712/3469/2518
f 2585/4343/2519 1712/3469/2518 839/2590/2517
f 2586/4344/2522 840/2591/2520 841/2592/2523
f 2586/4344/2522 841/2592/2523 1714/3471/2524
f 2586/4344/2522 1714/3471/2524 1713/3470/2521
f 2586/4344/2522 1713/3470/2521 840/2591/2520
f 2587/4345/2525 841/2592/2523 842/2593/2526
f 2587/4345/2525 842/2593/2526 1715/3472/2527
f 2587/4345/2525 1715/3472/2527 1714/3471/2524
f 2587/4345/2525 1714/3471/2524 841/2592/2523
f 2588/4346/2528 842/2593/2526 843/2594/2529
f 2588/4346/2528 843/2594/2529 1716/3473/2530
f 2588/4346/2528 1716/3473/2530 1715/3472/2527
f 2588/4346/2528 1715/3472/2527 842/2593/2526
f 2589/4347/2531 843/2594/2529 844/2595/2532
f 2589/4347/2531 844/2595/2532 1717/3474/2533
f 2589/4347/2531 1717/3474/2533 1716/3473/2530
f 2589/4347/2531 1716/3473/2530 843/2594/2529
f 2590/4348/2534 844/2595/2532 845/2596/2535
f 2590/4348/2534 845/2596/2535 1718/3475/2536
f 2590/4348/2534 1718/3475/2536 1717/3474/2533
f 2590/4348/2534 1717/3474/2533 844/2595/2532
f 2591/4349/2537 845/2596/2535 846/2597/2538
f 2591/4349/2537 846/2597/2538 1719/3476/2539
f 2591/4349/2537 1719/3476/2539 1718/3475/2536
f 2591/4349/2537 1718/3475/2536 845/2596/2535
f 2592/4350/2540 846/2597/2538 847/2598/2541
f 2592/4350/2540 847/2598/2541 1720/3477/2542
f 2592/4350/2540 1720/3477/2542 1719/3476/2539
f 2592/4350/2540 1719/3476/2539 846/2597/2538
f 2593/4351/2543 847/2598/2541 848/2599/2544
f 2593/4351/2543 848/2599/2544 1721/3478/2545
f 2593/4351/2543 1721/3478/2545 1720/3477/2542
f 2593/4351/2543 1720/3477/2542 847/2598/2541
f 2594/4352/2546 848/2599/2544 849/2600/2547
f 2594/4352/2546 849/2600/2547 1722/3479/2548
f 2594/4352/2546 1722/3479/2548 1721/3478/2545
f 2594/4352/2546 1721/3478/2545 848/2599/2544
f 2595/4353/2549 849/2600/2547 850/2601/2550
f 2595/4353/2549 850/2601/2550 1723/3480/2551
f 2595/4353/2549 1723/3480/2551 1722/3479/2548
f 2595/4353/2549 1722/3479/2548 849/2600/2547
f 2596/4354/2552 850/2601/2550 851/2602/2553
f 2596/4354/2552 851/2602/2553 1724/3481/2554
f 2596/4354/2552 1724/3481/2554 1723/3480/2551
f 2596/4354/2552 1723/3480/2551 850/2601/2550
f 2597/4355/2555 851/2602/2553 852/2603/2556
f 2597/4355/2555 852/2603/2556 1725/3482/2557
f 2597/4355/2555 1725/3482/2557 1724/3481/2554
f 2597/4355/2555 1724/3481/2554 851/2602/2553
f 2598/4356/2558 852/2603/2556 853/2604/2559
f 2598/4356/2558 853/2604/2559 1726/3483/2560
f 2598/4356/2558 1726/3483/2560 1725/3482/2557
f 2598/4356/2558 1725/3482/2557 852/2603/2556
f 2599/4357/2561 853/2604/2559 854/2605/2562
f 2599/4357/2561 854/2605/2562 1727/3484/2563
f 2599/4357/2561 1727/3484/2563 1726/3483/2560
f 2599/4357/2561 1726/3483/2560 853/2604/2559
f 2600/4358/2564 854/2605/2562 855/2606/2565
f 2600/4358/2564 855/2606/2565 1728/3485/2566
f 2600/4358/2564 1728/3485/2566 1727/3484/2563
f 2600/4358/2564 1727/3484/2563 854/2605/2562
f 2601/4359/2567 855/2606/2565 856/2607/2568
f 2601/4359/2567 856/2607/2568 1729/3486/2569
f 2601/4359/2567 1729/3486/2569 1728/3485/2566
f 2601/4359/2567 1728/3485/2566 855/2606/2565
f 2602/4360/2570 856/2607/2568 857/2608/2571
f 2602/4360/2570 857/2608/2571 1730/3487/2572
f 2602/4360/2570 1730/3487/2572 1729/3486/2569
f 2602/4360/2570 1729/3486/2569 856/2607/2568
f 2603/4361/2573 857/2608/2571 858/2609/2574
f 2603/4361/2573 858/2609/2574 1731/3488/2575
f 2603/4361/2573 1731/3488/2575 1730/3487/2572
f 2603/4361/2573 1730/3487/2572 857/2608/2571
f 2604/4362/2576 858/2609/2574 859/2610/2577
f 2604/4362/2576 859/2610/2577 1732/3489/2578
f 2604/4362/2576 1732/3489/2578 1731/3488/2575
f 2604/4362/2576 1731/3488/2575 858/2609/2574
f 2605/4363/2579 859/2610/2577 860/2611/2580
f 2605/4363/2579 860/2611/2580 1733/3490/2581
f 2605/4363/2579 1733/3490/2581 1732/3489/2578
f 2605/4363/2579 1732/3489/2578 859/2610/2577
f 2606/4364/2582 860/2611/2580 861/2612/2583
f 2606/4364/2582 861/2612/2583 1734/3491/2584
f 2606/4364/2582 1734/3491/2584 1733/3490/2581
f 2606/4364/2582 1733/3490/2581 860/2611/2580
f 2607/4365/2585 861/2612/2583 862/2613/2586
f 2607/4365/2585 862/2613/2586 1735/3492/2587
f 2607/4365/2585 1735/3492/2587 1734/3491/2584
f 2607/4365/2585 1734/3491/2584 861/2612/2583
f 2608/4366/2588 862/2613/2586 863/2614/2589
f 2608/4366/2588 863/2614/2589 1736/3493/2590
f 2608/4366/2588 1736/3493/2590 1735/3492/2587
f 2608/4366/2588 1735/3492/2587 862/2613/2586
f 2609/4367/2591 863/2614/2589 864/2615/2592
f 2609/4367/2591 864/2615/2592 1737/3494/2593
f 2609/4367/2591 1737/3494/2593 1736/3493/2590
f 2609/4367/2591 1736/3493/2590 863/2614/2589
f 2610/4368/2594 864/2615/2592 865/2616/2595
f 2610/4368/2594 865/2616/2595 1738/3495/2596
f 2610/4368/2594 1738/3495/2596 1737/3494/2593
f 2610/4368/2594 1737/3494/2593 864/2615/2592
f 2611/4369/2597 865/2616/2595 866/2617/2598
f 2611/4369/2597 866/2617/2598 1739/3496/2599
f 2611/4369/2597 1739/3496/2599 1738/3495/2596
f 2611/4369/2597 1738/3495/2596 865/2616/2595
f 2612/4370/2600 866/2617/2598 867/2618/2601
f 2612/4370/2600 867/2618/2601 1740/3497/2602
f 2612/4370/2600 1740/3497/2602 1739/3496/2599
f 2612/4370/2600 1739/3496/2599 866/2617/2598
f 2613/4371/2603 867/2618/2601 868/2619/2604
f 2613/4371/2603 868/2619/2604 1741/3498/2605
f 2613/4371/2603 1741/3498/2605 1740/3497/2602
f 2613/4371/2603 1740/3497/2602 867/2618/2601
f 2614/4372/2606 868/2619/2604 869/2620/2607
f 2614/4372/2606 869/2620/2607 1742/3499/2608
f 2614/4372/2606 1742/3499/2608 1741/3498/2605
f 2614/4372/2606 1741/3498/2605 868/2619/2604
f 2615/4373/2609 869/2620/2607 870/2621/2610
f 2615/4373/2609 870/2621/2610 1743/3500/2611
f 2615/4373/2609 1743/3500/2611 1742/3499/2608
f 2615/4373/2609 1742/3499/2608 869/2620/2607
f 2616/4374/2612 870/2621/2610 871/2622/2613
f 2616/4374/2612 871/2622/2613 1744/3501/2614
f 2616/4374/2612 1744/3501/2614 1743/3500/2611
f 2616/4374/2612 1743/3500/2611 870/2621/2610
f 2617/4375/2615 871/2622/2613 872/2623/2616
f 2617/4375/2615 872/2623/2616 1745/3502/2617
f 2617/4375/2615 1745/3502/2617 1744/3501/2614
f 2617/4375/2615 1744/3501/2614 871/2622/2613
f 2618/4376/2618 872/2623/2616 873/2624/2619
f 2618/4376/2618 873/2624/2619 1746/3503/2620
f 2618/4376/2618 1746/3503/2620 1745/3502/2617
f 2618/4376/2618 1745/3502/2617 872/2623/2616
f 2619/4377/2621 873/2624/2619 1/2625/4
f 2619/4377/2621 1/2625/4 874/3504/7
f 2619/4377/2621 874/3504/7 1746/3503/2620
f 2619/4377/2621 1746/3503/2620 873/2624/2619
